user_id,user_active_degree,is_lowactive_period,is_live_streamer,is_video_author,follow_user_num,follow_user_num_range,fans_user_num,fans_user_num_range,friend_user_num,friend_user_num_range,register_days,register_days_range,onehot_feat0,onehot_feat1,onehot_feat2,onehot_feat3,onehot_feat4,onehot_feat5,onehot_feat6,onehot_feat7,onehot_feat8,onehot_feat9,onehot_feat10,onehot_feat11,onehot_feat12,onehot_feat13,onehot_feat14,onehot_feat15,onehot_feat16,onehot_feat17
12,middle_active,0,-124,1,420,"(250,500]",254,"[100,1k)",229,"[120,250)",1092,730+,0,3,19,648,2.0,0,1,2,399,4,0,0,0.0,0.0,0.0,0.0,0.0,0.0
24,middle_active,0,-124,1,266,"(250,500]",454,"[100,1k)",262,250+,1849,730+,0,1,29,920,1.0,0,1,8,181,2,2,0,1.0,0.0,0.0,0.0,0.0,0.0
32,middle_active,0,-124,1,1486,500+,4,"[1,10)",1,"[1,5)",1311,730+,1,1,2,1136,2.0,0,1,21,157,3,0,1,1.0,0.0,1.0,0.0,0.0,0.0
47,full_active,0,-124,1,506,500+,460,"[100,1k)",239,"[120,250)",524,366-730,0,5,19,606,1.0,0,1,5,352,6,2,0,1.0,1.0,0.0,0.0,0.0,0.0
49,high_active,0,-124,1,196,"(150,250]",8,"[1,10)",4,"[1,5)",233,181-365,1,4,11,986,0.0,0,0,31,275,5,0,0,1.0,0.0,1.0,0.0,0.0,0.0
52,full_active,0,-124,0,51,"(50,100]",5,"[1,10)",0,0,1183,730+,1,6,10,114,0.0,0,0,13,188,3,0,0,1.0,0.0,1.0,0.0,0.0,0.0
55,full_active,0,-124,1,71,"(50,100]",75,"[10,100)",45,"[30,60)",191,181-365,0,1,29,1297,1.0,0,1,8,200,5,0,0,1.0,0.0,1.0,0.0,0.0,0.0
62,middle_active,0,-124,1,443,"(250,500]",556,"[100,1k)",443,250+,295,181-365,0,1,29,904,2.0,0,1,18,362,6,3,0,1.0,0.0,0.0,0.0,0.0,0.0
63,low_active,0,-124,1,274,"(250,500]",5,"[1,10)",2,"[1,5)",1744,730+,1,2,29,1302,1.0,0,0,7,40,1,3,0,1.0,0.0,0.0,0.0,0.0,0.0
64,middle_active,0,-124,1,10,"(0,10]",152,"[100,1k)",5,"[5,30)",1014,730+,1,4,29,958,1.0,0,0,15,93,6,4,0,0.0,0.0,0.0,0.0,0.0,0.0
66,full_active,0,1,1,1595,500+,641,"[100,1k)",609,250+,1849,730+,1,5,10,844,1.0,0,0,19,111,6,0,0,1.0,0.0,0.0,0.0,0.0,0.0
75,full_active,0,1,1,150,"(100,150]",266,"[100,1k)",139,"[120,250)",1870,730+,1,4,19,628,1.0,0,1,32,33,2,2,0,0.0,0.0,0.0,0.0,0.0,0.0
79,full_active,0,-124,1,65,"(50,100]",47,"[10,100)",36,"[30,60)",1931,730+,0,2,2,1171,5.0,0,1,44,46,6,4,2,1.0,0.0,0.0,0.0,0.0,0.0
87,high_active,0,-124,0,9,"(0,10]",0,0,0,0,105,91-180,1,1,19,601,1.0,0,1,5,31,6,0,0,0.0,1.0,0.0,0.0,0.0,0.0
89,high_active,0,-124,1,53,"(50,100]",32,"[10,100)",14,"[5,30)",845,730+,1,5,29,1348,0.0,0,1,44,289,5,2,0,1.0,0.0,0.0,0.0,0.0,0.0
91,full_active,0,-124,1,1454,500+,89,"[10,100)",62,"[60,120)",917,730+,0,5,10,1009,3.0,0,0,22,186,3,0,0,1.0,0.0,0.0,0.0,0.0,0.0
93,middle_active,0,-124,0,3,"(0,10]",0,0,0,0,73,61-90,1,4,19,628,1.0,0,1,43,20,0,0,0,1.0,0.0,0.0,0.0,0.0,0.0
96,high_active,0,-124,1,125,"(100,150]",43,"[10,100)",38,"[30,60)",2611,730+,1,3,19,599,2.0,0,1,20,85,4,2,0,1.0,0.0,0.0,0.0,0.0,0.0
100,full_active,0,-124,1,259,"(250,500]",277,"[100,1k)",237,"[120,250)",944,730+,0,1,29,897,2.0,0,0,31,275,5,2,0,1.0,0.0,0.0,0.0,0.0,0.0
101,full_active,0,1,1,184,"(150,250]",361,"[100,1k)",112,"[60,120)",1676,730+,0,4,19,617,3.0,0,0,7,176,1,4,0,1.0,0.0,0.0,0.0,0.0,0.0
105,full_active,0,-124,1,126,"(100,150]",2,"[1,10)",1,"[1,5)",542,366-730,0,2,2,1160,4.0,0,1,20,218,5,2,2,1.0,0.0,0.0,0.0,0.0,0.0
114,full_active,0,-124,1,1220,500+,76,"[10,100)",64,"[60,120)",609,366-730,1,4,2,1153,4.0,0,0,13,333,6,0,2,0.0,0.0,0.0,0.0,0.0,0.0
116,full_active,0,1,1,281,"(250,500]",14964,"[1w,10w)",86,"[60,120)",2553,730+,0,4,33,1416,2.0,0,0,24,403,1,4,0,1.0,0.0,1.0,0.0,0.0,0.0
125,full_active,0,-124,1,105,"(100,150]",41,"[10,100)",17,"[5,30)",1470,730+,0,1,2,1152,3.0,0,1,21,91,5,4,0,1.0,0.0,0.0,0.0,0.0,0.0
149,full_active,0,-124,1,163,"(150,250]",26,"[10,100)",16,"[5,30)",2198,730+,1,2,10,129,2.0,0,1,8,294,6,3,0,1.0,0.0,0.0,0.0,1.0,0.0
163,full_active,0,1,1,120,"(100,150]",89,"[10,100)",57,"[30,60)",2394,730+,1,2,10,118,3.0,0,1,43,221,4,2,0,1.0,0.0,0.0,0.0,0.0,0.0
187,full_active,0,1,1,771,500+,497,"[100,1k)",417,250+,916,730+,1,3,2,1159,3.0,0,0,7,323,1,3,2,1.0,0.0,0.0,0.0,0.0,0.0
190,high_active,0,-124,0,220,"(150,250]",55,"[10,100)",46,"[30,60)",1669,730+,1,5,29,949,1.0,0,0,24,380,1,2,0,1.0,1.0,1.0,0.0,0.0,0.0
193,full_active,0,1,1,158,"(150,250]",97,"[10,100)",9,"[5,30)",2425,730+,0,2,20,455,3.0,0,0,22,186,3,2,0,1.0,0.0,0.0,0.0,0.0,0.0
210,full_active,0,-124,1,569,500+,560,"[100,1k)",560,250+,261,181-365,1,1,29,892,0.0,0,1,34,80,1,3,0,0.0,0.0,0.0,0.0,0.0,0.0
218,full_active,0,1,1,75,"(50,100]",84,"[10,100)",52,"[30,60)",1190,730+,1,2,29,1321,1.0,0,0,1,82,2,2,0,0.0,0.0,0.0,0.0,0.0,0.0
224,low_active,0,-124,1,31,"(10,50]",19,"[10,100)",8,"[5,30)",148,91-180,1,0,19,525,0.0,0,0,42,50,6,2,0,0.0,0.0,0.0,0.0,0.0,0.0
226,full_active,0,1,1,79,"(50,100]",120,"[100,1k)",75,"[60,120)",507,366-730,1,2,19,642,1.0,0,1,34,328,3,3,0,1.0,0.0,0.0,0.0,1.0,0.0
233,full_active,0,-124,1,958,500+,163,"[100,1k)",106,"[60,120)",1132,730+,1,4,10,322,5.0,0,0,26,108,1,3,0,1.0,0.0,0.0,0.0,0.0,0.0
239,high_active,0,-124,0,3,"(0,10]",0,0,0,0,994,730+,0,1,19,600,2.0,0,1,44,289,5,0,0,1.0,0.0,0.0,0.0,0.0,0.0
241,full_active,0,-124,1,171,"(150,250]",8,"[1,10)",5,"[5,30)",1510,730+,1,3,10,867,0.0,0,0,31,299,6,2,0,0.0,0.0,1.0,0.0,0.0,0.0
244,full_active,0,-124,1,477,"(250,500]",1278,"[1k,5k)",166,"[120,250)",1816,730+,1,4,19,569,1.0,0,0,7,40,1,3,0,0.0,0.0,0.0,0.0,0.0,0.0
254,high_active,0,-124,1,14,"(10,50]",5,"[1,10)",0,0,1702,730+,1,1,19,625,2.0,0,0,15,214,6,0,0,1.0,1.0,0.0,0.0,0.0,0.0
255,high_active,0,-124,1,30,"(10,50]",3,"[1,10)",0,0,68,61-90,1,4,19,620,1.0,0,0,42,63,1,0,0,1.0,0.0,0.0,0.0,0.0,0.0
266,full_active,0,1,1,396,"(250,500]",169,"[100,1k)",59,"[30,60)",1864,730+,0,4,10,287,1.0,0,0,24,357,3,3,0,,,,,,
269,full_active,0,-124,0,37,"(10,50]",0,0,0,0,307,181-365,1,1,19,595,1.0,0,0,13,392,6,4,0,1.0,0.0,0.0,0.0,0.0,0.0
272,full_active,0,1,1,681,500+,163,"[100,1k)",0,0,2155,730+,0,3,10,261,6.0,0,0,15,394,4,2,0,1.0,0.0,0.0,0.0,1.0,0.0
275,full_active,0,-124,1,63,"(50,100]",49,"[10,100)",29,"[5,30)",2065,730+,1,4,29,886,1.0,0,0,22,412,5,4,0,0.0,1.0,0.0,0.0,0.0,0.0
284,middle_active,0,-124,1,143,"(100,150]",38,"[10,100)",20,"[5,30)",1034,730+,0,1,29,950,1.0,0,0,15,438,3,3,0,1.0,0.0,0.0,0.0,0.0,0.0
285,full_active,0,-124,1,767,500+,35,"[10,100)",21,"[5,30)",1856,730+,1,1,10,240,0.0,0,0,13,117,6,2,0,0.0,0.0,0.0,0.0,0.0,0.0
290,high_active,0,-124,0,61,"(50,100]",4,"[1,10)",2,"[1,5)",1132,730+,0,5,19,583,1.0,0,0,13,67,6,3,0,1.0,0.0,0.0,0.0,0.0,0.0
312,full_active,0,-124,0,180,"(150,250]",16,"[10,100)",3,"[1,5)",2021,730+,0,4,19,646,2.0,0,1,0,417,6,3,0,0.0,0.0,1.0,0.0,0.0,0.0
326,high_active,0,-124,0,11,"(10,50]",3,"[1,10)",0,0,1094,730+,0,3,10,852,4.0,0,0,15,394,4,0,0,1.0,0.0,0.0,0.0,0.0,0.0
328,high_active,0,-124,1,1249,500+,104,"[100,1k)",96,"[60,120)",1534,730+,1,1,19,514,0.0,0,1,5,89,6,4,0,1.0,0.0,0.0,0.0,0.0,0.0
329,low_active,0,-124,1,861,500+,307,"[100,1k)",207,"[120,250)",602,366-730,1,1,10,277,1.0,0,1,44,121,5,4,0,1.0,0.0,1.0,0.0,0.0,0.0
351,full_active,0,-124,1,663,500+,55,"[10,100)",50,"[30,60)",814,730+,0,5,10,172,1.0,0,1,8,344,6,3,0,0.0,0.0,0.0,0.0,0.0,0.0
356,full_active,0,1,1,729,500+,341,"[100,1k)",30,"[30,60)",1706,730+,0,4,2,1152,3.0,0,0,13,330,5,3,2,1.0,0.0,0.0,0.0,0.0,0.0
361,high_active,0,-124,1,195,"(150,250]",82,"[10,100)",54,"[30,60)",2091,730+,0,1,2,1153,4.0,0,0,1,82,2,3,2,1.0,0.0,0.0,0.0,0.0,0.0
362,full_active,0,-124,1,40,"(10,50]",22,"[10,100)",9,"[5,30)",2491,730+,0,2,10,111,,0,1,8,314,5,2,0,1.0,0.0,0.0,0.0,0.0,0.0
377,full_active,0,-124,1,279,"(250,500]",270,"[100,1k)",127,"[120,250)",1330,730+,1,5,29,920,1.0,0,0,28,278,1,3,0,1.0,0.0,0.0,0.0,0.0,0.0
383,full_active,0,1,1,232,"(150,250]",172,"[100,1k)",36,"[30,60)",1828,730+,1,5,29,1296,1.0,0,0,24,433,6,4,0,1.0,0.0,0.0,0.0,0.0,0.0
396,high_active,0,-124,1,362,"(250,500]",500,"[100,1k)",329,250+,903,730+,0,1,29,917,0.0,0,0,31,42,6,3,0,0.0,0.0,0.0,0.0,0.0,0.0
400,full_active,0,1,1,8,"(0,10]",3671,"[1k,5k)",1,"[1,5)",2731,730+,0,2,2,1168,7.0,0,1,44,147,4,2,2,1.0,0.0,0.0,1.0,1.0,0.0
403,full_active,0,-124,1,742,500+,33,"[10,100)",27,"[5,30)",1811,730+,1,4,2,1171,5.0,0,0,22,239,1,4,2,1.0,0.0,0.0,0.0,0.0,0.0
414,high_active,0,1,1,51,"(50,100]",811,"[100,1k)",31,"[30,60)",1237,730+,1,2,2,1153,4.0,0,1,8,314,5,2,2,1.0,0.0,0.0,0.0,0.0,0.0
417,full_active,0,1,1,163,"(150,250]",197,"[100,1k)",143,"[120,250)",1450,730+,1,2,2,1171,5.0,0,1,32,33,2,2,2,1.0,0.0,0.0,0.0,0.0,0.0
420,full_active,0,-124,1,7,"(0,10]",118,"[100,1k)",7,"[5,30)",353,181-365,1,1,2,1160,4.0,0,0,24,357,3,2,2,1.0,0.0,0.0,0.0,0.0,0.0
423,full_active,0,1,1,970,500+,88,"[10,100)",45,"[30,60)",1435,730+,0,4,2,1171,5.0,0,0,33,234,1,2,2,1.0,1.0,1.0,0.0,0.0,0.0
425,2_14_day_new,0,-124,1,24,"(10,50]",9,"[1,10)",1,"[1,5)",53,31-60,1,1,19,632,0.0,0,0,31,343,3,3,0,1.0,0.0,0.0,0.0,0.0,0.0
431,full_active,0,-124,1,87,"(50,100]",9,"[1,10)",4,"[1,5)",1901,730+,0,4,2,1152,3.0,0,1,20,286,6,4,2,1.0,0.0,0.0,0.0,0.0,0.0
434,full_active,0,-124,1,51,"(50,100]",52,"[10,100)",50,"[30,60)",1582,730+,1,2,34,960,1.0,0,1,8,36,4,4,0,0.0,0.0,0.0,0.0,0.0,0.0
439,high_active,0,-124,1,239,"(150,250]",6,"[1,10)",2,"[1,5)",1175,730+,0,1,2,1160,4.0,0,1,21,157,3,2,2,1.0,0.0,0.0,0.0,0.0,0.0
443,middle_active,0,-124,1,34,"(10,50]",4,"[1,10)",4,"[1,5)",73,61-90,0,2,29,929,2.0,0,0,26,108,1,2,0,1.0,0.0,0.0,0.0,0.0,0.0
444,middle_active,0,-124,1,13,"(10,50]",10,"[10,100)",1,"[1,5)",2446,730+,1,3,2,1180,2.0,0,1,18,393,3,0,2,1.0,0.0,0.0,0.0,0.0,0.0
448,full_active,0,1,1,833,500+,290,"[100,1k)",271,250+,2200,730+,1,6,29,890,0.0,0,0,13,333,6,0,0,1.0,0.0,0.0,0.0,0.0,0.0
459,full_active,0,-124,1,45,"(10,50]",230,"[100,1k)",22,"[5,30)",1840,730+,1,6,29,1316,1.0,0,0,13,333,6,4,0,0.0,0.0,0.0,0.0,0.0,0.0
481,full_active,0,-124,1,272,"(250,500]",19,"[10,100)",14,"[5,30)",642,366-730,0,2,2,1159,3.0,0,1,18,395,6,4,2,1.0,0.0,0.0,0.0,0.0,0.0
488,middle_active,0,-124,0,608,500+,2,"[1,10)",0,0,856,730+,0,4,31,385,2.0,0,0,15,304,1,3,0,0.0,0.0,0.0,0.0,0.0,0.0
493,full_active,0,-124,1,259,"(250,500]",66,"[10,100)",15,"[5,30)",2772,730+,1,2,33,956,2.0,0,1,10,389,6,2,0,1.0,0.0,1.0,0.0,1.0,0.0
501,high_active,0,-124,1,718,500+,47,"[10,100)",6,"[5,30)",2256,730+,1,4,28,340,,0,0,24,264,4,2,0,1.0,0.0,0.0,0.0,0.0,0.0
510,full_active,0,-124,1,68,"(50,100]",160,"[100,1k)",65,"[60,120)",1458,730+,0,1,29,929,2.0,0,1,8,269,3,3,0,1.0,0.0,0.0,0.0,0.0,0.0
513,full_active,0,-124,1,29,"(10,50]",9,"[1,10)",6,"[5,30)",68,61-90,0,2,2,1151,3.0,0,1,21,91,5,2,2,1.0,0.0,0.0,0.0,0.0,0.0
523,full_active,0,-124,1,208,"(150,250]",381,"[100,1k)",144,"[120,250)",1867,730+,1,2,10,320,6.0,0,0,24,264,4,2,0,1.0,0.0,0.0,0.0,0.0,0.0
543,full_active,0,-124,1,68,"(50,100]",131,"[100,1k)",62,"[60,120)",1443,730+,0,2,2,1160,4.0,0,0,31,275,5,2,2,1.0,0.0,0.0,0.0,0.0,0.0
546,high_active,0,-124,0,675,500+,5,"[1,10)",4,"[1,5)",1862,730+,1,4,31,377,1.0,0,0,38,139,4,2,0,1.0,0.0,0.0,1.0,1.0,0.0
554,full_active,0,-124,1,481,"(250,500]",286,"[100,1k)",204,"[120,250)",1562,730+,0,4,29,947,1.0,0,0,19,387,1,0,0,1.0,0.0,1.0,0.0,0.0,0.0
556,full_active,0,-124,1,0,0,4,"[1,10)",0,0,187,181-365,0,3,2,1159,3.0,0,0,1,82,2,3,2,1.0,0.0,0.0,0.0,0.0,0.0
558,full_active,0,1,1,90,"(50,100]",172,"[100,1k)",86,"[60,120)",1235,730+,1,2,2,1160,4.0,0,1,8,36,4,2,2,1.0,0.0,0.0,0.0,0.0,0.0
561,full_active,0,-124,1,19,"(10,50]",229,"[100,1k)",19,"[5,30)",1267,730+,1,1,2,1180,2.0,0,1,12,44,1,3,2,1.0,0.0,0.0,0.0,0.0,0.0
564,high_active,0,-124,1,14,"(10,50]",7,"[1,10)",2,"[1,5)",1806,730+,1,4,19,560,0.0,0,1,5,298,6,4,0,1.0,0.0,1.0,0.0,0.0,0.0
579,full_active,0,1,1,390,"(250,500]",4446,"[1k,5k)",344,250+,2123,730+,1,3,28,210,,0,0,26,124,1,4,0,1.0,0.0,0.0,0.0,0.0,0.0
580,single_low_active,0,-124,1,456,"(250,500]",292,"[100,1k)",257,250+,492,366-730,1,1,29,1360,1.0,0,0,42,120,1,3,0,1.0,0.0,0.0,0.0,0.0,0.0
594,full_active,0,1,1,203,"(150,250]",56073,"[1w,10w)",130,"[120,250)",1572,730+,0,4,29,897,2.0,0,0,31,271,6,3,0,1.0,0.0,0.0,0.0,0.0,0.0
602,full_active,0,-124,1,307,"(250,500]",9,"[1,10)",4,"[1,5)",1447,730+,1,4,19,656,2.0,0,1,44,238,4,2,0,0.0,0.0,0.0,0.0,0.0,0.0
616,full_active,0,1,1,145,"(100,150]",261,"[100,1k)",137,"[120,250)",1604,730+,1,2,2,1162,7.0,0,1,10,449,3,3,2,0.0,0.0,0.0,0.0,0.0,0.0
617,full_active,0,1,1,7,"(0,10]",176,"[100,1k)",5,"[5,30)",1861,730+,1,6,2,1160,4.0,0,1,21,103,3,3,2,1.0,0.0,0.0,0.0,0.0,0.0
618,full_active,0,1,1,796,500+,864,"[100,1k)",87,"[60,120)",2189,730+,1,3,2,1170,5.0,0,0,30,251,3,4,2,1.0,0.0,0.0,0.0,0.0,0.0
637,full_active,0,-124,0,106,"(100,150]",157,"[100,1k)",4,"[1,5)",826,730+,1,4,2,1159,3.0,0,0,38,139,4,0,2,1.0,0.0,0.0,0.0,0.0,0.0
638,full_active,0,-124,1,175,"(150,250]",135,"[100,1k)",24,"[5,30)",1068,730+,1,6,19,570,0.0,0,1,34,388,1,3,0,0.0,0.0,0.0,0.0,0.0,0.0
640,low_active,0,-124,1,437,"(250,500]",9,"[1,10)",4,"[1,5)",524,366-730,1,6,29,972,1.0,0,0,15,214,6,3,0,0.0,0.0,0.0,0.0,0.0,0.0
649,high_active,0,-124,1,92,"(50,100]",7,"[1,10)",6,"[5,30)",1493,730+,1,3,10,178,3.0,0,0,1,82,2,2,0,1.0,0.0,0.0,0.0,0.0,0.0
655,middle_active,0,-124,1,2030,500+,154,"[100,1k)",148,"[120,250)",1604,730+,1,2,10,287,1.0,0,0,15,151,3,3,0,0.0,0.0,0.0,0.0,0.0,0.0
658,high_active,0,-124,1,958,500+,94,"[10,100)",92,"[60,120)",812,730+,1,6,29,918,1.0,0,0,31,354,3,3,0,0.0,0.0,0.0,0.0,0.0,0.0
660,high_active,0,1,1,133,"(100,150]",111,"[100,1k)",65,"[60,120)",2725,730+,1,2,2,1165,6.0,0,0,24,264,4,2,2,1.0,0.0,0.0,0.0,0.0,0.0
662,full_active,0,1,1,2161,500+,667,"[100,1k)",640,250+,1558,730+,0,5,19,641,1.0,0,0,30,251,3,2,0,1.0,0.0,0.0,0.0,0.0,0.0
669,full_active,0,-124,1,599,500+,250,"[100,1k)",146,"[120,250)",1568,730+,0,3,29,904,2.0,0,0,26,124,1,2,0,0.0,0.0,0.0,0.0,0.0,0.0
673,full_active,0,-124,1,229,"(150,250]",418,"[100,1k)",146,"[120,250)",1149,730+,1,1,2,1153,4.0,0,0,7,176,1,2,2,0.0,0.0,0.0,0.0,0.0,0.0
674,full_active,0,1,1,183,"(150,250]",26,"[10,100)",4,"[1,5)",1637,730+,0,4,2,1159,3.0,0,0,13,361,1,0,2,,,,,,
675,full_active,0,1,1,143,"(100,150]",80,"[10,100)",29,"[5,30)",2345,730+,1,2,33,956,2.0,0,1,8,36,4,4,0,1.0,0.0,1.0,0.0,0.0,0.0
678,full_active,0,-124,1,74,"(50,100]",10,"[10,100)",9,"[5,30)",1552,730+,1,4,10,183,2.0,0,0,42,131,1,2,0,0.0,0.0,0.0,0.0,0.0,0.0
681,full_active,0,-124,1,0,0,1,"[1,10)",0,0,1981,730+,1,2,2,1160,4.0,0,1,20,411,6,0,2,0.0,0.0,0.0,0.0,0.0,0.0
684,high_active,0,-124,0,403,"(250,500]",5,"[1,10)",0,0,542,366-730,0,5,10,215,1.0,0,0,30,290,3,2,0,1.0,0.0,0.0,0.0,0.0,0.0
685,full_active,0,-124,0,91,"(50,100]",1,"[1,10)",1,"[1,5)",329,181-365,1,4,29,1449,1.0,0,0,24,433,6,3,0,1.0,0.0,0.0,0.0,0.0,0.0
691,high_active,0,-124,1,1715,500+,6,"[1,10)",0,0,762,730+,1,4,19,573,1.0,0,1,44,121,5,3,0,1.0,0.0,0.0,0.0,0.0,0.0
693,full_active,0,-124,0,38,"(10,50]",1,"[1,10)",1,"[1,5)",847,730+,1,4,31,1460,1.0,0,0,15,178,3,4,0,1.0,0.0,0.0,0.0,0.0,0.0
697,high_active,0,1,1,237,"(150,250]",90,"[10,100)",63,"[60,120)",1923,730+,1,4,10,282,2.0,0,0,28,311,1,3,0,,,,,,
699,full_active,0,1,1,88,"(50,100]",752,"[100,1k)",85,"[60,120)",362,181-365,0,6,2,1152,3.0,0,0,13,117,6,4,2,1.0,0.0,0.0,0.0,0.0,0.0
700,high_active,0,-124,1,1386,500+,13,"[10,100)",7,"[5,30)",1898,730+,1,4,2,1177,2.0,0,1,8,287,2,2,2,0.0,0.0,0.0,0.0,0.0,0.0
708,middle_active,0,-124,0,16,"(10,50]",0,0,0,0,303,181-365,1,1,31,377,2.0,0,1,34,273,3,0,0,1.0,0.0,0.0,1.0,1.0,0.0
712,full_active,0,-124,1,158,"(150,250]",27,"[10,100)",4,"[1,5)",711,366-730,0,3,9,478,2.0,0,0,15,304,1,0,0,1.0,0.0,0.0,0.0,0.0,0.0
722,high_active,0,-124,1,1072,500+,122,"[100,1k)",110,"[60,120)",902,730+,1,4,2,1180,2.0,0,0,15,394,4,3,2,0.0,0.0,0.0,0.0,0.0,0.0
737,full_active,0,1,1,1121,500+,1368,"[1k,5k)",1091,250+,514,366-730,1,2,9,296,0.0,0,1,2,399,4,3,0,1.0,0.0,0.0,0.0,0.0,0.0
740,full_active,0,-124,1,704,500+,347,"[100,1k)",253,250+,1152,730+,0,1,10,396,1.0,0,0,33,141,5,4,0,0.0,0.0,0.0,0.0,0.0,0.0
744,full_active,0,-124,1,1547,500+,2148,"[1k,5k)",1543,250+,1390,730+,0,6,28,333,,0,0,31,193,3,3,0,1.0,0.0,0.0,0.0,0.0,0.0
754,full_active,0,-124,1,45,"(10,50]",125,"[100,1k)",42,"[30,60)",51,31-60,1,6,10,443,0.0,0,0,31,296,3,3,0,0.0,0.0,0.0,0.0,0.0,0.0
758,high_active,0,-124,1,136,"(100,150]",6,"[1,10)",3,"[1,5)",2017,730+,0,3,19,641,1.0,0,1,21,157,3,4,0,0.0,0.0,0.0,0.0,0.0,0.0
760,full_active,0,-124,1,17,"(10,50]",8,"[1,10)",0,0,660,366-730,0,2,2,1160,4.0,0,0,13,361,1,3,2,0.0,0.0,0.0,0.0,0.0,0.0
762,high_active,0,-124,1,510,500+,479,"[100,1k)",182,"[120,250)",2302,730+,1,3,10,763,3.0,0,1,9,243,6,3,0,0.0,0.0,0.0,0.0,0.0,0.0
768,full_active,0,-124,1,600,500+,21,"[10,100)",3,"[1,5)",1763,730+,0,4,29,904,2.0,0,1,21,34,6,0,0,1.0,0.0,0.0,0.0,0.0,0.0
769,full_active,0,-124,1,623,500+,249,"[100,1k)",189,"[120,250)",854,730+,0,1,19,582,2.0,0,0,31,42,6,3,0,0.0,0.0,0.0,0.0,0.0,0.0
779,middle_active,0,-124,1,215,"(150,250]",135,"[100,1k)",60,"[60,120)",1444,730+,0,1,2,1174,3.0,0,0,28,278,1,3,2,0.0,0.0,0.0,0.0,0.0,0.0
789,high_active,0,-124,1,260,"(250,500]",1208,"[1k,5k)",140,"[120,250)",803,730+,1,1,29,1313,1.0,0,1,10,254,3,3,0,0.0,0.0,0.0,0.0,0.0,0.0
793,full_active,0,-124,1,121,"(100,150]",49,"[10,100)",26,"[5,30)",1784,730+,0,2,29,884,1.0,0,0,31,271,6,3,0,0.0,0.0,0.0,0.0,0.0,0.0
796,full_active,0,-124,1,26,"(10,50]",15,"[10,100)",5,"[5,30)",1675,730+,1,4,29,951,3.0,0,0,14,116,5,4,0,1.0,0.0,0.0,0.0,0.0,0.0
798,full_active,0,-124,1,849,500+,199,"[100,1k)",124,"[120,250)",1653,730+,0,6,10,765,2.0,0,0,31,354,3,4,0,0.0,0.0,0.0,0.0,0.0,0.0
800,full_active,0,1,1,131,"(100,150]",104,"[100,1k)",36,"[30,60)",2147,730+,1,3,10,765,2.0,0,1,44,400,5,2,0,1.0,0.0,0.0,0.0,0.0,0.0
802,full_active,0,-124,1,481,"(250,500]",15,"[10,100)",14,"[5,30)",1557,730+,0,1,29,1372,1.0,0,0,38,139,4,3,0,1.0,0.0,0.0,0.0,0.0,0.0
804,full_active,0,-124,0,5,"(0,10]",2,"[1,10)",0,0,835,730+,1,5,48,708,1.0,0,0,7,190,1,4,0,,,,,,
805,low_active,0,-124,0,33,"(10,50]",0,0,0,0,650,366-730,0,1,2,1159,3.0,0,1,2,399,4,0,2,0.0,0.0,0.0,0.0,0.0,0.0
810,high_active,0,-124,1,57,"(50,100]",103,"[100,1k)",51,"[30,60)",1092,730+,1,1,31,377,1.0,0,0,31,42,6,4,0,0.0,0.0,0.0,0.0,0.0,0.0
814,full_active,0,-124,0,47,"(10,50]",0,0,0,0,414,366-730,1,4,10,399,0.0,0,1,0,102,5,0,0,1.0,0.0,1.0,0.0,0.0,0.0
821,full_active,0,1,1,70,"(50,100]",671,"[100,1k)",41,"[30,60)",2085,730+,1,5,19,556,2.0,0,0,24,380,1,2,0,1.0,0.0,1.0,0.0,0.0,0.0
827,full_active,0,1,1,24,"(10,50]",175,"[100,1k)",15,"[5,30)",2602,730+,1,2,19,567,0.0,0,0,30,290,3,4,0,1.0,0.0,0.0,0.0,0.0,0.0
839,middle_active,0,-124,0,43,"(10,50]",0,0,0,0,295,181-365,1,4,2,1160,4.0,0,1,43,68,3,0,2,0.0,0.0,0.0,0.0,0.0,0.0
840,full_active,0,-124,0,43,"(10,50]",8,"[1,10)",7,"[5,30)",613,366-730,1,4,10,74,0.0,0,0,30,368,4,2,0,1.0,0.0,0.0,0.0,0.0,0.0
850,full_active,0,-124,1,112,"(100,150]",238,"[100,1k)",109,"[60,120)",1677,730+,1,1,10,1022,1.0,0,0,24,327,3,2,2,1.0,1.0,1.0,0.0,0.0,0.0
852,full_active,0,-124,1,711,500+,105,"[100,1k)",38,"[30,60)",2464,730+,1,2,2,1151,3.0,0,1,8,64,5,2,2,0.0,0.0,0.0,0.0,0.0,0.0
855,full_active,0,-124,1,550,500+,13,"[10,100)",1,"[1,5)",1493,730+,1,2,29,1299,1.0,0,0,13,183,6,3,0,1.0,1.0,0.0,0.0,0.0,0.0
858,full_active,0,-124,1,83,"(50,100]",255,"[100,1k)",68,"[60,120)",1565,730+,1,1,19,560,0.0,0,1,8,54,1,3,0,0.0,0.0,0.0,0.0,0.0,0.0
866,high_active,0,1,0,6,"(0,10]",4,"[1,10)",1,"[1,5)",487,366-730,1,6,31,377,2.0,0,0,30,251,3,0,0,1.0,0.0,0.0,0.0,0.0,0.0
867,full_active,0,1,1,1288,500+,2083,"[1k,5k)",990,250+,1630,730+,1,4,9,296,0.0,0,0,26,38,1,4,0,1.0,0.0,0.0,0.0,0.0,0.0
870,full_active,0,1,1,271,"(250,500]",339,"[100,1k)",190,"[120,250)",1750,730+,1,2,2,1160,4.0,0,1,0,102,5,4,2,1.0,0.0,0.0,0.0,0.0,0.0
871,high_active,0,-124,1,403,"(250,500]",206,"[100,1k)",11,"[5,30)",244,181-365,1,0,19,642,1.0,0,0,24,45,3,0,0,1.0,0.0,0.0,0.0,0.0,0.0
874,high_active,0,-124,0,46,"(10,50]",1,"[1,10)",0,0,801,730+,1,3,2,1159,3.0,0,1,21,34,6,4,2,1.0,0.0,0.0,0.0,0.0,0.0
882,full_active,0,-124,0,61,"(50,100]",0,0,0,0,904,730+,0,0,28,993,,0,1,8,419,3,3,0,1.0,0.0,1.0,0.0,0.0,0.0
887,full_active,0,-124,1,2286,500+,171,"[100,1k)",106,"[60,120)",2056,730+,1,4,10,268,2.0,0,0,22,412,5,3,0,1.0,0.0,1.0,0.0,0.0,0.0
888,high_active,0,-124,1,191,"(150,250]",118,"[100,1k)",84,"[60,120)",583,366-730,1,2,19,613,2.0,0,0,28,311,1,4,0,1.0,0.0,1.0,0.0,0.0,0.0
890,high_active,0,-124,1,1226,500+,1066,"[1k,5k)",938,250+,213,181-365,0,5,2,1176,2.0,0,1,44,289,5,0,2,0.0,0.0,0.0,0.0,0.0,0.0
891,full_active,0,-124,1,112,"(100,150]",1405,"[1k,5k)",77,"[60,120)",862,730+,0,2,48,695,1.0,0,0,42,120,1,3,0,1.0,0.0,0.0,0.0,0.0,0.0
892,full_active,0,-124,1,334,"(250,500]",349,"[100,1k)",195,"[120,250)",1544,730+,1,1,2,1152,3.0,0,1,44,147,4,3,2,1.0,0.0,0.0,0.0,0.0,0.0
898,full_active,0,-124,1,521,500+,43,"[10,100)",25,"[5,30)",2405,730+,1,2,2,1160,4.0,0,1,10,449,3,0,2,1.0,0.0,0.0,0.0,0.0,0.0
900,full_active,0,1,1,1796,500+,240,"[100,1k)",139,"[120,250)",1655,730+,0,4,9,715,3.0,0,0,19,170,1,2,0,1.0,0.0,0.0,0.0,0.0,0.0
901,low_active,0,-124,1,491,"(250,500]",13,"[10,100)",12,"[5,30)",835,730+,0,4,31,460,5.0,0,0,31,432,4,2,0,1.0,0.0,0.0,0.0,0.0,0.0
906,full_active,0,1,1,1200,500+,1585,"[1k,5k)",1074,250+,1313,730+,1,1,10,268,3.0,0,0,31,343,3,2,0,1.0,0.0,0.0,0.0,0.0,0.0
908,high_active,0,-124,1,194,"(150,250]",10,"[10,100)",4,"[1,5)",826,730+,0,3,15,394,0.0,0,1,43,250,1,2,0,1.0,0.0,1.0,1.0,0.0,0.0
911,full_active,0,1,1,1381,500+,81,"[10,100)",53,"[30,60)",1678,730+,1,4,19,594,1.0,0,0,31,432,4,3,0,1.0,0.0,0.0,0.0,0.0,0.0
912,full_active,0,-124,1,12,"(10,50]",16,"[10,100)",2,"[1,5)",2224,730+,1,6,2,1176,2.0,0,0,13,117,6,4,2,0.0,0.0,0.0,0.0,0.0,0.0
917,full_active,0,-124,1,135,"(100,150]",66,"[10,100)",13,"[5,30)",1231,730+,1,2,2,1179,2.0,0,1,20,272,6,3,2,1.0,0.0,0.0,0.0,0.0,0.0
922,high_active,0,-124,1,418,"(250,500]",199,"[100,1k)",171,"[120,250)",1661,730+,0,5,29,990,1.0,0,0,33,227,3,4,0,1.0,0.0,0.0,0.0,0.0,0.0
926,full_active,0,1,1,49,"(10,50]",29,"[10,100)",8,"[5,30)",1637,730+,1,4,2,1153,4.0,0,0,13,67,6,3,2,0.0,0.0,0.0,0.0,0.0,0.0
927,middle_active,0,-124,1,38,"(10,50]",16,"[10,100)",16,"[5,30)",276,181-365,1,1,29,1322,2.0,0,1,9,310,3,3,0,1.0,0.0,0.0,0.0,0.0,0.0
935,high_active,0,-124,1,79,"(50,100]",12,"[10,100)",8,"[5,30)",470,366-730,1,4,19,516,0.0,0,1,5,332,5,2,0,1.0,0.0,0.0,0.0,0.0,0.0
938,full_active,0,1,1,70,"(50,100]",240,"[100,1k)",25,"[5,30)",1479,730+,0,3,29,908,1.0,0,0,13,392,6,3,0,1.0,0.0,0.0,0.0,0.0,0.0
942,full_active,0,-124,1,226,"(150,250]",258,"[100,1k)",5,"[5,30)",1842,730+,0,3,2,1169,8.0,0,0,14,339,3,3,2,1.0,0.0,0.0,0.0,0.0,0.0
946,full_active,0,-124,1,83,"(50,100]",13,"[10,100)",3,"[1,5)",488,366-730,0,4,29,947,1.0,0,0,19,111,6,0,0,0.0,1.0,0.0,0.0,0.0,0.0
950,full_active,0,-124,1,4996,500+,194,"[100,1k)",117,"[60,120)",114,91-180,0,0,31,1451,2.0,0,0,14,116,5,2,0,0.0,0.0,0.0,0.0,0.0,0.0
955,low_active,0,-124,1,332,"(250,500]",54,"[10,100)",44,"[30,60)",1008,730+,1,5,2,1165,6.0,5,2,114,20,0,0,2,1.0,0.0,0.0,0.0,0.0,0.0
962,full_active,0,-124,1,637,500+,342,"[100,1k)",191,"[120,250)",1125,730+,0,5,10,79,0.0,0,1,43,230,1,3,0,1.0,1.0,1.0,0.0,0.0,0.0
982,full_active,0,-124,1,43,"(10,50]",25,"[10,100)",11,"[5,30)",1547,730+,0,5,22,371,1.0,0,0,7,323,1,3,0,1.0,0.0,0.0,0.0,0.0,0.0
987,high_active,0,-124,1,735,500+,929,"[100,1k)",730,250+,1372,730+,0,1,29,958,1.0,0,0,15,441,1,3,0,1.0,0.0,0.0,0.0,0.0,0.0
991,high_active,0,1,1,854,500+,869,"[100,1k)",690,250+,1512,730+,1,5,29,901,1.0,0,1,34,80,1,3,0,0.0,0.0,0.0,0.0,0.0,0.0
992,full_active,0,-124,1,374,"(250,500]",80,"[10,100)",50,"[30,60)",1544,730+,1,6,10,399,0.0,0,0,7,252,1,3,0,1.0,0.0,0.0,0.0,0.0,0.0
997,full_active,0,-124,1,577,500+,190,"[100,1k)",107,"[60,120)",997,730+,1,4,9,859,1.0,0,0,31,275,5,2,0,1.0,0.0,0.0,0.0,0.0,0.0
999,high_active,0,1,1,767,500+,404,"[100,1k)",246,"[120,250)",1848,730+,1,2,19,656,2.0,0,0,7,154,1,3,0,1.0,0.0,0.0,0.0,0.0,0.0
1006,full_active,0,1,1,599,500+,1538,"[1k,5k)",586,250+,2025,730+,1,1,10,230,1.0,0,1,20,174,5,3,0,1.0,0.0,0.0,0.0,0.0,0.0
1028,full_active,0,1,1,580,500+,1104,"[1k,5k)",531,250+,854,730+,1,1,19,544,2.0,0,0,13,267,6,3,0,1.0,0.0,0.0,0.0,0.0,0.0
1035,full_active,0,-124,1,752,500+,228,"[100,1k)",134,"[120,250)",1781,730+,0,6,31,419,1.0,0,0,14,135,6,4,0,1.0,0.0,0.0,0.0,0.0,0.0
1042,high_active,0,-124,1,22,"(10,50]",5,"[1,10)",1,"[1,5)",216,181-365,0,4,19,641,1.0,0,0,31,276,6,0,0,0.0,0.0,0.0,0.0,0.0,0.0
1054,full_active,0,-124,1,482,"(250,500]",26,"[10,100)",23,"[5,30)",1590,730+,0,4,29,949,1.0,0,0,31,42,6,3,0,1.0,0.0,0.0,0.0,0.0,0.0
1059,full_active,0,-124,0,4796,500+,29,"[10,100)",0,0,2458,730+,1,4,31,1459,1.0,0,1,18,175,3,0,0,1.0,0.0,0.0,1.0,0.0,0.0
1063,high_active,0,1,1,222,"(150,250]",80,"[10,100)",45,"[30,60)",1402,730+,1,4,31,370,5.0,0,0,7,154,1,4,0,1.0,0.0,0.0,0.0,0.0,0.0
1070,high_active,0,-124,1,591,500+,1373,"[1k,5k)",262,250+,1251,730+,0,4,29,1411,2.0,0,1,43,68,3,3,0,1.0,1.0,1.0,0.0,0.0,0.0
1071,full_active,0,1,1,94,"(50,100]",182,"[100,1k)",92,"[60,120)",798,730+,1,2,10,230,1.0,0,0,33,382,3,3,0,1.0,0.0,0.0,0.0,0.0,0.0
1078,full_active,0,1,1,217,"(150,250]",316,"[100,1k)",64,"[60,120)",1981,730+,1,4,19,582,2.0,0,0,13,204,3,4,0,0.0,0.0,0.0,0.0,0.0,0.0
1080,high_active,0,-124,1,1845,500+,30,"[10,100)",23,"[5,30)",1459,730+,1,2,29,897,2.0,0,1,21,377,6,3,0,1.0,0.0,1.0,0.0,0.0,0.0
1084,high_active,0,1,1,177,"(150,250]",864,"[100,1k)",56,"[30,60)",2453,730+,1,4,31,741,1.0,0,0,31,299,6,3,0,1.0,0.0,0.0,0.0,0.0,1.0
1087,full_active,0,1,1,115,"(100,150]",1001,"[1k,5k)",113,"[60,120)",2215,730+,0,2,29,955,3.0,0,1,10,254,3,2,0,1.0,0.0,0.0,0.0,0.0,0.0
1112,full_active,0,-124,0,113,"(100,150]",2,"[1,10)",0,0,2009,730+,1,2,31,749,0.0,0,1,8,262,6,4,0,1.0,0.0,0.0,1.0,1.0,0.0
1116,high_active,0,-124,1,51,"(50,100]",6,"[1,10)",0,0,447,366-730,1,5,10,852,4.0,0,1,34,201,4,2,0,0.0,0.0,0.0,0.0,1.0,0.0
1124,high_active,0,1,1,232,"(150,250]",109,"[100,1k)",21,"[5,30)",2412,730+,1,2,19,618,3.0,0,0,13,117,6,3,0,1.0,0.0,0.0,0.0,0.0,0.0
1126,full_active,0,1,1,125,"(100,150]",41,"[10,100)",4,"[1,5)",1768,730+,1,3,28,993,,0,0,24,433,6,2,0,0.0,0.0,0.0,0.0,1.0,0.0
1132,full_active,0,-124,1,1,"(0,10]",736,"[100,1k)",1,"[1,5)",2247,730+,1,1,2,1203,6.0,0,1,34,201,4,3,2,1.0,0.0,0.0,0.0,0.0,0.0
1139,full_active,0,-124,1,171,"(150,250]",227,"[100,1k)",81,"[60,120)",2137,730+,1,4,19,627,1.0,0,0,13,330,5,3,0,0.0,0.0,0.0,0.0,0.0,0.0
1141,full_active,0,-124,1,673,500+,115,"[100,1k)",82,"[60,120)",974,730+,0,1,29,950,1.0,0,0,31,296,3,4,0,1.0,0.0,0.0,0.0,0.0,0.0
1145,high_active,0,-124,1,2,"(0,10]",2,"[1,10)",0,0,595,366-730,0,1,19,606,1.0,0,1,18,362,6,3,0,0.0,1.0,0.0,0.0,0.0,0.0
1154,full_active,0,-124,1,262,"(250,500]",122,"[100,1k)",6,"[5,30)",228,181-365,1,0,19,632,0.0,0,1,10,254,3,3,0,1.0,0.0,0.0,0.0,0.0,0.0
1155,full_active,0,1,1,365,"(250,500]",171,"[100,1k)",54,"[30,60)",986,730+,1,2,31,377,2.0,0,1,17,253,4,2,0,1.0,0.0,0.0,0.0,0.0,0.0
1160,full_active,0,1,1,272,"(250,500]",692,"[100,1k)",238,"[120,250)",1882,730+,0,3,19,646,3.0,0,0,31,42,6,3,0,0.0,0.0,0.0,0.0,0.0,0.0
1163,full_active,0,1,1,12,"(10,50]",29,"[10,100)",9,"[5,30)",2353,730+,1,3,2,1171,5.0,0,0,42,50,6,4,2,1.0,0.0,0.0,0.0,0.0,0.0
1165,full_active,0,-124,1,135,"(100,150]",10,"[10,100)",1,"[1,5)",1706,730+,0,3,2,1169,8.0,0,1,20,218,5,3,2,1.0,0.0,0.0,0.0,0.0,0.0
1171,full_active,0,-124,1,24,"(10,50]",5211,"[5k,1w)",24,"[5,30)",1625,730+,0,1,2,1182,2.0,0,1,8,259,6,3,2,1.0,0.0,0.0,0.0,0.0,0.0
1176,full_active,0,-124,1,67,"(50,100]",489,"[100,1k)",36,"[30,60)",846,730+,0,5,10,339,1.0,0,0,31,193,3,3,0,1.0,0.0,0.0,0.0,0.0,0.0
1179,high_active,0,-124,1,936,500+,1092,"[1k,5k)",666,250+,761,730+,0,1,19,637,1.0,0,1,32,33,2,2,0,1.0,0.0,0.0,0.0,0.0,0.0
1185,middle_active,0,-124,0,18,"(10,50]",0,0,0,0,246,181-365,1,1,9,296,0.0,0,0,15,438,3,0,0,1.0,1.0,0.0,0.0,0.0,0.0
1187,full_active,0,-124,0,59,"(50,100]",11,"[10,100)",10,"[5,30)",1594,730+,0,2,10,1022,1.0,0,1,43,221,4,3,0,1.0,0.0,0.0,0.0,0.0,0.0
1191,full_active,0,-124,1,154,"(150,250]",161,"[100,1k)",32,"[30,60)",1075,730+,1,5,29,891,1.0,0,0,19,20,0,0,0,1.0,0.0,0.0,0.0,0.0,0.0
1195,full_active,0,-124,1,479,"(250,500]",15,"[10,100)",13,"[5,30)",230,181-365,1,4,19,596,2.0,0,0,22,379,1,0,0,1.0,1.0,0.0,0.0,0.0,0.0
1199,full_active,0,-124,1,91,"(50,100]",20,"[10,100)",8,"[5,30)",966,730+,1,5,19,605,1.0,0,1,20,348,4,2,0,1.0,0.0,0.0,0.0,0.0,0.0
1206,full_active,0,-124,1,665,500+,30,"[10,100)",24,"[5,30)",848,730+,1,1,10,841,1.0,0,0,13,330,5,2,0,0.0,0.0,0.0,1.0,0.0,0.0
1211,high_active,0,-124,0,919,500+,4,"[1,10)",1,"[1,5)",398,366-730,0,6,2,1179,2.0,0,1,20,272,6,0,2,1.0,0.0,0.0,0.0,0.0,0.0
1217,full_active,0,1,1,776,500+,111,"[100,1k)",74,"[60,120)",1907,730+,0,4,29,920,1.0,0,0,28,367,3,3,0,1.0,0.0,1.0,0.0,0.0,0.0
1224,full_active,0,-124,0,160,"(150,250]",1,"[1,10)",1,"[1,5)",78,61-90,1,0,2,1145,3.0,0,0,1,82,2,2,1,1.0,0.0,0.0,0.0,0.0,0.0
1227,middle_active,0,-124,1,178,"(150,250]",130,"[100,1k)",82,"[60,120)",262,181-365,1,1,2,1180,2.0,0,1,34,155,3,3,2,1.0,0.0,0.0,0.0,0.0,0.0
1232,full_active,0,1,0,43,"(10,50]",17,"[10,100)",12,"[5,30)",1008,730+,1,2,2,1171,5.0,0,1,10,405,3,3,2,1.0,0.0,0.0,0.0,0.0,0.0
1244,full_active,0,-124,1,121,"(100,150]",16,"[10,100)",2,"[1,5)",646,366-730,0,4,10,70,1.0,0,1,9,243,6,2,0,1.0,0.0,0.0,0.0,0.0,0.0
1245,high_active,0,-124,0,147,"(100,150]",8,"[1,10)",2,"[1,5)",1168,730+,1,4,2,1171,5.0,0,1,8,36,4,4,2,1.0,0.0,0.0,0.0,0.0,0.0
1253,full_active,0,-124,0,194,"(150,250]",2,"[1,10)",2,"[1,5)",802,730+,1,3,29,978,1.0,0,1,18,175,3,4,0,1.0,0.0,0.0,0.0,0.0,0.0
1281,high_active,0,1,1,52,"(50,100]",837,"[100,1k)",14,"[5,30)",213,181-365,1,1,19,642,1.0,0,1,9,249,3,2,0,0.0,0.0,0.0,0.0,0.0,0.0
1289,full_active,0,-124,1,591,500+,832,"[100,1k)",589,250+,924,730+,1,1,29,906,1.0,0,0,7,138,1,4,0,1.0,0.0,0.0,0.0,0.0,0.0
1299,high_active,0,-124,1,29,"(10,50]",0,0,0,0,851,730+,1,2,29,895,2.0,0,1,44,147,4,0,0,1.0,0.0,0.0,0.0,1.0,0.0
1314,full_active,0,-124,1,77,"(50,100]",66,"[10,100)",25,"[5,30)",878,730+,1,2,29,949,1.0,0,0,42,421,1,3,0,0.0,0.0,0.0,0.0,0.0,0.0
1316,full_active,0,-124,0,127,"(100,150]",6,"[1,10)",2,"[1,5)",1240,730+,0,4,29,926,1.0,0,0,31,193,3,3,0,0.0,0.0,0.0,0.0,0.0,0.0
1318,high_active,0,1,1,74,"(50,100]",90,"[10,100)",68,"[60,120)",2001,730+,1,2,2,1162,8.0,0,1,34,201,4,2,2,1.0,0.0,0.0,0.0,0.0,0.0
1327,high_active,0,1,1,620,500+,426,"[100,1k)",237,"[120,250)",1541,730+,0,4,10,665,1.0,0,1,20,174,5,3,0,1.0,0.0,0.0,0.0,0.0,0.0
1328,middle_active,0,1,1,423,"(250,500]",654,"[100,1k)",421,250+,2079,730+,1,1,2,1160,4.0,0,0,13,267,6,3,2,1.0,0.0,0.0,0.0,0.0,0.0
1333,full_active,0,-124,1,230,"(150,250]",106,"[100,1k)",52,"[30,60)",1215,730+,0,4,19,578,1.0,0,0,13,330,5,3,0,1.0,0.0,0.0,0.0,0.0,0.0
1343,full_active,0,-124,1,663,500+,807,"[100,1k)",649,250+,834,730+,0,0,19,1245,1.0,0,1,9,310,3,4,0,1.0,0.0,0.0,0.0,0.0,0.0
1345,middle_active,0,-124,0,16,"(10,50]",0,0,0,0,73,61-90,1,1,2,1160,4.0,0,1,5,95,5,2,2,,,,,,
1348,high_active,0,-124,1,158,"(150,250]",229,"[100,1k)",75,"[60,120)",1308,730+,1,5,19,569,1.0,0,0,19,48,1,3,0,1.0,0.0,0.0,0.0,0.0,0.0
1349,single_low_active,0,1,1,212,"(150,250]",654,"[100,1k)",183,"[120,250)",1038,730+,0,1,19,559,2.0,0,0,30,290,3,2,0,1.0,0.0,0.0,0.0,0.0,0.0
1350,full_active,0,-124,1,179,"(150,250]",327,"[100,1k)",92,"[60,120)",1506,730+,1,4,19,534,2.0,0,0,31,296,3,4,0,0.0,0.0,1.0,0.0,0.0,0.0
1351,full_active,0,-124,1,272,"(250,500]",16,"[10,100)",7,"[5,30)",1535,730+,0,4,24,815,3.0,0,1,20,191,5,0,0,1.0,0.0,0.0,0.0,0.0,0.0
1360,middle_active,0,-124,0,83,"(50,100]",1,"[1,10)",1,"[1,5)",1268,730+,1,1,19,560,0.0,0,0,42,421,1,0,0,0.0,0.0,1.0,0.0,0.0,0.0
1372,high_active,0,-124,1,66,"(50,100]",94,"[10,100)",61,"[60,120)",370,366-730,1,2,2,1159,3.0,0,1,18,395,6,2,2,1.0,0.0,0.0,0.0,0.0,0.0
1379,full_active,0,-124,0,9,"(0,10]",3,"[1,10)",0,0,848,730+,1,3,31,739,2.0,0,0,1,82,2,2,0,1.0,0.0,1.0,0.0,1.0,1.0
1386,full_active,0,1,1,820,500+,1046,"[1k,5k)",696,250+,1520,730+,1,1,2,1159,3.0,0,1,8,36,4,4,2,0.0,0.0,0.0,1.0,0.0,0.0
1389,full_active,0,-124,0,91,"(50,100]",6,"[1,10)",0,0,446,366-730,0,5,19,574,1.0,0,0,24,357,3,0,0,,,,,,
1402,full_active,0,-124,1,320,"(250,500]",371,"[100,1k)",304,250+,755,730+,0,1,2,1171,5.0,0,0,38,139,4,2,2,1.0,0.0,0.0,0.0,0.0,0.0
1405,full_active,0,-124,1,699,500+,55,"[10,100)",2,"[1,5)",1201,730+,0,4,19,637,1.0,0,0,14,135,6,4,0,0.0,0.0,0.0,0.0,0.0,0.0
1416,full_active,0,-124,1,96,"(50,100]",87,"[10,100)",84,"[60,120)",1585,730+,1,5,29,883,0.0,0,0,22,104,6,3,0,1.0,0.0,0.0,0.0,0.0,0.0
1417,full_active,0,-124,1,348,"(250,500]",10,"[10,100)",8,"[5,30)",835,730+,0,6,29,890,0.0,0,0,24,264,4,3,0,1.0,0.0,0.0,0.0,0.0,0.0
1419,full_active,0,-124,1,22,"(10,50]",47,"[10,100)",0,0,1069,730+,1,4,19,583,1.0,0,0,24,206,1,0,0,1.0,0.0,0.0,0.0,0.0,0.0
1438,full_active,0,-124,1,4999,500+,13,"[10,100)",7,"[5,30)",1945,730+,1,1,31,369,1.0,0,0,14,116,5,0,0,0.0,0.0,0.0,0.0,0.0,0.0
1445,full_active,0,-124,1,113,"(100,150]",11,"[10,100)",9,"[5,30)",1756,730+,1,4,2,1165,6.0,0,1,9,310,3,3,2,0.0,0.0,0.0,0.0,0.0,0.0
1453,full_active,0,-124,1,9,"(0,10]",360,"[100,1k)",6,"[5,30)",851,730+,0,6,10,668,0.0,0,0,31,271,6,4,0,0.0,0.0,0.0,0.0,0.0,0.0
1455,middle_active,0,-124,1,461,"(250,500]",103,"[100,1k)",75,"[60,120)",1178,730+,0,2,19,567,0.0,0,1,8,200,5,3,0,0.0,0.0,0.0,0.0,0.0,0.0
1456,full_active,0,-124,1,39,"(10,50]",76,"[10,100)",3,"[1,5)",821,730+,0,6,10,396,1.0,0,0,31,193,3,4,0,1.0,0.0,1.0,0.0,0.0,0.0
1464,full_active,0,-124,1,46,"(10,50]",58,"[10,100)",31,"[30,60)",1259,730+,1,1,2,1158,7.0,0,0,33,141,5,3,2,1.0,0.0,0.0,0.0,0.0,0.0
1465,full_active,0,-124,1,533,500+,53,"[10,100)",51,"[30,60)",558,366-730,1,5,29,935,3.0,0,0,24,410,3,4,0,1.0,0.0,0.0,0.0,0.0,0.0
1470,full_active,0,-124,1,530,500+,64,"[10,100)",15,"[5,30)",790,730+,0,5,10,1024,2.0,0,0,24,403,1,2,0,0.0,1.0,0.0,0.0,0.0,0.0
1472,high_active,0,-124,1,221,"(150,250]",4,"[1,10)",3,"[1,5)",629,366-730,1,0,10,109,0.0,0,0,13,188,3,3,0,,,,,,
1484,full_active,0,1,1,415,"(250,500]",239,"[100,1k)",199,"[120,250)",1866,730+,1,4,10,1022,1.0,0,0,7,154,1,3,0,1.0,0.0,1.0,0.0,0.0,0.0
1485,full_active,0,1,1,777,500+,880,"[100,1k)",685,250+,584,366-730,1,2,2,1179,2.0,0,1,10,76,3,3,2,0.0,0.0,0.0,0.0,0.0,0.0
1488,high_active,0,-124,1,284,"(250,500]",10,"[10,100)",10,"[5,30)",133,91-180,0,1,29,906,1.0,0,0,15,109,3,0,0,1.0,0.0,0.0,0.0,0.0,0.0
1489,2_14_day_new,0,1,1,416,"(250,500]",1127,"[1k,5k)",410,250+,985,730+,0,4,28,993,,0,1,44,147,4,3,0,1.0,0.0,0.0,0.0,0.0,0.0
1490,high_active,0,-124,1,103,"(100,150]",5,"[1,10)",1,"[1,5)",2795,730+,1,2,2,1153,4.0,0,0,31,275,5,3,2,1.0,0.0,0.0,0.0,0.0,0.0
1492,full_active,0,-124,1,15,"(10,50]",9,"[1,10)",8,"[5,30)",126,91-180,0,5,29,906,1.0,0,0,15,438,3,0,0,1.0,0.0,0.0,0.0,0.0,0.0
1498,full_active,0,-124,0,60,"(50,100]",5,"[1,10)",4,"[1,5)",1179,730+,0,1,10,396,1.0,0,0,24,264,4,3,0,1.0,0.0,0.0,0.0,0.0,0.0
1501,middle_active,0,-124,1,848,500+,213,"[100,1k)",6,"[5,30)",1390,730+,0,3,31,369,1.0,0,1,34,376,1,3,0,1.0,0.0,0.0,0.0,0.0,0.0
1513,middle_active,0,-124,1,244,"(150,250]",10,"[10,100)",10,"[5,30)",162,91-180,1,1,19,570,0.0,0,1,18,189,1,0,0,1.0,0.0,0.0,0.0,0.0,0.0
1516,2_14_day_new,0,-124,1,199,"(150,250]",33,"[10,100)",32,"[30,60)",638,366-730,1,1,28,713,,0,1,21,205,3,4,0,1.0,0.0,0.0,0.0,0.0,0.0
1520,full_active,0,-124,1,1133,500+,25,"[10,100)",4,"[1,5)",2681,730+,0,3,2,1160,4.0,0,1,32,33,2,2,2,0.0,0.0,0.0,0.0,0.0,0.0
1530,full_active,0,-124,1,574,500+,716,"[100,1k)",571,250+,636,366-730,0,1,2,1162,7.0,0,0,13,117,6,2,2,1.0,0.0,0.0,0.0,0.0,0.0
1535,full_active,0,-124,1,117,"(100,150]",13,"[10,100)",13,"[5,30)",788,730+,0,1,29,1357,1.0,0,0,15,118,6,3,0,0.0,0.0,0.0,0.0,0.0,0.0
1539,high_active,0,-124,1,39,"(10,50]",437,"[100,1k)",39,"[30,60)",621,366-730,0,1,2,1175,1.0,0,1,8,349,3,3,2,0.0,0.0,0.0,0.0,0.0,0.0
1561,full_active,0,1,1,289,"(250,500]",184,"[100,1k)",15,"[5,30)",2400,730+,1,2,10,269,2.0,0,1,44,101,5,2,0,1.0,0.0,0.0,0.0,0.0,0.0
1562,2_14_day_new,0,-124,1,250,"(150,250]",468,"[100,1k)",249,"[120,250)",661,366-730,1,1,2,1159,3.0,0,1,5,146,6,4,2,0.0,0.0,0.0,0.0,0.0,0.0
1565,high_active,0,-124,1,380,"(250,500]",23,"[10,100)",9,"[5,30)",2162,730+,1,4,10,844,1.0,0,1,12,302,1,3,0,1.0,0.0,0.0,0.0,0.0,0.0
1566,full_active,0,1,0,64,"(50,100]",12,"[10,100)",1,"[1,5)",1613,730+,1,4,2,1160,4.0,0,1,17,351,1,2,2,0.0,0.0,0.0,0.0,0.0,0.0
1571,full_active,0,1,1,267,"(250,500]",834,"[100,1k)",226,"[120,250)",989,730+,0,2,2,1159,3.0,0,1,34,201,4,2,2,1.0,0.0,0.0,0.0,0.0,0.0
1575,full_active,0,-124,1,95,"(50,100]",60,"[10,100)",30,"[30,60)",1704,730+,0,2,31,737,1.0,0,0,15,394,4,2,0,1.0,0.0,0.0,0.0,0.0,0.0
1581,full_active,0,-124,1,324,"(250,500]",75,"[10,100)",72,"[60,120)",782,730+,0,3,29,880,1.0,0,0,42,125,1,3,0,1.0,0.0,0.0,0.0,0.0,0.0
1585,full_active,0,-124,0,514,500+,3,"[1,10)",1,"[1,5)",1571,730+,1,4,29,1289,3.0,0,1,39,207,3,2,0,1.0,0.0,0.0,0.0,0.0,0.0
1588,full_active,0,-124,1,147,"(100,150]",104,"[100,1k)",48,"[30,60)",1355,730+,0,3,29,940,1.0,0,0,31,220,3,3,0,1.0,0.0,0.0,0.0,0.0,0.0
1594,full_active,0,-124,1,346,"(250,500]",81,"[10,100)",19,"[5,30)",1309,730+,0,4,31,385,1.0,0,0,13,183,6,0,0,1.0,0.0,0.0,0.0,0.0,0.0
1596,high_active,0,-124,1,11,"(10,50]",13,"[10,100)",2,"[1,5)",1765,730+,1,2,2,1160,4.0,0,1,44,101,5,3,2,1.0,0.0,0.0,0.0,0.0,0.0
1600,full_active,0,1,1,986,500+,168,"[100,1k)",124,"[120,250)",1350,730+,1,4,19,628,1.0,0,0,13,117,6,2,0,0.0,0.0,0.0,0.0,0.0,0.0
1602,full_active,0,-124,1,12,"(10,50]",280,"[100,1k)",12,"[5,30)",2245,730+,0,2,19,578,1.0,0,1,17,397,1,2,0,1.0,0.0,0.0,0.0,0.0,0.0
1612,2_14_day_new,0,-124,1,97,"(50,100]",121,"[100,1k)",92,"[60,120)",631,366-730,1,2,2,1158,5.0,0,0,42,171,1,3,2,1.0,0.0,0.0,0.0,0.0,0.0
1613,full_active,0,-124,0,113,"(100,150]",3,"[1,10)",3,"[1,5)",688,366-730,0,4,10,319,5.0,0,0,14,116,5,4,0,1.0,0.0,0.0,0.0,0.0,0.0
1626,high_active,0,-124,0,42,"(10,50]",27,"[10,100)",8,"[5,30)",1368,730+,1,6,2,1171,5.0,0,0,19,170,1,0,2,1.0,0.0,0.0,0.0,0.0,0.0
1628,full_active,0,1,1,639,500+,78,"[10,100)",20,"[5,30)",1636,730+,0,5,10,230,1.0,0,0,30,185,1,4,0,1.0,0.0,0.0,0.0,0.0,0.0
1636,full_active,0,-124,0,28,"(10,50]",1,"[1,10)",0,0,463,366-730,0,6,10,113,0.0,0,0,24,137,5,2,0,1.0,0.0,0.0,0.0,0.0,0.0
1637,low_active,0,-124,1,166,"(150,250]",485,"[100,1k)",162,"[120,250)",511,366-730,0,1,2,1153,4.0,0,0,13,67,6,4,2,0.0,0.0,0.0,0.0,0.0,0.0
1647,full_active,0,-124,1,34,"(10,50]",50,"[10,100)",32,"[30,60)",511,366-730,0,0,2,1151,3.0,0,1,0,417,6,3,2,0.0,0.0,0.0,0.0,0.0,0.0
1648,full_active,0,1,1,8,"(0,10]",21,"[10,100)",8,"[5,30)",146,91-180,1,2,2,1159,3.0,0,1,9,88,5,3,2,1.0,0.0,0.0,0.0,0.0,0.0
1665,full_active,0,-124,0,102,"(100,150]",13,"[10,100)",5,"[5,30)",1918,730+,1,6,19,527,2.0,0,0,24,264,4,0,0,0.0,0.0,0.0,0.0,0.0,0.0
1668,high_active,0,-124,1,206,"(150,250]",3,"[1,10)",0,0,829,730+,0,4,19,582,2.0,0,1,44,291,6,3,0,1.0,0.0,0.0,0.0,0.0,0.0
1674,full_active,0,-124,0,305,"(250,500]",3,"[1,10)",0,0,1438,730+,1,4,29,935,3.0,0,1,34,210,1,3,0,1.0,0.0,0.0,0.0,0.0,0.0
1680,full_active,0,1,1,1327,500+,60,"[10,100)",35,"[30,60)",1199,730+,0,4,31,384,5.0,0,0,19,81,6,2,0,1.0,0.0,0.0,0.0,0.0,0.0
1681,high_active,0,-124,1,98,"(50,100]",10,"[10,100)",4,"[1,5)",1215,730+,1,4,19,527,2.0,0,1,9,243,6,4,0,1.0,0.0,1.0,0.0,0.0,0.0
1686,full_active,0,-124,1,224,"(150,250]",285,"[100,1k)",221,"[120,250)",30,15-30,0,1,28,658,,0,1,8,294,6,0,0,1.0,0.0,0.0,0.0,0.0,0.0
1690,full_active,0,-124,1,416,"(250,500]",62,"[10,100)",32,"[30,60)",1614,730+,0,4,19,583,1.0,0,0,42,94,1,0,0,1.0,0.0,0.0,0.0,0.0,0.0
1692,full_active,0,-124,1,181,"(150,250]",12,"[10,100)",9,"[5,30)",228,181-365,0,4,10,77,1.0,0,0,28,367,3,2,0,1.0,0.0,0.0,0.0,0.0,0.0
1698,full_active,0,-124,1,46,"(10,50]",15,"[10,100)",6,"[5,30)",1752,730+,0,4,29,941,2.0,0,0,22,412,5,0,0,1.0,0.0,0.0,0.0,0.0,0.0
1715,full_active,0,-124,1,181,"(150,250]",47,"[10,100)",17,"[5,30)",1457,730+,1,4,29,906,1.0,0,0,13,330,5,3,0,0.0,0.0,1.0,0.0,0.0,0.0
1724,full_active,0,-124,1,164,"(150,250]",0,0,0,0,470,366-730,0,4,2,1180,4.0,0,0,31,276,6,0,2,1.0,0.0,0.0,0.0,0.0,0.0
1729,full_active,0,-124,0,20,"(10,50]",1,"[1,10)",0,0,611,366-730,1,4,29,880,1.0,0,1,17,113,3,3,0,1.0,0.0,0.0,0.0,1.0,0.0
1734,full_active,0,-124,0,1721,500+,15,"[10,100)",14,"[5,30)",112,91-180,0,1,28,658,,0,0,13,361,1,4,0,1.0,0.0,0.0,0.0,0.0,0.0
1735,high_active,0,-124,1,400,"(250,500]",20,"[10,100)",13,"[5,30)",893,730+,0,4,28,284,,0,1,18,393,3,3,0,1.0,0.0,0.0,0.0,0.0,0.0
1737,full_active,0,-124,0,482,"(250,500]",289,"[100,1k)",286,250+,665,366-730,0,4,10,765,2.0,0,1,34,180,1,0,0,0.0,0.0,0.0,0.0,0.0,0.0
1740,full_active,0,1,1,81,"(50,100]",210,"[100,1k)",53,"[30,60)",2785,730+,0,3,19,578,1.0,0,0,24,264,4,2,0,1.0,0.0,0.0,0.0,0.0,0.0
1749,full_active,0,-124,1,489,"(250,500]",35,"[10,100)",22,"[5,30)",1377,730+,1,4,29,897,2.0,0,1,10,449,3,3,0,1.0,0.0,1.0,0.0,0.0,0.0
1751,full_active,0,-124,0,3,"(0,10]",0,0,0,0,250,181-365,1,4,29,958,1.0,0,1,8,181,2,2,0,0.0,0.0,0.0,0.0,0.0,0.0
1776,full_active,0,1,1,2016,500+,19089,"[1w,10w)",301,250+,1089,730+,0,3,28,652,,0,1,8,36,4,4,0,0.0,0.0,1.0,0.0,0.0,0.0
1785,full_active,0,1,1,34,"(10,50]",41,"[10,100)",5,"[5,30)",1923,730+,1,2,19,620,1.0,0,1,9,310,3,3,0,0.0,1.0,0.0,0.0,0.0,0.0
1786,high_active,0,-124,0,175,"(150,250]",14,"[10,100)",3,"[1,5)",1392,730+,1,4,10,59,1.0,0,0,24,137,5,0,0,0.0,0.0,1.0,0.0,0.0,0.0
1791,full_active,0,1,1,739,500+,226,"[100,1k)",103,"[60,120)",1443,730+,0,6,10,286,1.0,0,0,13,67,6,4,0,0.0,0.0,0.0,0.0,0.0,0.0
1802,middle_active,0,-124,0,122,"(100,150]",24,"[10,100)",9,"[5,30)",1396,730+,1,1,33,956,2.0,0,0,31,299,6,2,0,1.0,0.0,0.0,0.0,0.0,0.0
1806,full_active,0,-124,1,384,"(250,500]",32,"[10,100)",6,"[5,30)",1765,730+,0,4,19,527,2.0,0,0,33,141,5,3,0,1.0,0.0,0.0,0.0,0.0,0.0
1808,day_new,0,-124,1,61,"(50,100]",26,"[10,100)",15,"[5,30)",1738,730+,1,3,2,1177,2.0,0,0,42,63,1,3,2,0.0,0.0,0.0,0.0,0.0,0.0
1809,high_active,0,-124,1,850,500+,448,"[100,1k)",411,250+,647,366-730,1,2,29,906,1.0,0,0,7,252,1,3,2,0.0,0.0,0.0,0.0,0.0,0.0
1816,high_active,0,-124,1,65,"(50,100]",25,"[10,100)",0,0,971,730+,1,6,2,1180,2.0,0,0,13,390,3,0,2,1.0,0.0,0.0,0.0,0.0,0.0
1820,high_active,0,-124,1,155,"(150,250]",4,"[1,10)",0,0,151,91-180,1,0,29,1324,1.0,0,0,13,392,6,3,0,1.0,0.0,0.0,0.0,0.0,0.0
1823,full_active,0,-124,1,139,"(100,150]",179,"[100,1k)",94,"[60,120)",1731,730+,1,1,29,977,2.0,0,0,13,330,5,4,0,1.0,0.0,0.0,0.0,0.0,0.0
1826,full_active,0,-124,1,1725,500+,251,"[100,1k)",163,"[120,250)",309,181-365,1,6,48,685,1.0,0,0,15,214,6,3,0,0.0,0.0,0.0,0.0,0.0,0.0
1837,full_active,0,-124,1,454,"(250,500]",543,"[100,1k)",296,250+,1363,730+,0,1,2,1151,3.0,0,0,15,214,6,3,2,1.0,0.0,0.0,0.0,0.0,0.0
1840,full_active,0,-124,1,1,"(0,10]",18,"[10,100)",0,0,30,15-30,0,2,31,377,1.0,0,1,10,254,3,0,0,0.0,0.0,0.0,0.0,0.0,0.0
1851,full_active,0,1,1,670,500+,7,"[1,10)",1,"[1,5)",1340,730+,1,4,10,215,1.0,0,1,0,149,6,4,0,1.0,0.0,0.0,0.0,0.0,0.0
1862,low_active,0,-124,1,356,"(250,500]",458,"[100,1k)",186,"[120,250)",2219,730+,1,1,2,1159,3.0,0,1,9,167,1,3,2,1.0,0.0,0.0,0.0,0.0,0.0
1865,full_active,0,-124,1,356,"(250,500]",978,"[100,1k)",335,250+,1020,730+,0,1,2,1153,5.0,0,1,9,88,5,2,2,1.0,0.0,0.0,0.0,0.0,0.0
1872,full_active,0,-124,1,1661,500+,493,"[100,1k)",493,250+,1413,730+,1,3,48,698,1.0,0,1,44,121,5,2,0,0.0,0.0,1.0,0.0,0.0,0.0
1874,high_active,0,1,1,1310,500+,1437,"[1k,5k)",789,250+,1669,730+,1,5,9,296,0.0,0,1,43,43,1,3,0,1.0,0.0,0.0,0.0,0.0,0.0
1876,full_active,0,-124,0,150,"(100,150]",2,"[1,10)",0,0,1616,730+,1,4,31,377,2.0,0,1,44,101,5,3,0,1.0,0.0,0.0,0.0,0.0,0.0
1882,full_active,0,-124,1,47,"(10,50]",6,"[1,10)",4,"[1,5)",1190,730+,0,2,9,859,1.0,0,1,18,256,3,3,0,1.0,0.0,0.0,0.0,0.0,0.0
1894,full_active,0,-124,1,494,"(250,500]",52,"[10,100)",26,"[5,30)",2109,730+,1,3,10,271,3.0,0,0,26,408,6,2,0,1.0,0.0,1.0,0.0,0.0,0.0
1896,full_active,0,-124,1,531,500+,7,"[1,10)",0,0,91,91-180,1,4,2,1169,8.0,0,1,44,238,4,2,2,1.0,0.0,0.0,0.0,0.0,0.0
1898,full_active,0,1,1,102,"(100,150]",116,"[100,1k)",17,"[5,30)",1494,730+,0,4,19,578,1.0,0,0,31,42,6,4,0,1.0,0.0,0.0,0.0,0.0,0.0
1902,high_active,0,-124,1,128,"(100,150]",29,"[10,100)",22,"[5,30)",949,730+,1,2,29,950,1.0,0,0,7,20,0,0,0,1.0,0.0,0.0,0.0,0.0,0.0
1903,full_active,0,1,1,1438,500+,98,"[10,100)",59,"[30,60)",1771,730+,1,3,10,293,1.0,0,0,7,77,5,3,0,1.0,0.0,0.0,0.0,0.0,0.0
1913,high_active,0,-124,1,722,500+,219,"[100,1k)",199,"[120,250)",1273,730+,0,3,19,597,2.0,0,1,34,80,1,3,0,1.0,0.0,0.0,0.0,0.0,0.0
1917,full_active,0,1,1,804,500+,1278,"[1k,5k)",569,250+,2269,730+,0,3,29,958,1.0,0,0,14,62,1,3,0,1.0,1.0,0.0,0.0,0.0,0.0
1918,high_active,0,-124,1,272,"(250,500]",1121,"[1k,5k)",189,"[120,250)",1728,730+,0,1,2,1220,2.0,0,0,15,109,3,2,2,1.0,0.0,0.0,0.0,0.0,0.0
1920,full_active,0,1,1,1715,500+,71,"[10,100)",48,"[30,60)",2746,730+,1,2,10,844,1.0,0,0,13,183,6,3,0,1.0,0.0,0.0,0.0,0.0,0.0
1922,full_active,0,-124,1,926,500+,908,"[100,1k)",552,250+,1163,730+,0,3,29,1316,1.0,0,1,43,221,4,3,0,1.0,0.0,0.0,0.0,0.0,0.0
1924,full_active,0,-124,1,6,"(0,10]",38,"[10,100)",6,"[5,30)",849,730+,1,0,31,376,2.0,0,1,44,291,6,2,0,0.0,0.0,0.0,1.0,0.0,0.0
1925,full_active,0,-124,1,414,"(250,500]",1132,"[1k,5k)",410,250+,753,730+,0,1,19,544,2.0,0,0,30,258,1,3,0,0.0,0.0,0.0,0.0,0.0,0.0
1941,full_active,0,-124,1,326,"(250,500]",353,"[100,1k)",313,250+,802,730+,0,5,2,1143,2.0,0,0,19,378,3,4,1,0.0,0.0,1.0,0.0,0.0,0.0
1947,full_active,0,-124,0,25,"(10,50]",3,"[1,10)",0,0,1037,730+,1,1,29,891,1.0,0,0,31,275,5,3,0,0.0,1.0,0.0,0.0,0.0,0.0
1950,high_active,0,-124,1,30,"(10,50]",34,"[10,100)",17,"[5,30)",1058,730+,1,2,2,1159,3.0,0,1,18,413,4,3,2,1.0,0.0,0.0,0.0,0.0,0.0
1955,full_active,0,1,1,365,"(250,500]",64,"[10,100)",23,"[5,30)",1239,730+,1,2,31,753,0.0,0,1,8,314,5,2,0,1.0,0.0,0.0,0.0,0.0,0.0
1960,high_active,0,-124,1,2831,500+,29,"[10,100)",25,"[5,30)",1530,730+,0,2,28,1130,,0,1,0,347,6,3,1,1.0,0.0,0.0,0.0,0.0,0.0
1968,full_active,0,-124,1,3,"(0,10]",2,"[1,10)",2,"[1,5)",27,15-30,1,4,19,620,1.0,0,0,42,63,1,4,0,1.0,0.0,0.0,0.0,0.0,0.0
1971,full_active,0,1,1,394,"(250,500]",909,"[100,1k)",357,250+,988,730+,0,2,2,1151,3.0,0,0,42,421,1,4,2,0.0,0.0,0.0,0.0,0.0,0.0
1983,full_active,0,-124,1,213,"(150,250]",618,"[100,1k)",208,"[120,250)",1061,730+,0,2,2,1175,2.0,0,1,8,248,6,3,2,1.0,0.0,0.0,0.0,0.0,0.0
1992,full_active,0,1,1,1052,500+,1348,"[1k,5k)",1034,250+,1395,730+,1,2,19,625,2.0,0,0,15,118,6,3,0,1.0,0.0,0.0,0.0,0.0,0.0
1996,full_active,0,1,1,118,"(100,150]",760,"[100,1k)",44,"[30,60)",1058,730+,0,2,2,1160,4.0,0,0,42,72,1,2,2,1.0,0.0,0.0,0.0,0.0,0.0
2023,middle_active,0,-124,1,71,"(50,100]",5,"[1,10)",0,0,1681,730+,0,4,19,656,2.0,0,0,15,274,6,0,0,1.0,0.0,0.0,0.0,0.0,0.0
2028,full_active,0,1,1,143,"(100,150]",395,"[100,1k)",94,"[60,120)",2028,730+,0,2,19,656,2.0,0,0,33,414,1,4,0,1.0,0.0,0.0,0.0,0.0,0.0
2035,high_active,0,-124,1,995,500+,91,"[10,100)",66,"[60,120)",1069,730+,0,4,19,531,2.0,0,0,15,438,3,4,0,0.0,0.0,0.0,0.0,0.0,0.0
2037,full_active,0,-124,1,184,"(150,250]",181,"[100,1k)",153,"[120,250)",844,730+,0,2,19,622,1.0,0,1,18,256,3,2,0,0.0,0.0,0.0,0.0,0.0,0.0
2039,full_active,0,1,1,58,"(50,100]",181,"[100,1k)",52,"[30,60)",1387,730+,0,2,29,906,1.0,0,0,15,441,1,3,0,0.0,0.0,0.0,0.0,0.0,0.0
2040,full_active,0,-124,1,26,"(10,50]",9,"[1,10)",2,"[1,5)",992,730+,1,4,19,597,2.0,0,1,44,400,5,4,0,0.0,0.0,0.0,0.0,0.0,0.0
2044,high_active,0,-124,1,51,"(50,100]",37,"[10,100)",14,"[5,30)",2272,730+,0,3,10,178,3.0,0,0,24,235,1,3,0,1.0,0.0,0.0,0.0,0.0,0.0
2047,high_active,0,-124,0,444,"(250,500]",2,"[1,10)",1,"[1,5)",795,730+,1,5,10,565,1.0,0,1,8,248,6,3,0,1.0,0.0,0.0,0.0,0.0,0.0
2050,high_active,0,-124,1,53,"(50,100]",55,"[10,100)",49,"[30,60)",837,730+,0,1,29,1340,1.0,0,1,8,36,4,4,0,1.0,1.0,0.0,0.0,0.0,0.0
2051,full_active,0,1,1,1237,500+,1772,"[1k,5k)",1182,250+,1427,730+,0,2,2,1175,1.0,0,1,2,399,4,3,0,1.0,0.0,0.0,0.0,0.0,0.0
2053,high_active,0,-124,1,119,"(100,150]",100,"[100,1k)",41,"[30,60)",2564,730+,0,2,2,1171,5.0,0,0,7,176,1,2,2,1.0,0.0,0.0,0.0,0.0,0.0
2056,high_active,0,-124,1,286,"(250,500]",108,"[100,1k)",79,"[60,120)",1515,730+,0,2,19,567,0.0,0,0,42,223,1,3,0,1.0,0.0,0.0,0.0,0.0,0.0
2063,full_active,0,-124,1,202,"(150,250]",357,"[100,1k)",200,"[120,250)",1542,730+,1,2,29,932,2.0,0,1,10,254,3,2,0,0.0,0.0,0.0,0.0,0.0,0.0
2065,full_active,0,1,1,2,"(0,10]",114,"[100,1k)",2,"[1,5)",1401,730+,1,2,31,736,0.0,0,0,31,220,3,4,0,1.0,0.0,0.0,0.0,0.0,0.0
2073,high_active,0,-124,1,153,"(150,250]",11,"[10,100)",1,"[1,5)",1711,730+,1,0,29,955,3.0,0,1,9,88,5,3,0,0.0,0.0,0.0,0.0,0.0,0.0
2086,full_active,0,-124,1,46,"(10,50]",68,"[10,100)",20,"[5,30)",1564,730+,0,1,19,646,3.0,0,1,8,64,5,2,0,1.0,0.0,0.0,0.0,0.0,0.0
2096,full_active,0,-124,0,106,"(100,150]",16,"[10,100)",4,"[1,5)",1591,730+,0,5,29,906,1.0,0,0,28,278,1,3,0,1.0,0.0,0.0,0.0,0.0,0.0
2101,high_active,0,-124,1,123,"(100,150]",128,"[100,1k)",58,"[30,60)",990,730+,1,1,29,901,1.0,0,1,34,80,1,3,0,1.0,0.0,0.0,0.0,0.0,0.0
2102,high_active,0,-124,1,1416,500+,487,"[100,1k)",47,"[30,60)",2296,730+,1,4,2,1158,5.0,0,0,22,123,1,3,2,1.0,0.0,0.0,0.0,0.0,0.0
2109,full_active,0,-124,1,544,500+,933,"[100,1k)",276,250+,421,366-730,0,1,10,230,1.0,0,1,0,295,6,0,0,1.0,0.0,0.0,0.0,0.0,0.0
2112,full_active,0,-124,1,181,"(150,250]",55,"[10,100)",31,"[30,60)",1049,730+,1,5,29,920,1.0,0,1,43,384,1,3,0,1.0,0.0,0.0,0.0,0.0,0.0
2115,full_active,0,-124,0,69,"(50,100]",2,"[1,10)",1,"[1,5)",757,730+,1,2,19,637,1.0,0,1,44,291,6,3,0,1.0,0.0,0.0,0.0,0.0,0.0
2121,full_active,0,-124,1,35,"(10,50]",1,"[1,10)",0,0,1907,730+,1,4,2,1161,8.0,0,1,44,121,5,3,2,1.0,0.0,0.0,1.0,1.0,1.0
2133,full_active,0,-124,0,41,"(10,50]",0,0,0,0,354,181-365,1,6,2,1209,9.0,0,0,19,111,6,0,2,1.0,0.0,0.0,0.0,0.0,0.0
2137,full_active,0,-124,1,46,"(10,50]",14,"[10,100)",12,"[5,30)",445,366-730,0,4,29,958,1.0,0,1,44,400,5,2,0,1.0,0.0,0.0,0.0,0.0,0.0
2141,full_active,0,-124,1,75,"(50,100]",50,"[10,100)",49,"[30,60)",1212,730+,0,0,29,964,1.0,0,1,0,417,6,3,0,1.0,0.0,0.0,0.0,0.0,0.0
2142,full_active,0,-124,1,4998,500+,367,"[100,1k)",306,250+,984,730+,1,4,19,642,1.0,27,2,73,6,0,1,0,1.0,0.0,0.0,0.0,0.0,0.0
2148,full_active,0,-124,1,22,"(10,50]",3,"[1,10)",2,"[1,5)",1531,730+,1,4,19,531,2.0,0,0,24,137,5,0,0,1.0,1.0,0.0,0.0,0.0,0.0
2150,full_active,0,1,1,1456,500+,314,"[100,1k)",125,"[120,250)",1828,730+,1,4,10,268,3.0,0,1,20,348,4,2,0,1.0,1.0,0.0,0.0,0.0,0.0
2152,full_active,0,-124,1,898,500+,291,"[100,1k)",255,250+,1117,730+,1,6,28,340,,0,0,22,412,5,2,0,1.0,0.0,0.0,0.0,0.0,0.0
2153,full_active,0,-124,1,855,500+,45,"[10,100)",44,"[30,60)",2260,730+,1,3,31,459,3.0,0,0,33,228,1,2,0,1.0,0.0,1.0,0.0,0.0,0.0
2157,middle_active,0,-124,1,5,"(0,10]",5,"[1,10)",5,"[5,30)",1544,730+,1,1,33,956,2.0,0,1,21,157,3,3,0,0.0,0.0,0.0,0.0,0.0,0.0
2166,high_active,0,-124,0,304,"(250,500]",3,"[1,10)",2,"[1,5)",1767,730+,0,4,2,1177,2.0,0,0,24,380,1,0,2,1.0,0.0,0.0,0.0,0.0,0.0
2178,full_active,0,-124,0,61,"(50,100]",7,"[1,10)",2,"[1,5)",1533,730+,1,4,19,583,1.0,0,0,24,357,3,2,0,0.0,0.0,0.0,0.0,0.0,0.0
2179,middle_active,0,-124,1,591,500+,81,"[10,100)",48,"[30,60)",721,366-730,1,1,29,950,1.0,0,0,15,304,1,3,0,1.0,0.0,0.0,0.0,0.0,0.0
2189,high_active,0,-124,1,3492,500+,264,"[100,1k)",107,"[60,120)",984,730+,0,4,19,526,1.0,0,1,43,136,3,3,0,1.0,0.0,0.0,0.0,0.0,0.0
2190,full_active,0,-124,1,229,"(150,250]",21,"[10,100)",5,"[5,30)",850,730+,1,4,10,1038,2.0,0,0,38,139,4,0,0,1.0,0.0,0.0,0.0,0.0,0.0
2191,high_active,0,-124,0,3,"(0,10]",0,0,0,0,62,61-90,1,3,2,1158,7.0,0,0,13,390,3,3,2,1.0,0.0,0.0,0.0,0.0,0.0
2193,full_active,0,-124,0,83,"(50,100]",16,"[10,100)",11,"[5,30)",1644,730+,1,1,33,956,2.0,0,0,31,354,3,2,0,1.0,0.0,0.0,1.0,1.0,0.0
2194,full_active,0,-124,1,250,"(150,250]",316,"[100,1k)",191,"[120,250)",1693,730+,0,4,29,966,3.0,0,0,28,367,3,2,0,1.0,0.0,0.0,0.0,0.0,0.0
2202,high_active,0,-124,1,633,500+,842,"[100,1k)",180,"[120,250)",1477,730+,0,1,19,567,0.0,0,0,15,93,6,3,0,1.0,0.0,0.0,0.0,0.0,0.0
2203,full_active,0,-124,1,227,"(150,250]",237,"[100,1k)",226,"[120,250)",952,730+,0,2,9,859,1.0,0,0,31,275,5,2,0,1.0,0.0,0.0,0.0,0.0,0.0
2212,full_active,0,1,1,154,"(150,250]",298,"[100,1k)",154,"[120,250)",1813,730+,1,2,2,1158,5.0,0,1,12,316,1,3,2,0.0,0.0,0.0,0.0,0.0,0.0
2215,full_active,0,1,1,131,"(100,150]",170,"[100,1k)",59,"[30,60)",2049,730+,0,3,29,904,2.0,0,0,7,154,1,3,0,1.0,0.0,0.0,0.0,0.0,0.0
2216,full_active,0,1,1,332,"(250,500]",573,"[100,1k)",319,250+,1431,730+,0,5,29,936,1.0,0,0,42,120,1,4,0,1.0,0.0,0.0,0.0,0.0,0.0
2217,full_active,0,1,1,382,"(250,500]",475,"[100,1k)",369,250+,1874,730+,1,4,19,606,1.0,0,0,7,252,1,2,0,1.0,0.0,1.0,0.0,0.0,0.0
2218,full_active,0,-124,1,302,"(250,500]",205,"[100,1k)",120,"[120,250)",1196,730+,0,4,29,934,1.0,0,0,31,193,3,4,0,1.0,0.0,0.0,0.0,0.0,0.0
2221,high_active,0,-124,1,854,500+,411,"[100,1k)",282,250+,1544,730+,0,5,31,414,0.0,0,1,32,33,2,3,0,1.0,0.0,1.0,0.0,0.0,0.0
2228,high_active,0,-124,1,262,"(250,500]",8,"[1,10)",3,"[1,5)",535,366-730,0,0,7,221,0.0,0,0,19,48,1,4,0,1.0,0.0,0.0,0.0,0.0,0.0
2231,high_active,0,-124,0,68,"(50,100]",8,"[1,10)",7,"[5,30)",568,366-730,1,1,10,104,0.0,0,0,31,276,6,2,0,0.0,0.0,0.0,0.0,0.0,0.0
2236,full_active,0,1,1,111,"(100,150]",1067,"[1k,5k)",65,"[60,120)",2845,730+,1,2,2,1160,4.0,0,0,31,354,3,3,2,0.0,0.0,0.0,0.0,0.0,0.0
2241,full_active,0,-124,1,484,"(250,500]",580,"[100,1k)",477,250+,710,366-730,0,5,2,1179,2.0,0,1,5,270,5,4,2,1.0,1.0,1.0,0.0,0.0,0.0
2245,full_active,0,-124,1,184,"(150,250]",256,"[100,1k)",168,"[120,250)",662,366-730,0,1,10,259,1.0,0,1,20,348,4,2,0,0.0,0.0,0.0,0.0,0.0,0.0
2254,full_active,0,1,1,258,"(250,500]",438,"[100,1k)",257,250+,1198,730+,1,1,2,1153,4.0,0,0,33,107,1,2,2,1.0,0.0,0.0,0.0,0.0,0.0
2261,full_active,0,-124,1,9,"(0,10]",185,"[100,1k)",2,"[1,5)",1407,730+,1,2,10,852,4.0,0,1,43,336,3,2,0,1.0,0.0,0.0,1.0,1.0,0.0
2264,middle_active,0,-124,1,77,"(50,100]",9,"[1,10)",4,"[1,5)",2559,730+,1,1,2,1180,2.0,0,0,15,214,6,0,2,1.0,0.0,0.0,0.0,0.0,0.0
2265,middle_active,0,-124,1,125,"(100,150]",33,"[10,100)",27,"[5,30)",308,181-365,1,1,19,544,2.0,0,0,7,182,1,3,0,0.0,0.0,0.0,0.0,0.0,0.0
2269,high_active,0,-124,1,20,"(10,50]",13,"[10,100)",11,"[5,30)",1346,730+,0,4,19,578,1.0,0,1,20,191,5,2,0,0.0,0.0,0.0,0.0,0.0,0.0
2270,full_active,0,-124,1,24,"(10,50]",213,"[100,1k)",4,"[1,5)",1103,730+,0,5,29,891,1.0,0,0,24,359,1,3,0,0.0,1.0,0.0,0.0,0.0,0.0
2279,full_active,0,-124,1,253,"(250,500]",13,"[10,100)",3,"[1,5)",869,730+,0,0,19,525,0.0,0,0,13,117,6,2,0,0.0,0.0,0.0,0.0,0.0,0.0
2284,full_active,0,-124,0,16,"(10,50]",3,"[1,10)",3,"[1,5)",42,31-60,1,3,28,993,,0,0,30,251,3,3,0,1.0,0.0,0.0,0.0,0.0,0.0
2287,middle_active,0,-124,1,4997,500+,2625,"[1k,5k)",1786,250+,834,730+,0,1,10,281,0.0,0,0,15,93,6,3,0,0.0,1.0,0.0,0.0,0.0,0.0
2295,full_active,0,-124,1,116,"(100,150]",132,"[100,1k)",41,"[30,60)",1926,730+,1,4,29,929,2.0,0,0,13,390,3,4,0,1.0,0.0,1.0,0.0,0.0,0.0
2297,full_active,0,1,1,40,"(10,50]",21,"[10,100)",13,"[5,30)",281,181-365,1,3,31,369,1.0,0,0,7,138,1,3,0,1.0,0.0,0.0,0.0,0.0,0.0
2306,middle_active,0,-124,0,281,"(250,500]",17,"[10,100)",12,"[5,30)",1617,730+,0,1,29,936,1.0,0,1,18,256,3,0,0,1.0,0.0,1.0,0.0,0.0,0.0
2312,full_active,0,-124,1,419,"(250,500]",415,"[100,1k)",406,250+,1610,730+,0,1,29,920,1.0,0,0,15,438,3,3,0,1.0,0.0,0.0,0.0,0.0,0.0
2324,high_active,0,1,1,2297,500+,2022,"[1k,5k)",432,250+,1233,730+,1,5,24,818,4.0,0,0,13,117,6,3,0,1.0,0.0,0.0,0.0,0.0,0.0
2331,middle_active,0,-124,0,2,"(0,10]",0,0,0,0,1257,730+,1,4,10,79,0.0,0,1,20,348,4,4,0,1.0,0.0,0.0,0.0,0.0,0.0
2332,full_active,0,1,1,349,"(250,500]",131,"[100,1k)",116,"[60,120)",570,366-730,1,3,19,594,1.0,0,1,34,201,4,3,0,1.0,0.0,0.0,0.0,0.0,0.0
2337,high_active,0,-124,1,255,"(250,500]",60,"[10,100)",37,"[30,60)",1040,730+,1,5,29,893,1.0,0,1,9,88,5,2,0,0.0,0.0,0.0,0.0,0.0,0.0
2344,high_active,0,-124,1,190,"(150,250]",383,"[100,1k)",181,"[120,250)",1379,730+,0,1,29,990,1.0,0,0,15,371,3,3,0,1.0,0.0,0.0,0.0,0.0,0.0
2352,high_active,0,-124,1,249,"(150,250]",249,"[100,1k)",161,"[120,250)",2202,730+,0,4,10,230,1.0,0,0,26,38,1,4,0,1.0,0.0,0.0,0.0,0.0,0.0
2362,high_active,0,-124,1,116,"(100,150]",50,"[10,100)",34,"[30,60)",2002,730+,1,3,19,656,2.0,0,1,44,101,5,0,0,1.0,0.0,0.0,0.0,0.0,0.0
2367,full_active,0,-124,1,63,"(50,100]",83,"[10,100)",22,"[5,30)",60,31-60,1,1,2,1157,5.0,0,1,20,202,5,2,2,1.0,0.0,0.0,0.0,0.0,0.0
2370,full_active,0,-124,1,62,"(50,100]",18,"[10,100)",7,"[5,30)",2362,730+,1,3,10,130,2.0,0,0,33,234,1,2,0,1.0,0.0,0.0,0.0,0.0,0.0
2372,full_active,0,-124,1,221,"(150,250]",121,"[100,1k)",22,"[5,30)",244,181-365,0,4,19,640,1.0,0,1,43,43,1,3,0,1.0,1.0,0.0,0.0,0.0,0.0
2376,full_active,0,-124,1,302,"(250,500]",182,"[100,1k)",123,"[120,250)",65,61-90,1,4,28,658,,0,1,43,336,3,3,0,0.0,0.0,0.0,0.0,0.0,0.0
2377,full_active,0,1,1,2001,500+,510,"[100,1k)",272,250+,1713,730+,0,6,48,693,1.0,0,0,30,368,4,0,0,0.0,1.0,0.0,0.0,0.0,0.0
2378,high_active,0,-124,1,406,"(250,500]",355,"[100,1k)",354,250+,64,61-90,0,1,19,556,2.0,0,1,8,64,5,0,0,0.0,0.0,0.0,0.0,0.0,0.0
2381,full_active,0,-124,1,1349,500+,34,"[10,100)",24,"[5,30)",2338,730+,1,2,31,738,1.0,0,1,43,221,4,2,0,1.0,0.0,0.0,0.0,1.0,0.0
2385,full_active,0,-124,0,269,"(250,500]",35,"[10,100)",7,"[5,30)",1783,730+,1,4,24,823,9.0,0,0,31,275,5,3,0,1.0,0.0,1.0,0.0,0.0,0.0
2392,high_active,0,-124,1,38,"(10,50]",17,"[10,100)",15,"[5,30)",835,730+,0,4,31,417,0.0,0,0,15,394,4,2,0,,,,,,
2394,full_active,0,-124,1,865,500+,527,"[100,1k)",409,250+,1392,730+,0,5,19,583,1.0,0,0,7,398,1,2,0,0.0,0.0,0.0,0.0,0.0,0.0
2395,full_active,0,-124,1,758,500+,128,"[100,1k)",52,"[30,60)",1335,730+,1,6,19,1241,2.0,0,0,38,139,4,3,0,1.0,0.0,0.0,0.0,0.0,0.0
2396,2_14_day_new,0,-124,1,375,"(250,500]",21,"[10,100)",7,"[5,30)",1254,730+,1,4,28,652,,0,1,43,230,1,3,0,1.0,0.0,0.0,0.0,0.0,0.0
2408,middle_active,0,-124,1,50,"(10,50]",14680,"[1w,10w)",46,"[30,60)",673,366-730,0,1,10,86,0.0,0,1,10,76,3,3,0,0.0,0.0,1.0,0.0,0.0,0.0
2410,full_active,0,-124,1,370,"(250,500]",35,"[10,100)",19,"[5,30)",2039,730+,0,2,29,929,2.0,0,1,34,155,3,3,0,1.0,0.0,0.0,0.0,0.0,0.0
2411,high_active,0,-124,1,5,"(0,10]",21,"[10,100)",3,"[1,5)",1264,730+,1,2,2,1160,4.0,0,0,14,135,6,2,2,0.0,0.0,0.0,0.0,0.0,0.0
2414,full_active,0,-124,0,533,500+,6,"[1,10)",3,"[1,5)",2212,730+,1,3,19,598,2.0,0,1,8,344,6,3,0,1.0,0.0,0.0,0.0,0.0,0.0
2444,high_active,0,-124,1,448,"(250,500]",7,"[1,10)",5,"[5,30)",495,366-730,0,4,19,620,1.0,0,0,31,42,6,3,0,0.0,1.0,0.0,0.0,0.0,0.0
2446,middle_active,0,-124,1,507,500+,680,"[100,1k)",359,250+,1180,730+,0,1,29,906,1.0,0,0,15,438,3,3,0,1.0,0.0,0.0,0.0,0.0,0.0
2450,full_active,0,1,1,249,"(150,250]",403,"[100,1k)",241,"[120,250)",585,366-730,0,1,2,1152,3.0,0,0,31,42,6,4,2,1.0,0.0,0.0,0.0,0.0,0.0
2454,full_active,0,-124,1,93,"(50,100]",293,"[100,1k)",92,"[60,120)",558,366-730,0,1,2,1159,3.0,0,0,15,394,4,3,2,1.0,0.0,0.0,0.0,0.0,0.0
2455,full_active,0,-124,1,21,"(10,50]",13,"[10,100)",9,"[5,30)",1416,730+,1,3,19,626,0.0,0,0,15,118,6,3,0,0.0,0.0,1.0,0.0,1.0,0.0
2459,full_active,0,-124,1,106,"(100,150]",10,"[10,100)",3,"[1,5)",524,366-730,0,2,19,583,1.0,0,0,42,112,1,0,0,1.0,0.0,0.0,0.0,0.0,0.0
2461,full_active,0,-124,1,132,"(100,150]",14,"[10,100)",7,"[5,30)",1393,730+,1,5,19,510,1.0,0,0,13,333,6,3,0,,,,,,
2470,middle_active,0,1,1,502,500+,851,"[100,1k)",462,250+,2063,730+,0,2,2,1171,5.0,0,1,43,221,4,2,2,1.0,0.0,0.0,0.0,0.0,0.0
2476,full_active,0,-124,0,229,"(150,250]",7,"[1,10)",1,"[1,5)",2123,730+,0,3,28,340,,0,0,31,37,3,2,0,1.0,0.0,0.0,0.0,0.0,0.0
2480,high_active,0,-124,1,128,"(100,150]",29,"[10,100)",9,"[5,30)",1576,730+,0,4,10,1037,0.0,0,1,44,121,5,0,0,1.0,0.0,0.0,0.0,0.0,0.0
2481,full_active,0,-124,1,539,500+,147,"[100,1k)",34,"[30,60)",2205,730+,1,4,2,1160,4.0,0,0,31,276,6,4,2,1.0,0.0,0.0,0.0,0.0,0.0
2484,full_active,0,1,1,171,"(150,250]",488,"[100,1k)",132,"[120,250)",1807,730+,1,4,28,68,,0,0,13,267,6,2,0,1.0,0.0,0.0,0.0,0.0,0.0
2487,full_active,0,-124,1,774,500+,371,"[100,1k)",49,"[30,60)",1867,730+,0,4,29,953,2.0,0,0,33,234,1,2,0,1.0,0.0,0.0,0.0,0.0,0.0
2490,full_active,0,1,1,462,"(250,500]",267,"[100,1k)",152,"[120,250)",1626,730+,0,5,29,929,2.0,0,0,19,81,6,2,0,1.0,0.0,0.0,0.0,0.0,0.0
2492,high_active,0,-124,1,380,"(250,500]",298,"[100,1k)",35,"[30,60)",2031,730+,1,4,19,594,1.0,0,0,22,104,6,2,0,1.0,0.0,0.0,0.0,0.0,0.0
2495,full_active,0,-124,1,234,"(150,250]",131,"[100,1k)",75,"[60,120)",2175,730+,0,5,19,611,1.0,0,0,13,117,6,3,0,1.0,0.0,0.0,0.0,0.0,0.0
2498,full_active,0,-124,1,510,500+,13,"[10,100)",9,"[5,30)",1534,730+,1,2,29,904,2.0,0,1,8,36,4,4,0,0.0,0.0,0.0,0.0,1.0,0.0
2501,2_14_day_new,0,1,1,1188,500+,779,"[100,1k)",453,250+,90,61-90,1,1,29,1321,1.0,0,1,9,375,1,3,0,0.0,0.0,0.0,0.0,0.0,0.0
2502,full_active,0,-124,1,382,"(250,500]",114,"[100,1k)",71,"[60,120)",1512,730+,1,2,19,594,1.0,0,0,13,67,6,3,0,0.0,0.0,0.0,0.0,0.0,0.0
2510,high_active,0,-124,1,13,"(10,50]",28,"[10,100)",0,0,1978,730+,1,3,10,855,1.0,0,1,18,144,3,3,0,0.0,0.0,0.0,0.0,0.0,0.0
2513,full_active,0,1,1,95,"(50,100]",168,"[100,1k)",45,"[30,60)",977,730+,0,3,29,966,3.0,0,0,30,251,3,4,0,1.0,0.0,0.0,0.0,0.0,0.0
2521,full_active,0,-124,1,374,"(250,500]",107,"[100,1k)",66,"[60,120)",1828,730+,1,2,29,894,3.0,0,0,19,396,3,4,0,1.0,0.0,0.0,1.0,1.0,0.0
2526,full_active,0,-124,1,88,"(50,100]",334,"[100,1k)",85,"[60,120)",1758,730+,0,1,2,1158,7.0,0,1,43,221,4,4,2,1.0,0.0,0.0,0.0,0.0,0.0
2528,high_active,0,-124,1,140,"(100,150]",190,"[100,1k)",61,"[60,120)",348,181-365,1,4,2,1153,5.0,0,1,10,373,5,2,2,1.0,0.0,0.0,0.0,0.0,0.0
2530,high_active,0,-124,1,0,0,5,"[1,10)",0,0,61,61-90,1,1,2,1169,8.0,0,1,18,413,4,2,2,0.0,0.0,0.0,0.0,0.0,0.0
2545,full_active,0,-124,1,3,"(0,10]",0,0,0,0,1841,730+,1,6,31,754,1.0,0,0,24,416,1,3,0,,,,,,
2547,full_active,0,1,1,974,500+,423,"[100,1k)",259,250+,1736,730+,1,4,19,569,1.0,0,1,44,147,4,3,0,1.0,0.0,0.0,1.0,0.0,0.0
2552,middle_active,0,-124,1,169,"(150,250]",95,"[10,100)",67,"[60,120)",817,730+,1,2,9,278,2.0,0,1,43,192,3,0,0,1.0,0.0,0.0,0.0,0.0,0.0
2553,full_active,0,-124,0,9,"(0,10]",1,"[1,10)",1,"[1,5)",1396,730+,0,6,28,340,,0,1,34,86,3,0,0,1.0,0.0,0.0,0.0,0.0,0.0
2555,full_active,0,-124,1,8,"(0,10]",7,"[1,10)",5,"[5,30)",49,31-60,1,2,2,1160,4.0,0,0,22,412,5,4,2,1.0,0.0,0.0,0.0,0.0,0.0
2559,high_active,0,1,1,56,"(50,100]",145,"[100,1k)",54,"[30,60)",1047,730+,1,4,31,382,3.0,0,0,7,77,5,2,0,1.0,0.0,0.0,0.0,0.0,0.0
2564,full_active,0,-124,1,53,"(50,100]",62,"[10,100)",15,"[5,30)",1250,730+,1,4,10,66,3.0,0,0,24,357,3,3,0,1.0,0.0,0.0,0.0,0.0,0.0
2568,full_active,0,1,1,85,"(50,100]",40,"[10,100)",24,"[5,30)",2090,730+,1,3,31,369,1.0,0,0,1,82,2,2,0,1.0,0.0,0.0,0.0,0.0,0.0
2570,high_active,0,-124,1,172,"(150,250]",2,"[1,10)",1,"[1,5)",269,181-365,1,1,48,703,2.0,0,1,18,362,6,0,0,1.0,0.0,0.0,0.0,0.0,0.0
2573,full_active,0,1,1,917,500+,461,"[100,1k)",310,250+,1779,730+,1,4,19,645,3.0,0,0,19,81,6,2,0,1.0,0.0,1.0,0.0,0.0,0.0
2581,high_active,0,-124,1,68,"(50,100]",30,"[10,100)",10,"[5,30)",2360,730+,0,2,2,1171,5.0,0,0,15,394,4,3,2,1.0,0.0,0.0,0.0,0.0,0.0
2585,full_active,0,1,1,49,"(10,50]",26,"[10,100)",6,"[5,30)",1265,730+,1,2,2,1165,6.0,0,1,8,36,4,4,2,0.0,0.0,0.0,0.0,0.0,0.0
2593,middle_active,0,-124,1,198,"(150,250]",62,"[10,100)",29,"[5,30)",1065,730+,1,1,29,950,1.0,0,1,34,80,1,4,0,0.0,0.0,0.0,0.0,0.0,0.0
2596,full_active,0,-124,1,353,"(250,500]",336,"[100,1k)",297,250+,738,730+,0,1,19,659,1.0,0,0,22,104,6,2,0,1.0,0.0,0.0,0.0,0.0,0.0
2602,full_active,0,1,1,3391,500+,5107,"[5k,1w)",3260,250+,944,730+,1,5,10,272,3.0,0,0,30,251,3,4,0,0.0,0.0,0.0,0.0,0.0,0.0
2611,high_active,0,-124,1,40,"(10,50]",39,"[10,100)",37,"[30,60)",135,91-180,1,1,29,1334,0.0,0,1,9,167,1,3,0,1.0,0.0,0.0,0.0,0.0,0.0
2624,middle_active,0,-124,1,21,"(10,50]",27,"[10,100)",15,"[5,30)",1289,730+,1,1,28,1003,,0,1,20,383,6,3,0,0.0,0.0,0.0,0.0,0.0,0.0
2641,full_active,0,-124,1,8,"(0,10]",1,"[1,10)",0,0,1955,730+,1,2,29,1306,1.0,0,1,8,200,5,2,0,0.0,0.0,0.0,0.0,0.0,0.0
2642,middle_active,0,-124,1,273,"(250,500]",16,"[10,100)",10,"[5,30)",1438,730+,0,1,29,949,1.0,0,0,31,42,6,0,0,1.0,0.0,0.0,0.0,0.0,0.0
2645,full_active,0,1,1,2329,500+,127,"[100,1k)",88,"[60,120)",1697,730+,0,5,29,891,1.0,0,0,24,264,4,4,0,,,,,,
2652,full_active,0,-124,1,280,"(250,500]",362,"[100,1k)",102,"[60,120)",454,366-730,1,4,10,178,3.0,0,0,33,195,1,2,0,1.0,0.0,1.0,1.0,1.0,0.0
2656,full_active,0,-124,1,752,500+,195,"[100,1k)",10,"[5,30)",1961,730+,1,4,10,852,4.0,0,0,7,176,1,3,0,1.0,0.0,0.0,0.0,0.0,0.0
2662,full_active,0,-124,1,1187,500+,290,"[100,1k)",286,250+,1395,730+,1,4,9,296,0.0,0,1,43,221,4,3,0,1.0,1.0,1.0,0.0,0.0,0.0
2663,high_active,0,-124,1,20,"(10,50]",12,"[10,100)",5,"[5,30)",1203,730+,1,2,10,442,0.0,0,1,8,260,3,3,0,0.0,0.0,0.0,0.0,0.0,0.0
2670,high_active,0,-124,1,303,"(250,500]",43,"[10,100)",22,"[5,30)",1912,730+,0,4,19,563,4.0,0,1,18,196,3,3,0,0.0,0.0,0.0,0.0,0.0,0.0
2672,full_active,0,-124,0,155,"(150,250]",1,"[1,10)",1,"[1,5)",648,366-730,1,4,10,852,4.0,0,0,19,378,3,3,0,,,,,,
2674,full_active,0,-124,1,3,"(0,10]",8,"[1,10)",0,0,755,730+,1,2,29,947,1.0,0,0,15,69,6,3,0,0.0,0.0,0.0,0.0,0.0,0.0
2676,high_active,0,-124,1,90,"(50,100]",93,"[10,100)",64,"[60,120)",1086,730+,1,1,31,754,1.0,0,1,2,399,4,3,0,1.0,0.0,0.0,0.0,0.0,0.0
2684,full_active,0,1,1,4129,500+,3610,"[1k,5k)",2487,250+,1192,730+,1,6,10,844,1.0,0,0,30,251,3,3,0,1.0,0.0,0.0,0.0,0.0,0.0
2686,full_active,0,-124,1,777,500+,193,"[100,1k)",40,"[30,60)",1896,730+,0,4,49,1012,1.0,0,0,22,320,1,3,0,1.0,0.0,1.0,0.0,0.0,0.0
2688,full_active,0,1,1,31,"(10,50]",25,"[10,100)",3,"[1,5)",2176,730+,1,3,19,634,2.0,0,1,9,83,3,2,0,0.0,0.0,0.0,0.0,0.0,0.0
2692,full_active,0,-124,0,166,"(150,250]",2,"[1,10)",2,"[1,5)",896,730+,1,2,10,456,1.0,0,0,13,67,6,4,0,1.0,0.0,1.0,0.0,0.0,0.0
2696,full_active,0,-124,1,83,"(50,100]",135,"[100,1k)",35,"[30,60)",1143,730+,0,1,10,277,1.0,0,1,18,196,3,0,0,1.0,0.0,0.0,0.0,0.0,0.0
2698,full_active,0,1,1,1095,500+,191,"[100,1k)",104,"[60,120)",1266,730+,0,3,10,242,1.0,0,1,10,254,3,3,0,1.0,0.0,1.0,0.0,0.0,0.0
2700,full_active,0,-124,1,582,500+,274,"[100,1k)",192,"[120,250)",797,730+,1,4,29,899,1.0,0,0,19,396,3,3,0,1.0,0.0,0.0,0.0,0.0,0.0
2705,high_active,0,1,1,182,"(150,250]",753,"[100,1k)",57,"[30,60)",1622,730+,0,3,10,252,1.0,0,1,10,254,3,4,0,1.0,0.0,0.0,0.0,0.0,0.0
2708,high_active,0,1,1,118,"(100,150]",49,"[10,100)",6,"[5,30)",1642,730+,1,2,2,1159,3.0,0,1,43,43,1,3,2,1.0,0.0,0.0,0.0,0.0,0.0
2710,high_active,0,-124,1,158,"(150,250]",12,"[10,100)",5,"[5,30)",770,730+,1,4,31,415,0.0,0,0,13,67,6,3,0,1.0,0.0,0.0,0.0,0.0,0.0
2728,high_active,0,-124,1,439,"(250,500]",260,"[100,1k)",63,"[60,120)",749,730+,0,0,2,1122,2.0,0,0,38,139,4,2,1,0.0,0.0,0.0,0.0,0.0,0.0
2735,full_active,0,-124,1,52,"(50,100]",282,"[100,1k)",4,"[1,5)",1748,730+,0,4,10,1008,3.0,0,0,19,396,3,2,0,1.0,0.0,0.0,0.0,0.0,0.0
2738,full_active,0,-124,1,38,"(10,50]",1,"[1,10)",0,0,163,91-180,1,2,10,127,2.0,0,1,2,399,4,2,0,1.0,0.0,0.0,0.0,0.0,0.0
2747,high_active,0,-124,1,28,"(10,50]",48,"[10,100)",20,"[5,30)",1234,730+,0,2,19,570,0.0,0,1,34,381,1,3,0,0.0,0.0,0.0,0.0,0.0,0.0
2748,full_active,0,-124,1,170,"(150,250]",218,"[100,1k)",144,"[120,250)",1219,730+,0,2,31,364,0.0,0,0,7,138,1,3,0,0.0,0.0,0.0,0.0,0.0,0.0
2759,middle_active,0,-124,1,147,"(100,150]",106,"[100,1k)",82,"[60,120)",29,15-30,0,1,10,74,0.0,0,1,43,221,4,0,0,1.0,0.0,0.0,0.0,0.0,0.0
2764,high_active,0,-124,1,106,"(100,150]",16,"[10,100)",8,"[5,30)",1365,730+,1,6,10,718,1.0,0,0,30,251,3,3,0,1.0,0.0,0.0,0.0,0.0,0.0
2776,middle_active,0,-124,1,139,"(100,150]",0,0,0,0,1476,730+,1,4,19,529,1.0,0,1,44,289,5,0,0,1.0,0.0,1.0,0.0,0.0,0.0
2782,full_active,0,-124,1,443,"(250,500]",20,"[10,100)",7,"[5,30)",2290,730+,0,4,10,474,6.0,0,1,5,95,5,2,0,1.0,0.0,0.0,0.0,0.0,0.0
2783,middle_active,0,-124,1,148,"(100,150]",157,"[100,1k)",146,"[120,250)",77,61-90,0,1,19,570,0.0,0,1,43,232,3,3,0,0.0,1.0,0.0,0.0,0.0,0.0
2785,high_active,0,-124,0,22,"(10,50]",0,0,0,0,151,91-180,1,3,28,68,,0,0,33,195,1,3,0,1.0,0.0,0.0,0.0,0.0,0.0
2792,full_active,0,-124,1,151,"(150,250]",134,"[100,1k)",24,"[5,30)",1601,730+,0,5,29,904,2.0,0,0,19,111,6,2,0,1.0,0.0,0.0,0.0,0.0,0.0
2802,high_active,0,-124,1,22,"(10,50]",15,"[10,100)",15,"[5,30)",351,181-365,1,1,19,516,0.0,0,1,12,29,6,4,0,0.0,0.0,0.0,0.0,0.0,0.0
2803,full_active,0,1,1,407,"(250,500]",431,"[100,1k)",67,"[60,120)",2392,730+,0,4,29,880,1.0,0,0,7,182,1,3,0,1.0,0.0,0.0,0.0,0.0,0.0
2807,full_active,0,-124,1,1036,500+,77,"[10,100)",29,"[5,30)",1515,730+,1,5,19,625,2.0,0,0,30,251,3,0,0,1.0,0.0,0.0,0.0,0.0,0.0
2811,full_active,0,1,1,1020,500+,229,"[100,1k)",83,"[60,120)",1800,730+,0,3,19,573,1.0,0,0,33,134,3,3,0,1.0,0.0,0.0,0.0,0.0,0.0
2813,high_active,0,-124,1,141,"(100,150]",11,"[10,100)",7,"[5,30)",1213,730+,0,6,2,1180,2.0,0,0,30,368,4,0,2,1.0,0.0,0.0,0.0,0.0,0.0
2829,low_active,0,-124,1,35,"(10,50]",27,"[10,100)",7,"[5,30)",828,730+,1,4,19,672,2.0,0,0,30,114,6,3,0,1.0,0.0,0.0,0.0,0.0,0.0
2830,full_active,0,-124,1,311,"(250,500]",333,"[100,1k)",211,"[120,250)",915,730+,0,1,2,1151,3.0,0,0,15,304,1,3,2,0.0,0.0,0.0,0.0,0.0,0.0
2831,full_active,0,-124,1,166,"(150,250]",160,"[100,1k)",68,"[60,120)",1414,730+,0,4,19,595,1.0,0,0,24,264,4,2,0,1.0,0.0,0.0,0.0,0.0,0.0
2843,full_active,0,1,1,392,"(250,500]",722,"[100,1k)",383,250+,971,730+,1,4,2,1160,4.0,0,0,33,414,1,4,2,0.0,0.0,0.0,0.0,0.0,0.0
2844,full_active,0,-124,1,1091,500+,430,"[100,1k)",143,"[120,250)",835,730+,1,6,19,632,0.0,0,0,42,63,1,2,0,1.0,0.0,0.0,0.0,0.0,0.0
2847,full_active,0,-124,0,44,"(10,50]",5,"[1,10)",0,0,537,366-730,0,4,10,169,1.0,0,1,43,221,4,4,0,1.0,0.0,0.0,0.0,0.0,0.0
2857,full_active,0,1,1,58,"(50,100]",31,"[10,100)",22,"[5,30)",1726,730+,0,3,2,1158,7.0,0,1,20,348,4,2,2,1.0,0.0,0.0,0.0,0.0,0.0
2861,high_active,0,-124,1,1622,500+,546,"[100,1k)",367,250+,1841,730+,1,4,29,964,1.0,0,1,34,345,1,0,0,1.0,0.0,0.0,0.0,0.0,0.0
2869,full_active,0,-124,1,7,"(0,10]",6,"[1,10)",5,"[5,30)",507,366-730,0,1,31,754,1.0,0,1,17,365,6,2,0,1.0,0.0,0.0,0.0,1.0,0.0
2870,full_active,0,-124,1,244,"(150,250]",122,"[100,1k)",96,"[60,120)",401,366-730,0,3,31,687,2.0,0,1,34,80,1,3,0,1.0,0.0,0.0,0.0,0.0,0.0
2902,high_active,0,-124,1,16,"(10,50]",56,"[10,100)",15,"[5,30)",1852,730+,0,2,19,583,1.0,0,0,42,115,1,3,0,1.0,0.0,0.0,0.0,0.0,0.0
2909,full_active,0,1,1,20,"(10,50]",320,"[100,1k)",3,"[1,5)",1708,730+,1,3,2,1162,8.0,0,1,8,287,2,2,2,1.0,0.0,0.0,0.0,0.0,0.0
2911,full_active,0,-124,0,12,"(10,50]",2,"[1,10)",0,0,784,730+,0,3,2,1167,9.0,0,0,7,77,5,0,2,1.0,0.0,0.0,0.0,0.0,0.0
2912,full_active,0,-124,0,8,"(0,10]",1,"[1,10)",0,0,1653,730+,1,4,31,417,0.0,0,0,31,283,6,4,0,1.0,0.0,0.0,0.0,0.0,0.0
2915,middle_active,0,-124,1,1050,500+,1025,"[1k,5k)",888,250+,1107,730+,0,1,19,606,1.0,0,1,10,450,3,3,0,1.0,0.0,0.0,1.0,0.0,0.0
2916,full_active,0,1,1,711,500+,314,"[100,1k)",174,"[120,250)",1645,730+,1,2,19,637,1.0,0,1,8,200,5,3,0,1.0,0.0,1.0,0.0,0.0,0.0
2932,full_active,0,-124,1,213,"(150,250]",18,"[10,100)",2,"[1,5)",1584,730+,0,4,19,583,1.0,0,1,9,324,3,4,0,1.0,0.0,0.0,0.0,0.0,0.0
2940,high_active,0,-124,1,220,"(150,250]",5,"[1,10)",2,"[1,5)",856,730+,0,0,19,513,0.0,0,1,20,272,6,2,0,1.0,0.0,0.0,0.0,0.0,0.0
2954,full_active,0,-124,1,173,"(150,250]",95,"[10,100)",59,"[30,60)",892,730+,0,5,19,588,2.0,0,1,44,147,4,0,0,1.0,0.0,1.0,0.0,0.0,0.0
2956,full_active,0,-124,0,36,"(10,50]",5,"[1,10)",2,"[1,5)",95,91-180,1,4,29,1297,1.0,0,0,7,154,1,3,0,1.0,1.0,0.0,0.0,0.0,0.0
2966,high_active,0,1,1,4991,500+,5135,"[5k,1w)",3623,250+,1369,730+,1,5,19,637,1.0,0,0,7,398,1,3,0,1.0,0.0,1.0,0.0,0.0,0.0
2967,2_14_day_new,0,1,1,457,"(250,500]",536,"[100,1k)",457,250+,1584,730+,0,6,28,657,,0,0,26,408,6,3,0,,,,,,
2981,full_active,0,-124,0,165,"(150,250]",11,"[10,100)",2,"[1,5)",1355,730+,0,5,29,1324,1.0,0,0,24,45,3,3,0,1.0,0.0,0.0,0.0,0.0,0.0
2985,full_active,0,1,1,684,500+,194,"[100,1k)",161,"[120,250)",1510,730+,1,4,11,967,1.0,0,0,7,138,1,3,0,0.0,0.0,0.0,0.0,0.0,0.0
2987,full_active,0,-124,1,0,0,55,"[10,100)",0,0,1423,730+,1,5,29,904,2.0,0,0,24,137,5,0,0,1.0,0.0,0.0,0.0,0.0,0.0
2991,full_active,0,1,1,910,500+,361,"[100,1k)",181,"[120,250)",2076,730+,1,4,29,988,1.0,0,0,22,412,5,3,0,1.0,0.0,0.0,0.0,0.0,0.0
2993,full_active,0,-124,1,32,"(10,50]",4,"[1,10)",3,"[1,5)",476,366-730,1,1,10,1038,2.0,0,1,0,102,5,3,0,1.0,0.0,0.0,0.0,1.0,0.0
2996,full_active,0,-124,1,123,"(100,150]",6,"[1,10)",2,"[1,5)",452,366-730,0,2,29,949,1.0,0,0,30,368,4,3,0,0.0,0.0,0.0,0.0,0.0,0.0
3000,full_active,0,-124,1,2385,500+,205,"[100,1k)",51,"[30,60)",968,730+,0,5,31,728,0.0,0,0,14,452,3,3,0,1.0,0.0,0.0,0.0,0.0,0.0
3002,full_active,0,1,1,2661,500+,4000,"[1k,5k)",1051,250+,1280,730+,1,5,29,931,1.0,0,0,7,154,1,4,0,1.0,1.0,0.0,0.0,0.0,0.0
3007,high_active,0,-124,1,495,"(250,500]",15,"[10,100)",12,"[5,30)",1066,730+,0,4,19,622,1.0,0,1,9,310,3,4,0,1.0,0.0,0.0,0.0,0.0,0.0
3009,full_active,0,-124,1,20,"(10,50]",3,"[1,10)",3,"[1,5)",111,91-180,1,4,28,139,,0,0,15,297,1,3,0,1.0,0.0,0.0,0.0,0.0,0.0
3015,full_active,0,1,1,84,"(50,100]",129,"[100,1k)",10,"[5,30)",1994,730+,0,3,10,269,2.0,0,0,26,408,6,3,0,1.0,0.0,0.0,0.0,0.0,0.0
3017,full_active,0,1,1,92,"(50,100]",123,"[100,1k)",10,"[5,30)",2814,730+,0,3,2,1165,6.0,0,0,13,267,6,2,2,1.0,0.0,0.0,0.0,0.0,0.0
3022,full_active,0,1,1,636,500+,109,"[100,1k)",66,"[60,120)",1577,730+,1,4,10,240,0.0,0,0,30,185,1,2,0,1.0,1.0,0.0,0.0,0.0,0.0
3026,full_active,0,-124,1,239,"(150,250]",3,"[1,10)",2,"[1,5)",2529,730+,1,3,2,1165,6.0,0,1,18,293,1,3,2,1.0,0.0,0.0,0.0,0.0,0.0
3031,full_active,0,-124,1,45,"(10,50]",69,"[10,100)",16,"[5,30)",557,366-730,1,1,29,909,1.0,0,0,15,118,6,4,0,0.0,0.0,0.0,0.0,0.0,0.0
3034,high_active,0,-124,1,99,"(50,100]",31,"[10,100)",7,"[5,30)",1811,730+,1,3,2,1158,7.0,0,0,1,82,2,2,2,1.0,0.0,0.0,0.0,0.0,0.0
3047,full_active,0,1,1,521,500+,250,"[100,1k)",141,"[120,250)",1088,730+,1,4,2,1153,4.0,0,0,24,380,1,3,2,,,,,,
3064,high_active,0,-124,1,77,"(50,100]",8,"[1,10)",7,"[5,30)",280,181-365,1,0,2,1145,3.0,0,1,37,99,5,2,1,,,,,,
3066,full_active,0,-124,0,246,"(150,250]",1,"[1,10)",1,"[1,5)",638,366-730,1,3,29,941,2.0,0,1,44,289,5,3,0,0.0,0.0,0.0,0.0,0.0,0.0
3071,middle_active,0,-124,1,108,"(100,150]",9,"[1,10)",2,"[1,5)",513,366-730,0,5,2,1152,3.0,0,0,33,382,3,4,2,0.0,0.0,0.0,0.0,0.0,0.0
3082,full_active,0,1,1,309,"(250,500]",518,"[100,1k)",152,"[120,250)",1835,730+,0,2,10,456,1.0,0,1,10,254,3,3,0,1.0,0.0,0.0,0.0,0.0,0.0
3090,full_active,0,-124,1,683,500+,933,"[100,1k)",641,250+,635,366-730,1,2,2,1159,3.0,0,0,31,42,6,2,2,0.0,0.0,0.0,0.0,0.0,0.0
3099,middle_active,0,-124,1,1003,500+,233,"[100,1k)",208,"[120,250)",260,181-365,1,1,19,632,0.0,0,1,5,270,5,3,0,1.0,0.0,0.0,0.0,0.0,0.0
3101,full_active,0,-124,1,76,"(50,100]",21,"[10,100)",8,"[5,30)",272,181-365,1,4,29,927,4.0,0,1,32,33,2,2,0,1.0,1.0,1.0,0.0,0.0,0.0
3104,high_active,0,-124,1,31,"(10,50]",8,"[1,10)",5,"[5,30)",168,91-180,0,4,49,1012,1.0,0,1,20,174,5,0,0,1.0,0.0,0.0,0.0,0.0,0.0
3110,full_active,0,1,1,250,"(150,250]",251,"[100,1k)",88,"[60,120)",1215,730+,1,5,29,890,0.0,0,0,31,296,3,3,0,1.0,0.0,0.0,0.0,0.0,0.0
3126,full_active,0,-124,1,777,500+,14,"[10,100)",10,"[5,30)",296,181-365,0,1,29,950,1.0,0,1,2,399,4,0,0,0.0,0.0,0.0,0.0,0.0,0.0
3131,high_active,0,-124,1,122,"(100,150]",9,"[1,10)",5,"[5,30)",1388,730+,1,4,29,935,3.0,0,0,31,143,6,3,0,1.0,0.0,0.0,0.0,0.0,0.0
3145,full_active,0,-124,0,21,"(10,50]",5,"[1,10)",1,"[1,5)",1585,730+,1,4,19,594,1.0,0,0,15,151,3,3,0,1.0,1.0,0.0,0.0,0.0,0.0
3157,full_active,0,-124,1,388,"(250,500]",90,"[10,100)",56,"[30,60)",1274,730+,0,1,10,142,2.0,0,1,43,312,1,2,0,1.0,0.0,0.0,0.0,0.0,0.0
3180,middle_active,0,1,1,0,0,799,"[100,1k)",0,0,1274,730+,1,5,29,890,0.0,0,0,1,82,2,3,0,1.0,0.0,0.0,0.0,0.0,0.0
3182,middle_active,0,-124,1,42,"(10,50]",11,"[10,100)",4,"[1,5)",2522,730+,1,2,2,1153,4.0,0,1,5,31,6,3,0,1.0,0.0,0.0,0.0,0.0,0.0
3185,full_active,0,-124,1,296,"(250,500]",64,"[10,100)",64,"[60,120)",82,61-90,0,1,19,606,1.0,0,0,15,109,3,3,0,1.0,0.0,0.0,0.0,0.0,0.0
3201,full_active,0,-124,1,18,"(10,50]",599,"[100,1k)",16,"[5,30)",2533,730+,1,4,10,765,2.0,0,0,22,320,1,3,0,1.0,0.0,0.0,0.0,0.0,0.0
3204,high_active,0,-124,1,1020,500+,22,"[10,100)",8,"[5,30)",1642,730+,0,1,29,949,1.0,0,0,14,448,1,0,0,1.0,0.0,0.0,0.0,0.0,0.0
3212,middle_active,0,-124,1,374,"(250,500]",9,"[1,10)",5,"[5,30)",685,366-730,1,1,29,920,1.0,0,0,13,183,6,3,0,0.0,0.0,0.0,0.0,0.0,0.0
3217,full_active,0,1,1,965,500+,35,"[10,100)",18,"[5,30)",2004,730+,1,2,2,1160,4.0,0,1,18,196,3,2,2,1.0,0.0,0.0,0.0,0.0,0.0
3230,high_active,0,-124,1,1252,500+,699,"[100,1k)",574,250+,756,730+,0,1,2,1125,2.0,0,0,31,343,3,4,1,0.0,0.0,0.0,0.0,0.0,0.0
3231,middle_active,0,-124,1,0,0,2,"[1,10)",0,0,816,730+,1,2,10,112,3.0,0,1,9,243,6,2,0,1.0,0.0,1.0,0.0,0.0,0.0
3235,full_active,0,1,1,131,"(100,150]",194,"[100,1k)",10,"[5,30)",2538,730+,1,1,3,767,2.0,0,0,31,242,3,3,0,1.0,0.0,0.0,0.0,1.0,0.0
3247,2_14_day_new,0,1,1,39,"(10,50]",21,"[10,100)",2,"[1,5)",2105,730+,0,2,2,1171,5.0,0,1,8,36,4,4,2,1.0,0.0,0.0,0.0,0.0,0.0
3249,high_active,0,-124,1,311,"(250,500]",79,"[10,100)",76,"[60,120)",430,366-730,1,4,19,617,4.0,0,0,15,93,6,4,0,1.0,0.0,0.0,0.0,0.0,0.0
3254,full_active,0,-124,1,230,"(150,250]",60,"[10,100)",21,"[5,30)",2332,730+,1,5,33,1404,2.0,0,0,24,410,3,3,0,1.0,0.0,1.0,0.0,0.0,0.0
3256,full_active,0,-124,1,29,"(10,50]",47,"[10,100)",29,"[5,30)",632,366-730,1,1,2,1152,3.0,0,1,20,348,4,2,2,0.0,0.0,0.0,0.0,0.0,0.0
3259,high_active,0,-124,0,355,"(250,500]",1,"[1,10)",0,0,324,181-365,1,2,2,1166,8.0,0,1,20,161,6,4,2,1.0,0.0,0.0,0.0,0.0,0.0
3265,full_active,0,-124,1,125,"(100,150]",176,"[100,1k)",94,"[60,120)",1284,730+,0,4,19,656,2.0,0,0,19,49,1,2,0,1.0,0.0,1.0,0.0,0.0,0.0
3274,full_active,0,-124,1,98,"(50,100]",40,"[10,100)",21,"[5,30)",1938,730+,1,6,19,567,0.0,0,0,24,403,1,3,0,0.0,1.0,0.0,0.0,0.0,0.0
3275,full_active,0,-124,1,7,"(0,10]",7,"[1,10)",0,0,1388,730+,1,6,28,658,,0,0,14,135,6,0,0,0.0,0.0,0.0,0.0,0.0,0.0
3292,full_active,0,1,1,1774,500+,992,"[100,1k)",422,250+,2347,730+,0,3,19,620,1.0,0,0,19,387,1,3,0,1.0,0.0,0.0,0.0,0.0,0.0
3293,full_active,0,1,1,955,500+,1238,"[1k,5k)",937,250+,1298,730+,1,5,29,958,1.0,0,0,30,114,6,2,0,1.0,0.0,0.0,0.0,0.0,0.0
3297,full_active,0,1,1,163,"(150,250]",13,"[10,100)",2,"[1,5)",1191,730+,1,4,9,1041,3.0,0,0,13,67,6,3,0,0.0,0.0,0.0,0.0,0.0,0.0
3307,full_active,0,1,1,474,"(250,500]",164,"[100,1k)",14,"[5,30)",1784,730+,1,2,33,956,2.0,0,0,19,48,1,3,0,0.0,0.0,0.0,0.0,1.0,0.0
3309,2_14_day_new,0,1,1,388,"(250,500]",149,"[100,1k)",37,"[30,60)",1559,730+,0,4,2,1171,5.0,0,0,15,178,3,4,2,1.0,0.0,0.0,0.0,0.0,0.0
3310,full_active,0,1,1,519,500+,581,"[100,1k)",382,250+,1080,730+,1,1,19,569,1.0,0,1,34,80,1,3,0,0.0,0.0,0.0,0.0,0.0,0.0
3313,middle_active,0,-124,1,1135,500+,494,"[100,1k)",337,250+,1446,730+,1,1,34,960,1.0,0,0,13,333,6,3,0,0.0,0.0,0.0,0.0,0.0,0.0
3314,full_active,0,-124,0,16,"(10,50]",0,0,0,0,162,91-180,1,4,10,144,0.0,0,1,8,294,6,3,0,1.0,1.0,0.0,0.0,0.0,0.0
3325,2_14_day_new,0,-124,0,41,"(10,50]",8,"[1,10)",7,"[5,30)",738,730+,1,0,29,1340,1.0,0,1,34,155,3,3,0,0.0,0.0,0.0,0.0,0.0,0.0
3330,full_active,0,-124,1,72,"(50,100]",13,"[10,100)",2,"[1,5)",600,366-730,0,4,9,479,2.0,0,0,1,82,2,3,0,1.0,0.0,0.0,0.0,0.0,0.0
3338,high_active,0,1,1,366,"(250,500]",56,"[10,100)",15,"[5,30)",2616,730+,1,4,10,851,3.0,0,1,0,102,5,4,0,1.0,0.0,1.0,0.0,0.0,0.0
3339,high_active,0,-124,1,71,"(50,100]",50,"[10,100)",32,"[30,60)",834,730+,1,5,29,1301,1.0,0,1,18,325,3,4,0,0.0,0.0,0.0,0.0,0.0,0.0
3348,full_active,0,-124,1,1595,500+,371,"[100,1k)",185,"[120,250)",1058,730+,1,1,9,715,3.0,0,1,34,376,1,4,0,1.0,0.0,0.0,0.0,0.0,0.0
3350,full_active,0,-124,1,73,"(50,100]",69,"[10,100)",20,"[5,30)",1141,730+,0,4,29,890,0.0,0,0,13,204,3,3,0,1.0,0.0,0.0,0.0,0.0,0.0
3351,full_active,0,-124,1,30,"(10,50]",66,"[10,100)",29,"[5,30)",390,366-730,1,1,2,1160,4.0,0,0,15,304,1,2,2,1.0,0.0,0.0,0.0,0.0,0.0
3357,high_active,0,-124,0,121,"(100,150]",2,"[1,10)",0,0,661,366-730,1,3,2,1158,7.0,0,0,30,368,4,3,2,1.0,0.0,0.0,0.0,0.0,0.0
3362,full_active,0,-124,1,665,500+,20,"[10,100)",3,"[1,5)",1788,730+,0,5,19,599,2.0,0,1,8,287,2,2,0,0.0,0.0,0.0,0.0,0.0,0.0
3371,full_active,0,1,1,147,"(100,150]",156,"[100,1k)",121,"[120,250)",1405,730+,1,2,2,1160,4.0,0,1,12,281,5,2,2,0.0,0.0,0.0,0.0,0.0,0.0
3378,high_active,0,-124,1,191,"(150,250]",15,"[10,100)",6,"[5,30)",940,730+,0,4,2,1167,9.0,0,0,31,271,6,0,2,1.0,0.0,0.0,0.0,0.0,0.0
3394,full_active,0,-124,1,389,"(250,500]",172,"[100,1k)",99,"[60,120)",774,730+,0,1,10,230,1.0,0,1,34,345,1,3,0,1.0,0.0,0.0,0.0,0.0,0.0
3397,full_active,0,-124,1,2443,500+,102,"[100,1k)",96,"[60,120)",1261,730+,0,1,29,936,1.0,0,0,33,227,3,3,0,1.0,0.0,0.0,0.0,0.0,0.0
3399,middle_active,0,-124,0,0,0,0,0,0,0,192,181-365,1,4,10,61,1.0,0,1,8,287,2,2,0,1.0,0.0,0.0,0.0,0.0,0.0
3405,full_active,0,-124,1,4,"(0,10]",9,"[1,10)",2,"[1,5)",460,366-730,0,3,2,1165,6.0,0,0,31,343,3,0,2,1.0,0.0,0.0,0.0,0.0,0.0
3406,high_active,0,-124,1,56,"(50,100]",9,"[1,10)",2,"[1,5)",1513,730+,1,3,10,172,1.0,0,1,32,33,2,2,0,1.0,0.0,0.0,0.0,1.0,0.0
3409,full_active,0,-124,1,55,"(50,100]",50,"[10,100)",7,"[5,30)",1885,730+,0,3,2,1152,3.0,0,1,8,349,3,3,2,1.0,0.0,0.0,0.0,0.0,0.0
3414,high_active,0,1,1,318,"(250,500]",178,"[100,1k)",53,"[30,60)",1815,730+,1,3,2,1179,2.0,0,0,7,77,5,2,2,1.0,0.0,0.0,0.0,0.0,0.0
3418,full_active,0,-124,1,84,"(50,100]",152,"[100,1k)",48,"[30,60)",1559,730+,0,3,10,1008,3.0,0,1,44,238,4,2,2,1.0,0.0,0.0,0.0,0.0,0.0
3433,full_active,0,-124,1,13,"(10,50]",16,"[10,100)",9,"[5,30)",1587,730+,1,4,19,594,1.0,0,1,44,121,5,2,0,1.0,0.0,0.0,0.0,0.0,0.0
3438,high_active,0,1,1,334,"(250,500]",19,"[10,100)",18,"[5,30)",660,366-730,1,3,2,1159,3.0,0,1,17,145,3,2,2,0.0,0.0,0.0,0.0,0.0,0.0
3453,full_active,0,-124,1,85,"(50,100]",19,"[10,100)",10,"[5,30)",1680,730+,1,5,19,516,0.0,0,1,17,444,3,3,0,0.0,0.0,0.0,0.0,0.0,0.0
3459,full_active,0,-124,1,163,"(150,250]",356,"[100,1k)",149,"[120,250)",900,730+,1,1,2,1160,5.0,0,1,20,348,4,2,2,1.0,0.0,0.0,0.0,0.0,0.0
3464,full_active,0,-124,1,215,"(150,250]",431,"[100,1k)",41,"[30,60)",955,730+,1,2,10,230,1.0,0,1,10,254,3,3,0,1.0,0.0,1.0,0.0,0.0,0.0
3467,full_active,0,1,1,18,"(10,50]",77,"[10,100)",16,"[5,30)",2285,730+,0,2,29,923,2.0,0,0,33,141,5,3,0,1.0,0.0,0.0,0.0,0.0,0.0
3469,full_active,0,1,1,1549,500+,1763,"[1k,5k)",112,"[60,120)",1613,730+,0,5,19,558,2.0,0,0,33,228,1,3,0,1.0,0.0,0.0,0.0,0.0,0.0
3470,middle_active,0,-124,1,171,"(150,250]",24,"[10,100)",2,"[1,5)",57,31-60,0,1,48,708,1.0,0,0,13,330,5,4,0,1.0,0.0,0.0,0.0,0.0,0.0
3472,single_low_active,0,-124,0,1811,500+,0,0,0,0,655,366-730,1,1,28,992,,0,1,0,446,3,2,0,1.0,0.0,0.0,0.0,1.0,0.0
3475,full_active,0,-124,1,45,"(10,50]",6,"[1,10)",0,0,939,730+,1,6,2,1216,1.0,0,1,8,294,6,2,2,1.0,0.0,0.0,0.0,0.0,0.0
3480,full_active,0,-124,1,152,"(150,250]",257,"[100,1k)",96,"[60,120)",975,730+,1,1,48,689,2.0,0,1,34,201,4,2,0,1.0,0.0,0.0,0.0,0.0,0.0
3487,full_active,0,1,1,105,"(100,150]",18,"[10,100)",5,"[5,30)",2815,730+,0,2,31,384,5.0,0,1,5,332,5,0,0,1.0,0.0,0.0,0.0,0.0,0.0
3488,full_active,0,1,1,843,500+,375,"[100,1k)",208,"[120,250)",1962,730+,0,4,29,880,1.0,0,0,24,357,3,3,0,1.0,1.0,0.0,0.0,0.0,0.0
3490,full_active,0,1,1,18,"(10,50]",439,"[100,1k)",14,"[5,30)",2574,730+,1,3,2,1162,8.0,0,0,28,445,1,3,2,1.0,0.0,0.0,0.0,0.0,0.0
3492,high_active,0,-124,1,10,"(0,10]",8,"[1,10)",0,0,58,31-60,1,1,10,166,1.0,0,0,13,392,6,3,0,1.0,0.0,0.0,0.0,0.0,0.0
3498,full_active,0,-124,1,578,500+,26,"[10,100)",26,"[5,30)",2323,730+,1,4,19,655,1.0,0,0,31,354,3,3,0,1.0,1.0,0.0,0.0,0.0,0.0
3500,full_active,0,-124,1,339,"(250,500]",739,"[100,1k)",275,250+,1039,730+,0,0,19,531,2.0,0,0,13,267,6,3,0,1.0,0.0,0.0,0.0,0.0,0.0
3509,full_active,0,-124,1,202,"(150,250]",86,"[10,100)",46,"[30,60)",1208,730+,1,4,10,258,1.0,0,0,31,276,6,4,0,1.0,0.0,0.0,0.0,0.0,0.0
3520,full_active,0,-124,1,51,"(50,100]",3,"[1,10)",2,"[1,5)",1225,730+,1,0,10,335,0.0,0,1,20,383,6,0,0,1.0,0.0,0.0,0.0,0.0,0.0
3526,high_active,0,-124,1,325,"(250,500]",362,"[100,1k)",298,250+,1915,730+,0,1,10,137,1.0,0,1,2,399,4,3,0,1.0,0.0,0.0,0.0,0.0,0.0
3534,full_active,0,-124,1,97,"(50,100]",646,"[100,1k)",96,"[60,120)",1924,730+,0,1,2,1160,4.0,0,0,22,412,5,2,2,1.0,0.0,0.0,0.0,0.0,0.0
3541,full_active,0,1,1,143,"(100,150]",457,"[100,1k)",110,"[60,120)",1092,730+,1,2,48,702,1.0,0,0,42,131,1,3,0,1.0,0.0,0.0,0.0,0.0,0.0
3553,full_active,0,-124,1,3,"(0,10]",49,"[10,100)",2,"[1,5)",1258,730+,1,2,29,913,,0,1,8,39,5,4,0,1.0,0.0,0.0,0.0,0.0,0.0
3555,full_active,0,-124,1,145,"(100,150]",2053,"[1k,5k)",17,"[5,30)",2319,730+,0,2,2,1157,5.0,0,1,5,298,6,0,2,0.0,0.0,0.0,0.0,0.0,0.0
3560,full_active,0,1,1,503,500+,270,"[100,1k)",187,"[120,250)",1080,730+,0,6,10,836,1.0,0,0,14,442,1,2,0,0.0,0.0,0.0,0.0,0.0,0.0
3561,low_active,0,-124,1,204,"(150,250]",255,"[100,1k)",171,"[120,250)",2086,730+,1,2,2,1175,1.0,0,1,8,36,4,4,2,1.0,0.0,0.0,0.0,0.0,0.0
3562,full_active,0,-124,1,83,"(50,100]",12,"[10,100)",9,"[5,30)",937,730+,0,2,10,166,1.0,0,1,20,191,5,0,0,1.0,0.0,0.0,0.0,0.0,0.0
3569,full_active,0,1,1,402,"(250,500]",140,"[100,1k)",56,"[30,60)",1584,730+,1,4,10,841,1.0,0,1,20,383,6,3,0,1.0,1.0,0.0,0.0,0.0,0.0
3572,high_active,0,-124,1,67,"(50,100]",2,"[1,10)",0,0,338,181-365,1,5,29,966,2.0,0,0,15,394,4,0,0,1.0,1.0,0.0,0.0,0.0,0.0
3584,full_active,0,1,1,624,500+,326,"[100,1k)",208,"[120,250)",1173,730+,1,2,19,571,1.0,0,1,8,200,5,2,0,1.0,1.0,0.0,0.0,0.0,0.0
3593,full_active,0,-124,1,69,"(50,100]",181,"[100,1k)",21,"[5,30)",846,730+,1,3,10,464,2.0,0,0,1,82,2,0,0,1.0,0.0,0.0,0.0,0.0,0.0
3609,high_active,0,-124,1,3233,500+,462,"[100,1k)",39,"[30,60)",207,181-365,1,4,19,606,1.0,0,0,15,109,3,3,0,1.0,1.0,0.0,0.0,0.0,0.0
3619,full_active,0,-124,1,901,500+,51,"[10,100)",30,"[30,60)",1364,730+,1,5,29,1327,1.0,0,0,13,67,6,3,0,0.0,0.0,0.0,0.0,0.0,0.0
3632,full_active,0,-124,0,130,"(100,150]",6,"[1,10)",3,"[1,5)",1621,730+,1,3,19,655,1.0,0,1,20,348,4,4,0,1.0,0.0,0.0,0.0,0.0,0.0
3650,middle_active,0,-124,0,2,"(0,10]",2,"[1,10)",2,"[1,5)",96,91-180,1,1,2,1179,2.0,0,1,21,356,1,0,2,0.0,0.0,0.0,0.0,0.0,0.0
3653,2_14_day_new,0,-124,1,307,"(250,500]",2,"[1,10)",2,"[1,5)",133,91-180,1,0,19,569,1.0,0,1,0,417,6,4,0,0.0,0.0,0.0,0.0,0.0,0.0
3662,full_active,0,-124,1,1237,500+,237,"[100,1k)",206,"[120,250)",961,730+,1,4,10,841,1.0,0,0,14,452,3,4,0,1.0,0.0,0.0,0.0,0.0,0.0
3670,full_active,0,-124,1,48,"(10,50]",21,"[10,100)",7,"[5,30)",788,730+,1,5,2,1153,4.0,0,1,10,389,6,0,2,1.0,0.0,0.0,0.0,0.0,0.0
3672,high_active,0,-124,0,18,"(10,50]",3,"[1,10)",0,0,1911,730+,1,2,2,1161,8.0,0,0,31,275,5,2,2,0.0,0.0,0.0,1.0,1.0,0.0
3678,full_active,0,1,1,459,"(250,500]",32,"[10,100)",14,"[5,30)",1939,730+,1,3,20,506,2.0,0,1,8,64,5,4,0,1.0,0.0,0.0,0.0,0.0,0.0
3679,high_active,0,-124,1,61,"(50,100]",29,"[10,100)",24,"[5,30)",101,91-180,0,1,19,606,1.0,0,0,42,120,1,0,0,1.0,0.0,0.0,0.0,0.0,0.0
3681,full_active,0,1,1,457,"(250,500]",475,"[100,1k)",84,"[60,120)",2128,730+,0,3,2,1160,4.0,0,1,20,92,5,4,2,1.0,0.0,0.0,0.0,0.0,0.0
3682,middle_active,0,-124,1,299,"(250,500]",73,"[10,100)",18,"[5,30)",1913,730+,1,3,48,703,3.0,0,0,31,275,5,2,0,1.0,0.0,0.0,0.0,0.0,0.0
3686,full_active,0,-124,1,191,"(150,250]",43,"[10,100)",18,"[5,30)",2052,730+,1,4,2,1167,9.0,0,0,24,137,5,3,2,1.0,1.0,0.0,0.0,0.0,0.0
3693,full_active,0,-124,1,410,"(250,500]",169,"[100,1k)",123,"[120,250)",910,730+,0,4,29,1406,1.0,0,0,7,138,1,2,0,1.0,0.0,0.0,0.0,0.0,0.0
3711,full_active,0,-124,1,469,"(250,500]",4,"[1,10)",3,"[1,5)",1625,730+,0,4,19,622,1.0,0,0,7,176,1,3,0,1.0,0.0,0.0,0.0,0.0,0.0
3718,full_active,0,-124,1,291,"(250,500]",267,"[100,1k)",255,250+,1532,730+,0,1,19,558,2.0,0,0,13,333,6,4,0,1.0,0.0,0.0,0.0,0.0,0.0
3732,high_active,0,-124,0,72,"(50,100]",0,0,0,0,1375,730+,1,4,10,666,1.0,0,0,19,409,1,2,0,1.0,0.0,0.0,0.0,0.0,0.0
3735,high_active,0,-124,1,2183,500+,13,"[10,100)",5,"[5,30)",1570,730+,1,4,2,1168,7.0,0,1,8,262,6,2,2,1.0,0.0,0.0,0.0,0.0,0.0
3740,full_active,0,-124,1,482,"(250,500]",24,"[10,100)",14,"[5,30)",1792,730+,1,4,10,456,1.0,0,0,13,117,6,4,0,0.0,0.0,0.0,0.0,0.0,0.0
3744,high_active,0,-124,1,166,"(150,250]",293,"[100,1k)",62,"[60,120)",1037,730+,0,1,19,558,2.0,0,1,10,449,3,4,0,1.0,0.0,0.0,0.0,0.0,0.0
3747,high_active,0,-124,1,2,"(0,10]",1,"[1,10)",0,0,1057,730+,1,2,2,1171,5.0,0,1,9,243,6,2,2,1.0,0.0,0.0,0.0,0.0,0.0
3750,full_active,0,-124,1,78,"(50,100]",15,"[10,100)",3,"[1,5)",1015,730+,1,4,19,628,1.0,0,0,13,67,6,3,0,1.0,0.0,0.0,0.0,0.0,0.0
3766,full_active,0,-124,1,465,"(250,500]",109,"[100,1k)",25,"[5,30)",1179,730+,1,5,10,335,0.0,0,1,0,58,1,3,0,0.0,0.0,0.0,0.0,0.0,0.0
3768,high_active,0,-124,1,191,"(150,250]",115,"[100,1k)",57,"[30,60)",1435,730+,1,4,19,588,2.0,0,1,20,85,4,2,0,1.0,0.0,0.0,0.0,0.0,0.0
3770,full_active,0,1,1,719,500+,29,"[10,100)",2,"[1,5)",2053,730+,1,2,2,1165,6.0,0,1,20,348,4,2,2,1.0,0.0,0.0,0.0,0.0,0.0
3771,2_14_day_new,0,-124,0,30,"(10,50]",8,"[1,10)",7,"[5,30)",788,730+,1,2,2,1173,1.0,0,0,42,112,1,0,2,1.0,0.0,0.0,0.0,0.0,0.0
3777,full_active,0,-124,1,96,"(50,100]",166,"[100,1k)",95,"[60,120)",1149,730+,0,1,30,948,2.0,0,1,18,393,3,3,0,0.0,0.0,0.0,0.0,0.0,0.0
3779,high_active,0,-124,1,164,"(150,250]",65,"[10,100)",32,"[30,60)",1264,730+,1,2,19,606,1.0,0,0,30,185,1,3,0,1.0,0.0,1.0,0.0,0.0,0.0
3794,high_active,0,-124,1,23,"(10,50]",22,"[10,100)",3,"[1,5)",2305,730+,0,3,29,925,0.0,0,0,30,368,4,2,0,1.0,0.0,0.0,0.0,0.0,0.0
3795,full_active,0,1,1,769,500+,743,"[100,1k)",361,250+,471,366-730,0,4,2,1169,8.0,0,0,13,183,6,4,2,0.0,0.0,0.0,0.0,0.0,0.0
3800,full_active,0,-124,1,158,"(150,250]",130,"[100,1k)",57,"[30,60)",2241,730+,0,3,2,1162,8.0,0,1,10,449,3,3,2,0.0,0.0,0.0,0.0,0.0,0.0
3801,full_active,0,-124,1,59,"(50,100]",53,"[10,100)",27,"[5,30)",1104,730+,0,2,48,700,1.0,0,0,42,422,1,0,0,1.0,0.0,0.0,0.0,0.0,0.0
3814,full_active,0,1,1,1626,500+,133,"[100,1k)",93,"[60,120)",2313,730+,1,2,2,1159,3.0,0,0,14,116,5,2,2,0.0,0.0,0.0,0.0,0.0,0.0
3817,high_active,0,-124,1,952,500+,1182,"[1k,5k)",939,250+,217,181-365,0,4,19,616,2.0,0,0,15,118,6,0,0,1.0,0.0,0.0,0.0,0.0,0.0
3822,high_active,0,-124,1,186,"(150,250]",0,0,0,0,255,181-365,1,1,31,386,1.0,0,0,31,220,3,2,0,0.0,0.0,0.0,0.0,0.0,0.0
3823,full_active,0,-124,1,1157,500+,2231,"[1k,5k)",956,250+,1034,730+,0,1,29,890,0.0,0,0,19,378,3,3,0,1.0,1.0,0.0,1.0,0.0,0.0
3841,full_active,0,-124,1,19,"(10,50]",19,"[10,100)",10,"[5,30)",743,730+,1,4,29,924,3.0,0,0,31,432,4,2,0,1.0,1.0,0.0,0.0,0.0,0.0
3845,high_active,0,1,1,267,"(250,500]",43,"[10,100)",30,"[30,60)",1303,730+,1,4,19,628,1.0,0,1,10,389,6,2,0,1.0,0.0,0.0,0.0,0.0,0.0
3853,full_active,0,1,1,723,500+,1098,"[1k,5k)",700,250+,1477,730+,0,2,2,1160,4.0,0,1,10,254,3,4,2,0.0,0.0,0.0,0.0,0.0,0.0
3864,full_active,0,1,1,466,"(250,500]",214,"[100,1k)",109,"[60,120)",1314,730+,0,4,19,656,2.0,0,0,7,176,1,2,0,1.0,0.0,1.0,0.0,0.0,0.0
3867,high_active,0,-124,1,90,"(50,100]",5,"[1,10)",1,"[1,5)",1576,730+,1,4,10,137,1.0,0,0,13,67,6,2,0,0.0,0.0,0.0,1.0,0.0,0.0
3890,full_active,0,1,1,201,"(150,250]",326,"[100,1k)",183,"[120,250)",1376,730+,1,2,19,646,3.0,0,1,34,423,1,4,0,0.0,0.0,0.0,0.0,0.0,0.0
3894,full_active,0,-124,1,806,500+,19,"[10,100)",5,"[5,30)",814,730+,1,4,31,382,3.0,0,1,32,33,2,2,0,1.0,0.0,1.0,0.0,0.0,0.0
3901,full_active,0,-124,1,145,"(100,150]",45,"[10,100)",8,"[5,30)",1471,730+,1,6,10,1022,1.0,0,0,28,280,1,0,0,1.0,0.0,0.0,0.0,0.0,0.0
3903,full_active,0,1,1,1468,500+,643,"[100,1k)",425,250+,1243,730+,1,4,19,620,1.0,0,0,42,331,1,2,0,1.0,0.0,0.0,0.0,0.0,0.0
3911,full_active,0,-124,1,16,"(10,50]",14,"[10,100)",1,"[1,5)",348,181-365,1,4,48,702,1.0,0,0,15,118,6,3,0,1.0,0.0,0.0,0.0,0.0,0.0
3914,full_active,0,-124,1,216,"(150,250]",7,"[1,10)",2,"[1,5)",783,730+,1,6,10,169,1.0,0,0,30,114,6,3,0,0.0,0.0,0.0,0.0,0.0,0.0
3915,full_active,0,-124,0,1,"(0,10]",0,0,0,0,924,730+,1,3,10,230,1.0,0,0,15,118,6,2,0,1.0,0.0,0.0,0.0,1.0,0.0
3920,high_active,0,-124,1,2239,500+,26,"[10,100)",11,"[5,30)",1626,730+,1,4,10,205,2.0,0,0,31,432,4,2,0,1.0,0.0,0.0,0.0,0.0,0.0
3922,middle_active,0,-124,1,133,"(100,150]",195,"[100,1k)",123,"[120,250)",1721,730+,0,1,29,949,1.0,0,1,34,155,3,3,0,1.0,0.0,1.0,0.0,0.0,0.0
3923,middle_active,0,-124,1,57,"(50,100]",92,"[10,100)",1,"[1,5)",1929,730+,1,4,29,1292,1.0,0,0,15,187,3,3,0,1.0,0.0,0.0,0.0,0.0,0.0
3924,full_active,0,-124,1,284,"(250,500]",371,"[100,1k)",95,"[60,120)",838,730+,1,6,19,531,2.0,0,1,18,325,3,3,0,0.0,0.0,0.0,0.0,0.0,1.0
3935,full_active,0,-124,0,16,"(10,50]",0,0,0,0,668,366-730,1,4,19,620,1.0,0,1,8,269,3,2,0,0.0,1.0,0.0,0.0,0.0,0.0
3936,full_active,0,-124,1,1887,500+,231,"[100,1k)",200,"[120,250)",1380,730+,1,4,10,1022,1.0,0,0,7,77,5,0,0,1.0,0.0,0.0,0.0,0.0,0.0
3947,full_active,0,-124,0,311,"(250,500]",0,0,0,0,86,61-90,0,1,29,1348,0.0,0,0,7,190,1,0,0,,,,,,
3948,full_active,0,1,1,0,0,48,"[10,100)",0,0,2489,730+,1,2,10,474,6.0,0,0,24,403,1,3,0,1.0,0.0,0.0,0.0,0.0,0.0
3949,full_active,0,1,1,138,"(100,150]",593,"[100,1k)",114,"[60,120)",1726,730+,1,3,2,1155,3.0,0,1,20,191,5,4,2,1.0,0.0,0.0,0.0,0.0,0.0
3959,full_active,0,1,1,176,"(150,250]",16,"[10,100)",5,"[5,30)",700,366-730,1,4,10,178,3.0,0,0,1,82,2,4,0,1.0,0.0,1.0,0.0,0.0,0.0
3963,full_active,0,-124,1,177,"(150,250]",180,"[100,1k)",104,"[60,120)",800,730+,0,5,2,1175,2.0,0,0,14,135,6,2,2,0.0,0.0,0.0,0.0,0.0,0.0
3967,full_active,0,-124,0,20,"(10,50]",2,"[1,10)",1,"[1,5)",462,366-730,1,4,2,1196,4.0,0,1,0,102,5,4,2,1.0,0.0,0.0,0.0,0.0,0.0
3974,full_active,0,-124,1,226,"(150,250]",15,"[10,100)",8,"[5,30)",1149,730+,0,4,2,1160,5.0,8,2,67,374,0,0,2,1.0,0.0,0.0,0.0,0.0,0.0
3976,full_active,0,-124,0,11,"(10,50]",0,0,0,0,39,31-60,1,4,29,951,3.0,0,1,17,145,3,4,0,1.0,0.0,0.0,0.0,0.0,0.0
3982,high_active,0,1,1,2330,500+,162,"[100,1k)",139,"[120,250)",2153,730+,1,4,10,269,2.0,0,0,38,139,4,2,0,1.0,0.0,0.0,0.0,0.0,0.0
3984,full_active,0,-124,1,61,"(50,100]",1,"[1,10)",1,"[1,5)",223,181-365,1,0,31,427,1.0,0,0,15,151,3,3,0,0.0,0.0,0.0,0.0,0.0,0.0
4012,full_active,0,-124,0,278,"(250,500]",5,"[1,10)",1,"[1,5)",838,730+,0,6,10,166,1.0,0,0,14,135,6,0,0,0.0,0.0,0.0,0.0,0.0,0.0
4015,full_active,0,-124,1,233,"(150,250]",738,"[100,1k)",232,"[120,250)",496,366-730,0,1,29,891,1.0,0,0,30,185,1,4,0,0.0,0.0,0.0,0.0,0.0,0.0
4025,full_active,0,-124,1,447,"(250,500]",299,"[100,1k)",173,"[120,250)",1188,730+,0,6,19,632,0.0,0,0,14,339,3,2,0,1.0,0.0,0.0,0.0,0.0,0.0
4026,full_active,0,-124,0,183,"(150,250]",27,"[10,100)",23,"[5,30)",1224,730+,0,5,31,736,0.0,0,0,13,361,1,3,0,1.0,0.0,0.0,0.0,0.0,0.0
4028,single_low_active,0,-124,0,260,"(250,500]",11,"[10,100)",5,"[5,30)",1840,730+,1,3,29,947,1.0,0,0,15,118,6,3,0,1.0,0.0,0.0,0.0,0.0,0.0
4031,full_active,0,1,1,151,"(150,250]",75,"[10,100)",50,"[30,60)",926,730+,1,2,2,1160,4.0,0,1,10,450,3,3,2,1.0,0.0,0.0,0.0,0.0,0.0
4044,full_active,0,-124,0,1,"(0,10]",1,"[1,10)",0,0,319,181-365,1,4,30,948,2.0,0,1,43,221,4,0,0,1.0,0.0,1.0,0.0,0.0,0.0
4046,high_active,0,-124,0,22,"(10,50]",0,0,0,0,458,366-730,0,2,10,215,1.0,0,0,30,119,1,2,0,1.0,0.0,0.0,0.0,0.0,0.0
4062,full_active,0,-124,1,167,"(150,250]",209,"[100,1k)",153,"[120,250)",1870,730+,0,2,2,1160,5.0,0,0,13,330,5,3,2,1.0,0.0,0.0,0.0,0.0,0.0
4066,high_active,0,-124,0,1159,500+,8,"[1,10)",5,"[5,30)",954,730+,0,5,10,268,3.0,0,0,31,432,4,2,0,1.0,0.0,0.0,0.0,0.0,0.0
4079,full_active,0,-124,1,226,"(150,250]",245,"[100,1k)",210,"[120,250)",841,730+,0,1,2,1165,6.0,0,1,44,400,5,2,2,0.0,0.0,0.0,0.0,0.0,0.0
4085,full_active,0,-124,1,70,"(50,100]",69,"[10,100)",11,"[5,30)",1800,730+,1,6,19,622,1.0,0,0,19,110,1,3,0,1.0,0.0,0.0,0.0,0.0,0.0
4090,full_active,0,-124,0,6,"(0,10]",1,"[1,10)",0,0,1244,730+,1,3,2,1152,3.0,0,1,8,349,3,0,2,0.0,0.0,0.0,0.0,1.0,0.0
4094,2_14_day_new,0,1,1,243,"(150,250]",444,"[100,1k)",228,"[120,250)",1275,730+,1,2,2,1158,7.0,0,1,43,221,4,4,2,1.0,0.0,0.0,0.0,0.0,0.0
4101,full_active,0,-124,1,97,"(50,100]",1206,"[1k,5k)",96,"[60,120)",1778,730+,1,2,9,478,2.0,0,0,33,234,1,2,0,1.0,0.0,0.0,0.0,1.0,0.0
4105,full_active,0,-124,1,726,500+,92,"[10,100)",67,"[60,120)",1143,730+,1,4,31,687,2.0,0,0,26,124,1,3,0,1.0,0.0,1.0,0.0,0.0,0.0
4115,full_active,0,-124,1,403,"(250,500]",120,"[100,1k)",58,"[30,60)",1461,730+,1,5,19,582,2.0,0,0,13,67,6,4,0,0.0,0.0,0.0,0.0,0.0,0.0
4120,full_active,0,1,1,317,"(250,500]",329,"[100,1k)",203,"[120,250)",2408,730+,1,3,10,441,0.0,0,0,19,387,1,3,0,0.0,0.0,0.0,0.0,0.0,0.0
4121,high_active,0,-124,1,75,"(50,100]",9,"[1,10)",3,"[1,5)",947,730+,1,4,28,340,,0,1,32,33,2,4,0,1.0,0.0,0.0,0.0,0.0,0.0
4126,full_active,0,-124,0,132,"(100,150]",6,"[1,10)",1,"[1,5)",980,730+,0,2,2,1165,6.0,0,0,31,42,6,3,2,1.0,0.0,0.0,0.0,0.0,0.0
4128,full_active,0,-124,1,17,"(10,50]",60,"[10,100)",17,"[5,30)",799,730+,0,2,29,1320,1.0,0,1,18,256,3,4,2,1.0,0.0,0.0,0.0,0.0,0.0
4143,high_active,0,1,0,126,"(100,150]",18,"[10,100)",3,"[1,5)",1020,730+,0,4,29,1340,1.0,0,1,10,450,3,3,0,1.0,0.0,1.0,0.0,0.0,0.0
4149,full_active,0,-124,1,746,500+,18,"[10,100)",14,"[5,30)",867,730+,0,0,10,166,1.0,0,1,8,209,6,4,0,1.0,0.0,1.0,0.0,0.0,0.0
4150,high_active,0,-124,1,621,500+,717,"[100,1k)",609,250+,363,181-365,0,5,10,443,0.0,0,0,31,193,3,3,0,0.0,0.0,0.0,0.0,0.0,0.0
4151,full_active,0,-124,1,136,"(100,150]",200,"[100,1k)",90,"[60,120)",982,730+,0,1,19,648,2.0,0,0,15,274,6,3,0,1.0,0.0,0.0,0.0,0.0,0.0
4152,full_active,0,-124,1,211,"(150,250]",357,"[100,1k)",78,"[60,120)",1089,730+,0,5,10,200,0.0,0,0,24,380,1,3,0,0.0,1.0,0.0,0.0,0.0,0.0
4166,full_active,0,-124,0,40,"(10,50]",0,0,0,0,136,91-180,0,4,29,906,1.0,0,0,13,330,5,0,0,1.0,0.0,0.0,0.0,0.0,0.0
4174,full_active,0,1,1,302,"(250,500]",134,"[100,1k)",83,"[60,120)",2384,730+,1,3,10,179,3.0,0,1,0,102,5,3,0,1.0,0.0,0.0,0.0,0.0,0.0
4187,high_active,0,-124,1,133,"(100,150]",160,"[100,1k)",98,"[60,120)",2229,730+,1,2,29,1426,1.0,0,1,10,450,3,2,0,1.0,0.0,0.0,0.0,0.0,0.0
4208,full_active,0,-124,1,309,"(250,500]",10,"[10,100)",10,"[5,30)",53,31-60,0,2,29,891,1.0,0,1,5,270,5,4,0,0.0,0.0,0.0,0.0,0.0,0.0
4215,full_active,0,1,1,357,"(250,500]",369,"[100,1k)",163,"[120,250)",1812,730+,1,2,19,578,1.0,0,1,44,400,5,3,0,1.0,0.0,0.0,0.0,0.0,0.0
4218,full_active,0,-124,0,23,"(10,50]",8,"[1,10)",3,"[1,5)",1699,730+,1,4,10,274,1.0,0,0,13,183,6,3,0,0.0,1.0,0.0,0.0,0.0,0.0
4223,full_active,0,1,1,1470,500+,207,"[100,1k)",179,"[120,250)",1095,730+,1,3,29,937,3.0,0,1,8,200,5,2,0,1.0,0.0,0.0,0.0,0.0,0.0
4224,full_active,0,-124,1,2244,500+,1825,"[1k,5k)",1414,250+,919,730+,0,1,10,287,1.0,0,1,43,47,3,3,0,1.0,0.0,1.0,0.0,0.0,0.0
4259,middle_active,0,-124,1,370,"(250,500]",6,"[1,10)",1,"[1,5)",440,366-730,0,5,31,754,1.0,0,0,31,193,3,3,0,0.0,0.0,0.0,0.0,0.0,0.0
4261,full_active,0,1,1,235,"(150,250]",61,"[10,100)",23,"[5,30)",1822,730+,1,3,29,955,3.0,0,0,14,116,5,2,0,1.0,0.0,1.0,0.0,0.0,0.0
4263,full_active,0,-124,1,637,500+,66,"[10,100)",21,"[5,30)",2439,730+,1,4,10,215,1.0,0,0,13,117,6,3,0,1.0,0.0,0.0,0.0,0.0,0.0
4264,full_active,0,-124,1,219,"(150,250]",34,"[10,100)",23,"[5,30)",1154,730+,0,3,19,622,1.0,0,0,26,408,6,3,0,1.0,0.0,0.0,0.0,0.0,0.0
4277,full_active,0,-124,1,189,"(150,250]",11,"[10,100)",1,"[1,5)",1318,730+,0,6,10,853,1.0,0,0,30,251,3,3,0,0.0,0.0,0.0,0.0,0.0,0.0
4286,high_active,0,-124,1,1179,500+,16,"[10,100)",4,"[1,5)",1534,730+,0,4,10,1023,1.0,0,0,31,242,3,2,0,1.0,0.0,0.0,0.0,0.0,0.0
4288,full_active,0,1,1,3659,500+,19,"[10,100)",13,"[5,30)",2009,730+,0,4,28,981,,0,0,42,112,1,0,0,1.0,0.0,1.0,0.0,0.0,0.0
4290,high_active,0,-124,0,41,"(10,50]",2,"[1,10)",1,"[1,5)",838,730+,0,4,19,622,1.0,0,0,19,111,6,0,0,1.0,0.0,1.0,0.0,0.0,0.0
4292,middle_active,0,-124,1,189,"(150,250]",54,"[10,100)",21,"[5,30)",1647,730+,1,6,9,296,0.0,0,0,22,412,5,0,0,1.0,0.0,0.0,0.0,0.0,0.0
4294,full_active,0,-124,1,245,"(150,250]",8,"[1,10)",7,"[5,30)",1703,730+,1,4,2,1155,4.0,4,2,89,25,0,0,2,1.0,0.0,0.0,0.0,0.0,1.0
4298,full_active,0,1,1,399,"(250,500]",231,"[100,1k)",43,"[30,60)",1499,730+,0,4,2,1160,4.0,0,1,8,259,6,2,2,1.0,0.0,1.0,0.0,0.0,0.0
4304,full_active,0,1,1,4997,500+,3421,"[1k,5k)",2742,250+,523,366-730,0,6,2,1157,4.0,0,0,22,104,6,3,2,0.0,0.0,0.0,0.0,0.0,0.0
4306,full_active,0,-124,0,6,"(0,10]",3,"[1,10)",0,0,451,366-730,0,1,29,890,0.0,0,1,10,254,3,4,0,,,,,,
4322,full_active,0,-124,1,740,500+,78,"[10,100)",41,"[30,60)",1541,730+,1,4,29,908,1.0,0,0,30,185,1,4,0,1.0,0.0,1.0,0.0,0.0,0.0
4338,high_active,0,-124,1,141,"(100,150]",4,"[1,10)",4,"[1,5)",439,366-730,0,0,29,958,1.0,0,1,18,325,3,3,0,1.0,0.0,0.0,0.0,0.0,0.0
4342,full_active,0,-124,1,42,"(10,50]",1885,"[1k,5k)",1,"[1,5)",1927,730+,1,3,31,384,5.0,0,1,20,174,5,3,0,1.0,0.0,1.0,0.0,0.0,0.0
4348,full_active,0,-124,1,69,"(50,100]",216,"[100,1k)",68,"[60,120)",472,366-730,0,1,29,1338,0.0,0,1,34,80,1,3,0,0.0,0.0,0.0,0.0,0.0,0.0
4351,full_active,0,-124,1,23,"(10,50]",13,"[10,100)",2,"[1,5)",80,61-90,1,4,28,139,,0,1,20,348,4,2,0,1.0,0.0,1.0,0.0,0.0,0.0
4354,high_active,0,-124,1,208,"(150,250]",37,"[10,100)",22,"[5,30)",473,366-730,1,4,19,594,1.0,0,0,30,185,1,3,0,1.0,0.0,0.0,0.0,0.0,0.0
4368,full_active,0,-124,1,166,"(150,250]",25,"[10,100)",13,"[5,30)",1240,730+,1,4,19,578,1.0,0,0,38,139,4,2,0,1.0,1.0,0.0,0.0,0.0,0.0
4370,full_active,0,-124,1,148,"(100,150]",665,"[100,1k)",145,"[120,250)",1500,730+,0,2,19,646,2.0,0,1,43,68,3,3,0,1.0,0.0,0.0,0.0,0.0,0.0
4371,full_active,0,-124,1,49,"(10,50]",36,"[10,100)",9,"[5,30)",1032,730+,1,3,2,1152,3.0,0,0,31,299,6,2,2,1.0,0.0,0.0,0.0,0.0,0.0
4377,full_active,0,1,1,1,"(0,10]",256,"[100,1k)",1,"[1,5)",555,366-730,1,1,29,964,1.0,0,1,12,302,1,3,0,1.0,0.0,0.0,0.0,0.0,0.0
4379,full_active,0,-124,1,89,"(50,100]",170,"[100,1k)",12,"[5,30)",294,181-365,1,4,19,656,2.0,0,0,19,396,3,4,0,1.0,0.0,0.0,0.0,0.0,0.0
4386,full_active,0,-124,1,44,"(10,50]",16,"[10,100)",11,"[5,30)",369,366-730,0,2,29,901,1.0,0,1,18,395,6,3,0,1.0,0.0,0.0,0.0,0.0,0.0
4389,full_active,0,-124,0,17,"(10,50]",0,0,0,0,926,730+,0,2,10,339,1.0,0,1,0,284,1,4,0,1.0,0.0,0.0,0.0,0.0,0.0
4392,high_active,0,-124,1,178,"(150,250]",56,"[10,100)",1,"[1,5)",1495,730+,1,5,10,565,1.0,0,0,19,378,3,3,0,1.0,0.0,0.0,0.0,0.0,0.0
4395,full_active,0,1,1,169,"(150,250]",31,"[10,100)",9,"[5,30)",2280,730+,1,4,2,1158,5.0,0,0,24,359,1,2,2,1.0,0.0,0.0,0.0,0.0,0.0
4397,middle_active,0,-124,0,3,"(0,10]",2,"[1,10)",0,0,205,181-365,1,1,31,364,0.0,0,1,43,366,3,4,0,1.0,0.0,1.0,0.0,0.0,0.0
4402,full_active,0,-124,1,148,"(100,150]",207,"[100,1k)",107,"[60,120)",956,730+,1,5,7,214,1.0,0,1,43,250,1,3,0,0.0,0.0,0.0,0.0,0.0,0.0
4413,full_active,0,-124,1,196,"(150,250]",659,"[100,1k)",189,"[120,250)",1394,730+,0,1,29,972,1.0,0,0,31,143,6,4,0,0.0,0.0,0.0,0.0,0.0,0.0
4419,single_low_active,0,-124,1,437,"(250,500]",16,"[10,100)",8,"[5,30)",1201,730+,0,3,29,901,1.0,0,0,15,306,3,4,0,1.0,0.0,0.0,0.0,0.0,0.0
4431,middle_active,0,-124,1,550,500+,540,"[100,1k)",299,250+,764,730+,1,1,19,570,0.0,0,1,43,230,1,3,0,1.0,0.0,0.0,0.0,0.0,0.0
4436,high_active,0,-124,1,14,"(10,50]",0,0,0,0,2068,730+,1,3,2,1160,4.0,0,1,20,191,5,2,2,1.0,0.0,0.0,0.0,0.0,0.0
4437,full_active,0,-124,0,770,500+,17,"[10,100)",7,"[5,30)",103,91-180,1,4,19,648,2.0,0,0,31,275,5,0,0,1.0,0.0,1.0,0.0,0.0,0.0
4454,full_active,0,1,1,579,500+,515,"[100,1k)",94,"[60,120)",2461,730+,1,3,9,296,0.0,0,0,24,137,5,2,0,1.0,0.0,0.0,0.0,0.0,0.0
4455,full_active,0,1,1,107,"(100,150]",48,"[10,100)",11,"[5,30)",2197,730+,0,4,2,1165,6.0,0,1,20,218,5,4,2,1.0,0.0,0.0,0.0,0.0,0.0
4460,full_active,0,-124,1,566,500+,307,"[100,1k)",239,"[120,250)",837,730+,1,4,19,569,1.0,0,0,28,282,1,2,0,1.0,0.0,0.0,0.0,0.0,0.0
4463,full_active,0,-124,1,634,500+,992,"[100,1k)",599,250+,754,730+,0,1,2,1177,2.0,0,0,15,118,6,4,2,1.0,0.0,0.0,0.0,0.0,0.0
4468,full_active,0,-124,1,576,500+,50,"[10,100)",33,"[30,60)",1916,730+,0,4,29,880,1.0,0,0,1,82,2,3,0,1.0,1.0,1.0,0.0,0.0,0.0
4469,full_active,0,-124,1,46,"(10,50]",12,"[10,100)",6,"[5,30)",788,730+,0,0,29,1316,1.0,0,1,5,332,5,3,0,0.0,0.0,0.0,0.0,0.0,0.0
4470,full_active,0,-124,0,39,"(10,50]",4,"[1,10)",1,"[1,5)",1685,730+,0,4,38,500,4.0,0,1,44,121,5,4,0,1.0,1.0,1.0,0.0,0.0,0.0
4477,high_active,0,-124,1,705,500+,533,"[100,1k)",447,250+,1980,730+,1,1,2,1159,3.0,0,0,13,67,6,2,2,1.0,0.0,1.0,0.0,0.0,0.0
4493,full_active,0,-124,1,99,"(50,100]",32,"[10,100)",9,"[5,30)",492,366-730,1,4,19,595,1.0,0,0,13,67,6,4,0,0.0,0.0,0.0,0.0,0.0,0.0
4506,middle_active,0,-124,0,939,500+,18,"[10,100)",6,"[5,30)",800,730+,1,0,29,1374,1.0,0,0,7,190,1,3,0,1.0,0.0,0.0,0.0,0.0,0.0
4516,full_active,0,1,1,121,"(100,150]",150,"[100,1k)",44,"[30,60)",2614,730+,1,2,10,464,2.0,0,0,15,394,4,2,0,1.0,1.0,0.0,0.0,0.0,0.0
4524,middle_active,0,-124,1,156,"(150,250]",5,"[1,10)",1,"[1,5)",875,730+,0,6,9,296,0.0,0,1,10,389,6,0,0,0.0,0.0,0.0,0.0,0.0,0.0
4527,full_active,0,-124,1,76,"(50,100]",2,"[1,10)",1,"[1,5)",846,730+,0,3,10,127,2.0,0,0,14,116,5,2,0,1.0,0.0,0.0,0.0,0.0,0.0
4529,full_active,0,1,1,849,500+,172,"[100,1k)",79,"[60,120)",1687,730+,1,5,29,906,1.0,0,0,22,412,5,2,0,1.0,0.0,0.0,0.0,0.0,0.0
4537,high_active,0,-124,0,2,"(0,10]",3,"[1,10)",0,0,796,730+,1,1,2,1125,2.0,0,1,0,160,3,4,1,1.0,0.0,0.0,0.0,0.0,0.0
4540,full_active,0,-124,1,1,"(0,10]",102,"[100,1k)",0,0,1993,730+,0,2,31,439,2.0,0,0,31,275,5,0,0,0.0,0.0,0.0,0.0,0.0,0.0
4549,full_active,0,1,1,175,"(150,250]",62,"[10,100)",9,"[5,30)",1696,730+,1,3,10,174,3.0,0,1,20,174,5,2,0,1.0,0.0,0.0,0.0,0.0,0.0
4558,high_active,0,-124,1,81,"(50,100]",19,"[10,100)",3,"[1,5)",738,730+,0,4,10,268,2.0,0,0,13,183,6,0,0,1.0,0.0,0.0,0.0,0.0,0.0
4560,full_active,0,-124,1,116,"(100,150]",16,"[10,100)",2,"[1,5)",753,730+,0,4,29,885,1.0,0,0,22,412,5,0,0,0.0,0.0,1.0,0.0,0.0,0.0
4563,high_active,0,-124,0,12,"(10,50]",0,0,0,0,350,181-365,0,2,28,652,,0,1,0,284,1,2,0,1.0,0.0,0.0,0.0,0.0,0.0
4566,full_active,0,1,1,142,"(100,150]",73,"[10,100)",27,"[5,30)",1292,730+,1,6,19,618,3.0,0,1,0,160,3,3,0,1.0,1.0,0.0,0.0,0.0,0.0
4569,full_active,0,1,1,2138,500+,147,"[100,1k)",72,"[60,120)",2228,730+,1,4,19,611,1.0,0,1,44,289,5,3,0,1.0,0.0,1.0,0.0,1.0,0.0
4570,high_active,0,-124,0,44,"(10,50]",0,0,0,0,1862,730+,0,3,2,1171,5.0,0,1,10,373,5,0,2,1.0,0.0,0.0,0.0,0.0,0.0
4579,high_active,0,-124,0,90,"(50,100]",0,0,0,0,82,61-90,0,1,19,578,1.0,0,0,31,42,6,0,0,0.0,0.0,0.0,0.0,0.0,0.0
4588,full_active,0,1,1,11,"(10,50]",4,"[1,10)",0,0,1260,730+,1,3,10,189,3.0,0,0,1,82,2,2,0,0.0,0.0,0.0,0.0,1.0,0.0
4590,middle_active,0,-124,0,78,"(50,100]",2,"[1,10)",2,"[1,5)",2038,730+,1,4,10,320,6.0,18,2,4,3,0,0,0,1.0,0.0,0.0,0.0,0.0,0.0
4591,full_active,0,-124,1,481,"(250,500]",726,"[100,1k)",474,250+,1914,730+,0,1,2,1175,2.0,0,1,43,136,3,3,2,0.0,0.0,0.0,0.0,0.0,0.0
4592,full_active,0,-124,1,243,"(150,250]",883,"[100,1k)",243,"[120,250)",1580,730+,0,1,19,655,1.0,0,1,10,373,5,2,0,1.0,0.0,0.0,0.0,0.0,0.0
4593,high_active,0,-124,1,116,"(100,150]",15,"[10,100)",5,"[5,30)",1211,730+,1,3,29,929,2.0,0,1,43,221,4,2,0,1.0,0.0,0.0,0.0,0.0,0.0
4595,high_active,0,-124,0,4,"(0,10]",1,"[1,10)",0,0,104,91-180,1,4,19,547,2.0,0,1,8,288,6,3,0,1.0,1.0,1.0,0.0,1.0,0.0
4597,full_active,0,-124,1,169,"(150,250]",23,"[10,100)",4,"[1,5)",998,730+,0,4,10,855,1.0,0,0,13,183,6,4,0,1.0,0.0,0.0,0.0,0.0,0.0
4600,full_active,0,1,1,138,"(100,150]",339,"[100,1k)",129,"[120,250)",1469,730+,1,6,19,622,1.0,0,1,10,373,5,2,0,0.0,0.0,0.0,0.0,0.0,0.0
4603,low_active,0,-124,1,59,"(50,100]",12,"[10,100)",1,"[1,5)",1537,730+,0,2,9,296,0.0,0,1,18,175,3,4,0,1.0,0.0,0.0,0.0,0.0,0.0
4608,full_active,0,1,1,1264,500+,955,"[100,1k)",696,250+,1183,730+,0,3,29,950,1.0,0,1,43,226,1,0,0,1.0,0.0,0.0,0.0,0.0,0.0
4609,full_active,0,1,1,314,"(250,500]",8401,"[5k,1w)",294,250+,2326,730+,1,2,19,582,2.0,0,1,8,181,2,2,0,1.0,0.0,0.0,1.0,0.0,0.0
4610,2_14_day_new,0,1,1,119,"(100,150]",194,"[100,1k)",56,"[30,60)",889,730+,1,2,2,1153,4.0,0,0,42,112,1,3,2,0.0,0.0,0.0,0.0,0.0,0.0
4613,high_active,0,-124,1,177,"(150,250]",26,"[10,100)",10,"[5,30)",1242,730+,1,5,19,639,2.0,0,0,31,42,6,3,0,1.0,1.0,0.0,0.0,0.0,0.0
4614,full_active,0,-124,1,314,"(250,500]",88,"[10,100)",12,"[5,30)",2051,730+,1,5,19,656,2.0,0,0,13,183,6,2,0,0.0,0.0,1.0,0.0,0.0,0.0
4619,full_active,0,-124,0,74,"(50,100]",32,"[10,100)",1,"[1,5)",1400,730+,1,3,19,602,2.0,0,1,8,181,2,2,0,1.0,0.0,0.0,0.0,0.0,0.0
4621,high_active,0,-124,1,29,"(10,50]",79,"[10,100)",19,"[5,30)",411,366-730,0,1,31,365,1.0,0,1,8,64,5,2,0,0.0,0.0,0.0,0.0,0.0,0.0
4626,middle_active,0,-124,1,0,0,20,"[10,100)",0,0,851,730+,0,5,9,180,4.0,0,0,14,20,0,0,0,1.0,0.0,0.0,0.0,0.0,0.0
4630,middle_active,0,1,1,160,"(150,250]",192,"[100,1k)",71,"[60,120)",1720,730+,1,2,2,1165,6.0,0,0,30,368,4,2,2,1.0,0.0,0.0,0.0,0.0,0.0
4633,middle_active,0,-124,0,142,"(100,150]",0,0,0,0,540,366-730,0,4,10,565,1.0,0,0,15,394,4,3,0,0.0,0.0,0.0,0.0,0.0,0.0
4642,full_active,0,-124,1,96,"(50,100]",78,"[10,100)",73,"[60,120)",812,730+,0,1,10,74,0.0,0,1,21,377,6,4,0,1.0,0.0,0.0,1.0,0.0,0.0
4661,full_active,0,-124,0,14,"(10,50]",0,0,0,0,1221,730+,1,2,29,1324,1.0,0,1,34,201,4,2,2,0.0,0.0,0.0,0.0,0.0,0.0
4662,full_active,0,-124,1,118,"(100,150]",245,"[100,1k)",115,"[60,120)",1213,730+,1,1,19,641,1.0,0,0,15,187,3,4,0,0.0,0.0,0.0,0.0,0.0,0.0
4673,full_active,0,-124,0,15,"(10,50]",2,"[1,10)",0,0,342,181-365,1,4,29,966,3.0,0,0,31,220,3,4,0,1.0,0.0,0.0,0.0,0.0,0.0
4676,full_active,0,-124,1,3,"(0,10]",76,"[10,100)",2,"[1,5)",157,91-180,0,6,19,513,0.0,0,0,7,176,1,3,0,0.0,0.0,0.0,0.0,0.0,0.0
4681,full_active,0,1,1,451,"(250,500]",131,"[100,1k)",50,"[30,60)",1798,730+,1,4,19,619,3.0,0,1,20,191,5,2,0,1.0,0.0,0.0,0.0,0.0,0.0
4686,full_active,0,1,1,338,"(250,500]",3159,"[1k,5k)",102,"[60,120)",1781,730+,0,5,2,1165,6.0,0,0,33,234,1,2,2,1.0,0.0,0.0,0.0,0.0,0.0
4696,full_active,0,1,1,1881,500+,217,"[100,1k)",145,"[120,250)",1695,730+,0,1,2,1159,3.0,0,0,14,116,5,2,2,1.0,0.0,0.0,0.0,0.0,0.0
4699,middle_active,0,-124,1,188,"(150,250]",260,"[100,1k)",184,"[120,250)",1057,730+,1,1,29,906,1.0,0,0,42,421,1,4,0,1.0,0.0,0.0,0.0,0.0,0.0
4706,high_active,0,-124,1,1217,500+,21,"[10,100)",2,"[1,5)",1302,730+,0,0,19,647,1.0,0,1,44,147,4,3,0,1.0,0.0,0.0,0.0,0.0,0.0
4707,full_active,0,-124,0,126,"(100,150]",26,"[10,100)",10,"[5,30)",494,366-730,1,4,10,230,1.0,0,0,33,107,1,4,0,1.0,0.0,0.0,0.0,0.0,0.0
4714,full_active,0,-124,1,99,"(50,100]",3,"[1,10)",1,"[1,5)",1879,730+,1,4,29,973,1.0,0,1,17,145,3,2,0,1.0,0.0,0.0,0.0,0.0,0.0
4717,middle_active,0,-124,0,12,"(10,50]",3,"[1,10)",3,"[1,5)",44,31-60,1,1,2,1175,2.0,0,1,9,245,6,0,2,1.0,0.0,0.0,0.0,0.0,0.0
4725,high_active,0,-124,1,129,"(100,150]",16,"[10,100)",16,"[5,30)",84,61-90,0,0,19,567,0.0,0,1,9,237,1,0,0,0.0,0.0,1.0,0.0,0.0,0.0
4733,full_active,0,-124,1,209,"(150,250]",205,"[100,1k)",82,"[60,120)",1770,730+,0,1,29,1374,1.0,0,1,12,35,1,3,0,1.0,0.0,0.0,0.0,0.0,0.0
4734,full_active,0,1,1,555,500+,395,"[100,1k)",56,"[30,60)",2162,730+,1,4,29,953,2.0,0,0,13,188,3,4,0,1.0,0.0,0.0,0.0,0.0,0.0
4736,high_active,0,-124,0,66,"(50,100]",3,"[1,10)",2,"[1,5)",2575,730+,0,3,10,343,3.0,0,0,15,93,6,2,0,1.0,0.0,0.0,0.0,0.0,0.0
4742,high_active,0,-124,1,13,"(10,50]",9,"[1,10)",1,"[1,5)",1611,730+,1,4,19,513,0.0,0,1,0,58,1,3,0,1.0,0.0,0.0,0.0,0.0,0.0
4747,middle_active,0,-124,1,313,"(250,500]",129,"[100,1k)",126,"[120,250)",636,366-730,0,1,10,668,0.0,0,0,15,371,3,3,0,1.0,0.0,1.0,0.0,0.0,0.0
4753,full_active,0,-124,1,411,"(250,500]",15,"[10,100)",3,"[1,5)",1816,730+,1,3,2,1208,8.0,0,1,10,449,3,0,2,,,,,,
4755,middle_active,0,-124,1,99,"(50,100]",14,"[10,100)",7,"[5,30)",534,366-730,0,6,31,427,1.0,0,1,9,249,3,3,0,0.0,0.0,0.0,0.0,0.0,0.0
4760,high_active,0,-124,0,491,"(250,500]",8,"[1,10)",7,"[5,30)",1046,730+,1,4,10,1025,3.0,0,0,42,421,1,3,0,1.0,0.0,0.0,0.0,0.0,0.0
4764,full_active,0,-124,0,211,"(150,250]",13,"[10,100)",6,"[5,30)",1979,730+,1,5,10,232,1.0,0,0,13,67,6,3,0,1.0,0.0,0.0,0.0,0.0,0.0
4769,full_active,0,-124,1,187,"(150,250]",8,"[1,10)",2,"[1,5)",1065,730+,1,2,34,954,3.0,0,0,14,116,5,2,0,1.0,0.0,0.0,1.0,1.0,0.0
4771,full_active,0,-124,1,220,"(150,250]",25,"[10,100)",7,"[5,30)",1369,730+,0,6,29,1320,1.0,0,0,24,359,1,0,0,0.0,0.0,1.0,0.0,0.0,0.0
4777,full_active,0,-124,1,2,"(0,10]",12,"[10,100)",2,"[1,5)",1606,730+,1,3,2,1165,6.0,0,0,15,394,4,3,2,1.0,0.0,0.0,0.0,0.0,0.0
4790,full_active,0,-124,1,179,"(150,250]",40,"[10,100)",14,"[5,30)",450,366-730,1,6,24,786,1.0,0,0,19,378,3,3,0,1.0,0.0,0.0,0.0,0.0,0.0
4796,full_active,0,-124,1,263,"(250,500]",505,"[100,1k)",168,"[120,250)",897,730+,1,4,28,658,,0,1,5,298,6,4,0,1.0,0.0,0.0,0.0,0.0,0.0
4798,full_active,0,-124,1,40,"(10,50]",2,"[1,10)",0,0,433,366-730,1,2,20,290,3.0,0,1,17,429,1,3,0,0.0,0.0,0.0,0.0,0.0,0.0
4803,full_active,0,-124,1,281,"(250,500]",17,"[10,100)",9,"[5,30)",2160,730+,1,4,48,690,1.0,0,0,13,188,3,3,0,0.0,0.0,0.0,1.0,0.0,0.0
4805,full_active,0,-124,0,782,500+,0,0,0,0,2752,730+,1,3,10,178,3.0,0,0,38,139,4,2,0,0.0,0.0,0.0,0.0,1.0,0.0
4807,full_active,0,-124,1,663,500+,765,"[100,1k)",578,250+,1528,730+,1,1,2,1167,9.0,0,1,44,147,4,2,2,0.0,0.0,0.0,0.0,0.0,0.0
4808,full_active,0,-124,1,73,"(50,100]",149,"[100,1k)",73,"[60,120)",292,181-365,0,1,31,23,1.0,0,1,34,381,1,2,0,1.0,0.0,0.0,0.0,0.0,0.0
4810,high_active,0,-124,1,1682,500+,1377,"[1k,5k)",1244,250+,635,366-730,1,1,29,906,1.0,0,0,31,343,3,3,0,1.0,0.0,0.0,0.0,0.0,0.0
4811,middle_active,0,-124,1,300,"(250,500]",81,"[10,100)",71,"[60,120)",397,366-730,0,4,10,663,0.0,0,0,31,193,3,3,0,0.0,0.0,0.0,0.0,0.0,0.0
4815,full_active,0,-124,1,77,"(50,100]",0,0,0,0,544,366-730,1,3,48,682,1.0,0,0,26,108,1,3,0,0.0,0.0,0.0,0.0,0.0,0.0
4835,high_active,0,-124,1,21,"(10,50]",66,"[10,100)",20,"[5,30)",1178,730+,1,4,2,1137,3.0,0,1,5,270,5,4,1,0.0,0.0,0.0,0.0,0.0,0.0
4838,full_active,0,-124,1,429,"(250,500]",22,"[10,100)",14,"[5,30)",1625,730+,0,4,29,1302,1.0,0,0,31,354,3,3,0,1.0,1.0,0.0,0.0,0.0,0.0
4844,full_active,0,-124,1,184,"(150,250]",407,"[100,1k)",179,"[120,250)",2108,730+,0,2,2,1160,5.0,0,0,31,242,3,3,2,1.0,0.0,0.0,0.0,0.0,0.0
4848,full_active,0,1,1,208,"(150,250]",1742,"[1k,5k)",30,"[30,60)",2249,730+,0,4,9,715,3.0,0,0,13,267,6,2,0,1.0,0.0,0.0,0.0,0.0,0.0
4849,high_active,0,1,1,44,"(10,50]",47,"[10,100)",40,"[30,60)",2268,730+,0,2,2,1159,3.0,0,1,34,80,1,4,2,1.0,0.0,0.0,0.0,0.0,0.0
4850,high_active,0,-124,1,4561,500+,0,0,0,0,737,730+,1,2,19,647,1.0,0,1,8,287,2,2,0,1.0,0.0,0.0,0.0,0.0,0.0
4855,middle_active,0,-124,1,279,"(250,500]",362,"[100,1k)",266,250+,1954,730+,1,1,2,1159,3.0,0,1,43,250,1,2,2,0.0,0.0,0.0,0.0,0.0,0.0
4858,high_active,0,1,1,456,"(250,500]",290,"[100,1k)",96,"[60,120)",981,730+,1,3,28,139,,0,1,18,196,3,2,0,1.0,0.0,1.0,0.0,0.0,0.0
4863,full_active,0,1,1,911,500+,767,"[100,1k)",295,250+,1843,730+,1,4,29,947,1.0,0,0,31,42,6,3,0,0.0,0.0,0.0,0.0,0.0,0.0
4865,full_active,0,1,1,358,"(250,500]",257,"[100,1k)",203,"[120,250)",1618,730+,0,5,2,1165,6.0,0,0,24,235,1,4,2,0.0,1.0,0.0,0.0,0.0,0.0
4866,high_active,0,-124,1,1338,500+,622,"[100,1k)",619,250+,1837,730+,0,1,19,570,0.0,0,1,43,336,3,3,0,1.0,0.0,1.0,0.0,0.0,0.0
4872,high_active,0,-124,1,782,500+,281,"[100,1k)",219,"[120,250)",748,730+,0,4,10,761,2.0,0,1,17,156,6,4,0,0.0,0.0,0.0,0.0,0.0,0.0
4875,high_active,0,-124,1,598,500+,18,"[10,100)",16,"[5,30)",1428,730+,1,3,29,897,2.0,0,1,44,121,5,3,0,1.0,0.0,0.0,0.0,0.0,0.0
4876,high_active,0,-124,0,3,"(0,10]",1,"[1,10)",0,0,177,91-180,0,3,9,478,2.0,0,1,12,70,1,0,0,1.0,0.0,0.0,0.0,1.0,0.0
4879,full_active,0,-124,1,489,"(250,500]",276,"[100,1k)",117,"[60,120)",905,730+,0,6,29,1318,1.0,0,0,24,357,3,3,0,0.0,0.0,0.0,0.0,0.0,0.0
4881,full_active,0,-124,1,86,"(50,100]",17,"[10,100)",3,"[1,5)",2150,730+,0,3,2,1180,2.0,0,1,8,301,6,4,2,1.0,0.0,0.0,0.0,0.0,0.0
4883,full_active,0,-124,1,6,"(0,10]",2,"[1,10)",0,0,826,730+,1,4,31,23,1.0,0,1,8,181,2,0,0,1.0,0.0,0.0,0.0,0.0,0.0
4888,full_active,0,-124,1,1975,500+,39,"[10,100)",37,"[30,60)",1135,730+,1,2,31,377,2.0,0,0,7,40,1,3,0,1.0,0.0,0.0,1.0,1.0,0.0
4889,high_active,0,-124,1,136,"(100,150]",432,"[100,1k)",136,"[120,250)",987,730+,0,1,33,975,2.0,0,1,18,325,3,3,0,1.0,0.0,0.0,0.0,0.0,0.0
4898,full_active,0,1,1,5,"(0,10]",97,"[10,100)",4,"[1,5)",2752,730+,1,3,2,1160,4.0,0,0,31,271,6,4,2,0.0,0.0,0.0,0.0,0.0,0.0
4900,full_active,0,-124,1,982,500+,23,"[10,100)",23,"[5,30)",1446,730+,1,3,29,1302,1.0,0,1,43,136,3,0,0,0.0,0.0,0.0,0.0,0.0,0.0
4901,full_active,0,1,1,529,500+,442,"[100,1k)",255,250+,1098,730+,0,4,29,1417,2.0,0,0,22,412,5,2,0,1.0,0.0,0.0,0.0,0.0,0.0
4906,middle_active,0,-124,1,4,"(0,10]",9,"[1,10)",0,0,737,730+,0,2,10,78,0.0,0,1,34,80,1,3,0,0.0,0.0,0.0,0.0,0.0,0.0
4907,full_active,0,-124,1,47,"(10,50]",23,"[10,100)",1,"[1,5)",1000,730+,1,1,48,702,1.0,0,0,31,354,3,3,0,1.0,0.0,0.0,0.0,0.0,0.0
4909,high_active,0,-124,1,2947,500+,38,"[10,100)",14,"[5,30)",764,730+,1,1,19,633,2.0,0,1,20,174,5,2,0,0.0,0.0,0.0,0.0,0.0,0.0
4914,full_active,0,-124,1,278,"(250,500]",12,"[10,100)",1,"[1,5)",736,730+,1,2,10,464,2.0,0,1,32,33,2,2,0,1.0,0.0,0.0,0.0,0.0,0.0
4923,2_14_day_new,0,-124,1,780,500+,41,"[10,100)",32,"[30,60)",1023,730+,1,1,19,583,1.0,0,1,9,268,1,3,2,1.0,0.0,0.0,0.0,0.0,0.0
4924,full_active,0,-124,1,152,"(150,250]",33,"[10,100)",25,"[5,30)",2287,730+,1,2,2,1161,6.0,0,1,34,430,1,3,2,0.0,0.0,0.0,1.0,1.0,0.0
4927,full_active,0,-124,0,83,"(50,100]",0,0,0,0,525,366-730,1,5,31,749,0.0,0,0,7,138,1,0,0,1.0,0.0,1.0,0.0,0.0,0.0
4932,full_active,0,-124,1,158,"(150,250]",12,"[10,100)",0,0,1104,730+,1,3,31,740,1.0,0,1,34,201,4,0,0,0.0,0.0,0.0,0.0,0.0,0.0
4934,full_active,0,1,1,90,"(50,100]",105,"[100,1k)",13,"[5,30)",1043,730+,0,3,31,373,0.0,0,1,0,149,6,4,0,1.0,0.0,0.0,0.0,0.0,0.0
4937,full_active,0,1,1,304,"(250,500]",313,"[100,1k)",276,250+,1281,730+,1,2,29,973,1.0,0,1,20,348,4,2,0,1.0,0.0,0.0,0.0,0.0,0.0
4941,full_active,0,-124,1,106,"(100,150]",4,"[1,10)",0,0,1212,730+,0,4,10,1013,1.0,0,1,9,418,1,2,0,1.0,0.0,0.0,0.0,0.0,0.0
4949,high_active,0,-124,0,158,"(150,250]",4,"[1,10)",2,"[1,5)",1016,730+,1,4,19,590,1.0,0,1,34,273,3,3,0,1.0,0.0,0.0,0.0,0.0,0.0
4955,full_active,0,-124,1,62,"(50,100]",65,"[10,100)",44,"[30,60)",1639,730+,1,1,19,578,1.0,0,0,19,396,3,3,0,0.0,0.0,0.0,0.0,1.0,0.0
4961,full_active,0,-124,1,13,"(10,50]",12,"[10,100)",5,"[5,30)",2282,730+,0,2,29,890,0.0,0,0,13,67,6,3,0,0.0,0.0,0.0,0.0,0.0,0.0
4965,full_active,0,-124,0,97,"(50,100]",2,"[1,10)",2,"[1,5)",660,366-730,1,4,10,189,3.0,0,1,0,75,3,4,0,1.0,1.0,0.0,0.0,0.0,0.0
4979,full_active,0,-124,1,362,"(250,500]",336,"[100,1k)",333,250+,2225,730+,1,1,2,1159,3.0,0,1,9,88,5,2,2,1.0,0.0,0.0,0.0,1.0,0.0
4983,full_active,0,-124,1,4,"(0,10]",6,"[1,10)",0,0,769,730+,1,4,10,61,1.0,0,1,8,287,2,2,0,1.0,0.0,1.0,0.0,0.0,0.0
4990,full_active,0,1,1,433,"(250,500]",105,"[100,1k)",102,"[60,120)",262,181-365,1,2,19,1265,1.0,0,0,13,267,6,3,0,1.0,0.0,0.0,0.0,0.0,0.0
4997,full_active,0,-124,1,875,500+,1383,"[1k,5k)",834,250+,889,730+,1,1,29,882,1.0,0,0,42,63,1,3,0,0.0,0.0,0.0,0.0,0.0,0.0
5001,full_active,0,-124,1,224,"(150,250]",6,"[1,10)",3,"[1,5)",2678,730+,1,3,29,1302,1.0,0,1,20,348,4,2,0,1.0,0.0,0.0,0.0,0.0,0.0
5002,full_active,0,-124,1,1,"(0,10]",11,"[10,100)",1,"[1,5)",1320,730+,0,1,19,655,1.0,0,1,21,205,3,2,0,1.0,0.0,0.0,0.0,0.0,0.0
5007,full_active,0,-124,1,24,"(10,50]",0,0,0,0,636,366-730,0,4,29,947,1.0,0,1,9,375,1,0,0,1.0,0.0,0.0,0.0,0.0,0.0
5009,full_active,0,-124,1,207,"(150,250]",55,"[10,100)",25,"[5,30)",1421,730+,0,2,19,651,1.0,0,0,15,151,3,3,0,0.0,0.0,0.0,0.0,0.0,0.0
5015,full_active,0,-124,1,946,500+,1393,"[1k,5k)",930,250+,1506,730+,0,5,29,926,1.0,0,1,34,194,3,4,0,1.0,0.0,0.0,0.0,0.0,0.0
5022,full_active,0,-124,1,266,"(250,500]",0,0,0,0,957,730+,0,6,10,170,1.0,0,0,31,354,3,3,0,1.0,0.0,0.0,0.0,0.0,0.0
5027,full_active,0,1,1,375,"(250,500]",233,"[100,1k)",62,"[60,120)",1515,730+,0,3,2,1153,4.0,0,1,0,417,6,2,2,1.0,0.0,0.0,0.0,0.0,0.0
5035,high_active,0,-124,1,84,"(50,100]",80,"[10,100)",63,"[60,120)",1604,730+,1,1,19,623,1.0,0,0,31,37,3,2,0,0.0,0.0,0.0,0.0,0.0,0.0
5044,full_active,0,-124,1,85,"(50,100]",478,"[100,1k)",84,"[60,120)",1560,730+,0,1,19,622,1.0,0,0,7,77,5,3,0,0.0,0.0,0.0,0.0,0.0,0.0
5059,middle_active,0,-124,1,205,"(150,250]",569,"[100,1k)",195,"[120,250)",1025,730+,0,1,19,571,1.0,0,1,9,237,1,3,0,1.0,0.0,0.0,0.0,0.0,0.0
5063,full_active,0,1,1,58,"(50,100]",83,"[10,100)",57,"[30,60)",1185,730+,1,2,2,1158,7.0,0,1,10,254,3,2,2,1.0,0.0,0.0,0.0,0.0,0.0
5074,full_active,0,1,1,2108,500+,635,"[100,1k)",504,250+,2513,730+,1,4,2,1153,5.0,0,0,24,206,1,4,2,1.0,1.0,0.0,0.0,0.0,0.0
5080,full_active,0,-124,1,372,"(250,500]",45,"[10,100)",9,"[5,30)",560,366-730,0,2,28,874,,0,0,13,392,6,2,0,1.0,0.0,1.0,0.0,0.0,0.0
5081,full_active,0,-124,0,210,"(150,250]",16,"[10,100)",8,"[5,30)",512,366-730,0,4,10,172,1.0,0,0,31,220,3,3,0,1.0,0.0,0.0,0.0,0.0,0.0
5092,full_active,0,1,1,121,"(100,150]",125,"[100,1k)",113,"[60,120)",1789,730+,0,1,19,659,1.0,0,0,26,108,1,0,0,1.0,0.0,0.0,0.0,0.0,0.0
5093,high_active,0,-124,1,419,"(250,500]",127,"[100,1k)",104,"[60,120)",767,730+,1,3,28,995,,0,0,42,421,1,0,0,1.0,0.0,0.0,0.0,0.0,0.0
5099,full_active,0,-124,0,65,"(50,100]",3,"[1,10)",0,0,766,730+,1,2,31,377,2.0,0,1,21,157,3,0,0,0.0,0.0,0.0,1.0,1.0,0.0
5121,full_active,0,-124,0,59,"(50,100]",10,"[10,100)",5,"[5,30)",918,730+,0,4,2,1151,3.0,0,0,31,275,5,0,2,1.0,0.0,0.0,0.0,0.0,0.0
5122,middle_active,0,-124,1,189,"(150,250]",332,"[100,1k)",162,"[120,250)",809,730+,0,2,2,1176,2.0,0,1,8,259,6,4,2,1.0,0.0,0.0,0.0,0.0,0.0
5129,full_active,0,1,1,283,"(250,500]",304,"[100,1k)",8,"[5,30)",1669,730+,0,3,11,967,1.0,0,1,44,101,5,2,0,0.0,0.0,0.0,0.0,0.0,0.0
5131,middle_active,0,-124,0,21,"(10,50]",0,0,0,0,113,91-180,1,4,2,1159,3.0,0,1,20,326,6,0,2,1.0,0.0,0.0,0.0,0.0,0.0
5132,full_active,0,-124,0,11,"(10,50]",0,0,0,0,212,181-365,1,1,2,1167,9.0,0,1,8,259,6,2,2,1.0,0.0,0.0,0.0,0.0,0.0
5136,full_active,0,-124,1,111,"(100,150]",11,"[10,100)",10,"[5,30)",614,366-730,1,2,2,1152,3.0,0,0,24,359,1,0,2,0.0,0.0,0.0,0.0,0.0,0.0
5137,full_active,0,1,1,474,"(250,500]",203,"[100,1k)",39,"[30,60)",1917,730+,0,5,2,1159,3.0,0,0,22,239,1,0,2,1.0,0.0,0.0,0.0,0.0,0.0
5141,high_active,0,-124,1,1406,500+,7,"[1,10)",0,0,2540,730+,0,2,2,1152,4.0,0,1,8,181,2,2,2,0.0,0.0,0.0,0.0,0.0,0.0
5146,full_active,0,1,1,4158,500+,1571,"[1k,5k)",828,250+,1553,730+,1,2,19,637,1.0,0,1,10,254,3,3,0,1.0,0.0,0.0,0.0,0.0,0.0
5150,full_active,0,-124,1,312,"(250,500]",101,"[100,1k)",48,"[30,60)",1833,730+,1,2,28,68,,0,0,13,267,6,2,0,1.0,0.0,0.0,0.0,0.0,0.0
5156,middle_active,0,-124,1,27,"(10,50]",30,"[10,100)",18,"[5,30)",230,181-365,0,1,2,1151,3.0,0,1,43,211,1,3,2,1.0,0.0,0.0,0.0,0.0,0.0
5159,high_active,0,-124,1,72,"(50,100]",13,"[10,100)",1,"[1,5)",1550,730+,0,4,29,1306,1.0,0,1,0,360,6,3,0,1.0,0.0,0.0,0.0,0.0,0.0
5183,full_active,0,1,1,1563,500+,199,"[100,1k)",85,"[60,120)",2012,730+,0,3,2,1210,11.0,0,0,31,42,6,3,2,1.0,0.0,0.0,0.0,0.0,0.0
5185,full_active,0,-124,1,13,"(10,50]",128,"[100,1k)",2,"[1,5)",2694,730+,0,3,29,939,5.0,0,0,24,137,5,2,0,1.0,0.0,0.0,0.0,0.0,0.0
5188,full_active,0,-124,1,1408,500+,6,"[1,10)",2,"[1,5)",1903,730+,1,3,31,460,4.0,0,1,20,348,4,2,0,1.0,0.0,0.0,0.0,0.0,0.0
5191,full_active,0,1,1,58,"(50,100]",324,"[100,1k)",23,"[5,30)",1776,730+,1,2,19,574,1.0,0,0,1,82,2,3,0,1.0,0.0,0.0,0.0,0.0,1.0
5201,high_active,0,-124,1,101,"(100,150]",15,"[10,100)",2,"[1,5)",1107,730+,1,6,19,519,0.0,0,0,22,412,5,3,0,1.0,1.0,1.0,0.0,0.0,0.0
5202,full_active,0,1,1,78,"(50,100]",50,"[10,100)",14,"[5,30)",2142,730+,1,4,29,978,1.0,0,1,8,39,5,4,0,1.0,0.0,0.0,0.0,0.0,0.0
5210,middle_active,0,-124,1,52,"(50,100]",19,"[10,100)",1,"[1,5)",2500,730+,1,2,2,1171,5.0,0,1,8,287,2,2,2,1.0,0.0,0.0,0.0,0.0,0.0
5211,full_active,0,-124,1,148,"(100,150]",22,"[10,100)",8,"[5,30)",1190,730+,1,6,29,936,1.0,0,0,24,410,3,3,0,0.0,0.0,0.0,0.0,0.0,0.0
5213,full_active,0,1,1,1778,500+,536,"[100,1k)",481,250+,1751,730+,1,3,10,855,1.0,0,1,43,211,1,3,0,1.0,0.0,0.0,0.0,0.0,0.0
5214,high_active,0,-124,1,69,"(50,100]",173,"[100,1k)",66,"[60,120)",590,366-730,0,1,29,1289,3.0,0,1,8,294,6,3,0,0.0,0.0,1.0,0.0,0.0,0.0
5216,high_active,0,-124,1,336,"(250,500]",618,"[100,1k)",303,250+,1384,730+,1,1,29,1357,1.0,0,1,9,249,3,2,0,1.0,0.0,0.0,0.0,0.0,0.0
5220,full_active,0,-124,0,89,"(50,100]",7,"[1,10)",0,0,1339,730+,1,3,2,1160,4.0,0,0,13,392,6,2,2,1.0,0.0,0.0,0.0,0.0,0.0
5230,full_active,0,-124,1,74,"(50,100]",33,"[10,100)",11,"[5,30)",2309,730+,1,5,29,1306,1.0,0,0,24,264,4,2,0,1.0,0.0,0.0,0.0,0.0,0.0
5232,high_active,0,-124,1,233,"(150,250]",27,"[10,100)",23,"[5,30)",1225,730+,0,3,2,1159,3.0,0,1,8,209,6,3,2,1.0,0.0,0.0,0.0,0.0,0.0
5252,full_active,0,1,1,870,500+,1052,"[1k,5k)",691,250+,1964,730+,0,2,29,947,1.0,0,0,28,367,3,3,0,0.0,0.0,1.0,0.0,0.0,0.0
5255,high_active,0,-124,0,51,"(50,100]",6,"[1,10)",0,0,717,366-730,1,4,19,590,1.0,0,0,1,82,2,3,0,0.0,0.0,1.0,0.0,0.0,0.0
5256,full_active,0,1,1,5,"(0,10]",22,"[10,100)",4,"[1,5)",351,181-365,1,2,2,1160,4.0,0,0,1,82,2,2,2,0.0,0.0,0.0,0.0,0.0,0.0
5263,full_active,0,1,1,682,500+,253,"[100,1k)",115,"[60,120)",1897,730+,0,3,29,906,1.0,0,1,5,332,5,2,0,1.0,0.0,1.0,0.0,0.0,0.0
5280,full_active,0,-124,1,4191,500+,2555,"[1k,5k)",2153,250+,1313,730+,0,5,28,995,,0,0,7,77,5,2,0,1.0,0.0,0.0,0.0,0.0,0.0
5308,high_active,0,-124,0,13,"(10,50]",0,0,0,0,1591,730+,0,1,9,298,2.0,0,1,34,86,3,2,0,0.0,0.0,0.0,0.0,0.0,0.0
5310,full_active,0,-124,1,129,"(100,150]",354,"[100,1k)",127,"[120,250)",2183,730+,0,2,28,821,,0,0,1,82,2,3,0,0.0,0.0,0.0,0.0,0.0,0.0
5312,high_active,0,-124,1,10,"(0,10]",16,"[10,100)",7,"[5,30)",937,730+,0,1,29,947,1.0,0,1,21,157,3,3,0,1.0,0.0,0.0,0.0,0.0,0.0
5316,full_active,0,1,1,269,"(250,500]",1072,"[1k,5k)",239,"[120,250)",1564,730+,0,2,2,1160,4.0,0,1,0,295,6,4,2,1.0,0.0,0.0,0.0,0.0,0.0
5320,full_active,0,-124,1,134,"(100,150]",28,"[10,100)",18,"[5,30)",888,730+,0,3,29,1358,0.0,27,2,73,11,0,1,0,,,,,,
5322,full_active,0,1,1,1923,500+,422,"[100,1k)",166,"[120,250)",1715,730+,0,6,29,964,1.0,0,0,28,278,1,4,0,1.0,1.0,1.0,1.0,0.0,0.0
5323,full_active,0,-124,1,797,500+,452,"[100,1k)",402,250+,1416,730+,1,6,29,965,1.0,0,1,43,43,1,3,0,1.0,1.0,1.0,0.0,0.0,0.0
5330,full_active,0,1,1,2243,500+,4955,"[1k,5k)",2205,250+,1562,730+,0,4,19,641,1.0,0,1,43,250,1,3,0,0.0,0.0,1.0,0.0,0.0,0.0
5338,full_active,0,-124,1,84,"(50,100]",66,"[10,100)",33,"[30,60)",1033,730+,0,1,10,258,1.0,0,0,42,331,1,3,0,1.0,0.0,0.0,0.0,0.0,0.0
5339,full_active,0,-124,0,43,"(10,50]",1,"[1,10)",0,0,690,366-730,1,4,10,166,1.0,0,0,13,390,3,3,0,1.0,1.0,0.0,0.0,0.0,0.0
5340,high_active,0,-124,0,11,"(10,50]",5,"[1,10)",1,"[1,5)",180,91-180,1,3,2,1177,2.0,0,1,8,287,2,2,2,0.0,0.0,0.0,0.0,0.0,0.0
5342,full_active,0,-124,1,4982,500+,5297,"[5k,1w)",4932,250+,1288,730+,1,5,19,560,0.0,0,0,42,50,6,2,0,0.0,0.0,0.0,0.0,0.0,0.0
5343,high_active,0,-124,1,254,"(250,500]",20,"[10,100)",2,"[1,5)",799,730+,0,1,19,570,0.0,0,1,18,293,1,3,0,1.0,0.0,0.0,0.0,0.0,0.0
5347,full_active,0,-124,0,30,"(10,50]",6,"[1,10)",6,"[5,30)",409,366-730,0,1,19,606,1.0,0,1,18,244,6,3,0,1.0,1.0,0.0,0.0,0.0,0.0
5358,full_active,0,-124,0,13,"(10,50]",2,"[1,10)",0,0,189,181-365,0,6,10,109,0.0,0,0,33,134,3,0,0,,,,,,
5364,2_14_day_new,0,-124,1,261,"(250,500]",574,"[100,1k)",260,250+,564,366-730,0,1,2,1171,5.0,0,1,44,400,5,2,2,1.0,0.0,0.0,0.0,0.0,0.0
5369,middle_active,0,-124,1,303,"(250,500]",382,"[100,1k)",294,250+,843,730+,0,1,29,1322,2.0,0,1,18,325,3,3,0,0.0,0.0,0.0,0.0,0.0,0.0
5373,high_active,0,-124,0,367,"(250,500]",1,"[1,10)",0,0,905,730+,0,0,2,1136,2.0,0,1,20,92,5,0,1,1.0,0.0,0.0,0.0,0.0,0.0
5379,full_active,0,-124,1,111,"(100,150]",39,"[10,100)",5,"[5,30)",763,730+,1,4,10,252,1.0,0,0,24,235,1,3,0,0.0,0.0,0.0,0.0,0.0,0.0
5389,high_active,0,-124,1,147,"(100,150]",66,"[10,100)",12,"[5,30)",433,366-730,1,1,2,1158,7.0,0,1,43,232,3,3,2,1.0,0.0,0.0,0.0,0.0,0.0
5397,high_active,0,-124,1,44,"(10,50]",33,"[10,100)",4,"[1,5)",1728,730+,1,4,10,69,1.0,0,0,38,139,4,2,0,1.0,0.0,0.0,0.0,0.0,0.0
5405,full_active,0,-124,1,553,500+,84,"[10,100)",33,"[30,60)",1947,730+,1,4,10,319,5.0,0,0,26,108,1,3,0,1.0,0.0,1.0,0.0,0.0,0.0
5406,high_active,0,-124,0,51,"(50,100]",7,"[1,10)",3,"[1,5)",1578,730+,1,6,22,371,1.0,0,0,1,82,2,3,0,1.0,0.0,0.0,0.0,0.0,0.0
5413,high_active,0,-124,0,13,"(10,50]",3,"[1,10)",3,"[1,5)",837,730+,0,5,29,890,0.0,0,0,22,412,5,3,0,,,,,,
5419,full_active,0,-124,1,70,"(50,100]",166,"[100,1k)",36,"[30,60)",940,730+,1,5,19,594,1.0,0,0,13,183,6,4,0,0.0,1.0,0.0,0.0,0.0,0.0
5424,high_active,0,-124,0,145,"(100,150]",11,"[10,100)",8,"[5,30)",430,366-730,0,1,2,1151,3.0,0,1,44,291,6,0,2,1.0,0.0,0.0,0.0,0.0,0.0
5426,high_active,0,1,1,52,"(50,100]",37,"[10,100)",5,"[5,30)",1511,730+,1,5,19,599,2.0,0,0,30,251,3,2,0,1.0,0.0,0.0,0.0,0.0,0.0
5431,full_active,0,-124,0,2684,500+,15,"[10,100)",8,"[5,30)",2446,730+,1,3,10,852,4.0,0,0,1,82,2,2,0,1.0,0.0,0.0,0.0,0.0,0.0
5433,high_active,0,-124,1,34,"(10,50]",6,"[1,10)",2,"[1,5)",1643,730+,1,4,10,230,1.0,0,0,7,427,1,3,0,0.0,0.0,0.0,0.0,0.0,0.0
5437,high_active,0,-124,0,120,"(100,150]",23,"[10,100)",7,"[5,30)",1196,730+,1,5,29,931,1.0,0,0,19,111,6,2,0,1.0,0.0,0.0,0.0,0.0,0.0
5444,full_active,0,-124,1,124,"(100,150]",171,"[100,1k)",52,"[30,60)",2341,730+,1,3,2,1167,9.0,0,0,24,359,1,3,2,0.0,0.0,0.0,0.0,0.0,0.0
5445,middle_active,0,-124,1,671,500+,16,"[10,100)",9,"[5,30)",813,730+,1,2,2,1145,3.0,0,0,15,93,6,3,1,0.0,0.0,0.0,0.0,0.0,0.0
5447,full_active,0,-124,0,56,"(50,100]",0,0,0,0,820,730+,1,0,19,543,2.0,0,1,0,417,6,4,0,0.0,0.0,0.0,0.0,0.0,0.0
5451,2_14_day_new,0,-124,1,181,"(150,250]",340,"[100,1k)",164,"[120,250)",841,730+,0,1,29,1294,1.0,0,1,8,269,3,2,0,,,,,,
5452,full_active,0,1,1,47,"(10,50]",193,"[100,1k)",18,"[5,30)",2481,730+,1,3,31,382,3.0,0,0,13,330,5,3,0,1.0,0.0,0.0,0.0,0.0,1.0
5458,full_active,0,-124,1,368,"(250,500]",396,"[100,1k)",361,250+,1331,730+,0,1,2,1177,2.0,0,1,9,243,6,2,2,1.0,0.0,0.0,0.0,0.0,0.0
5462,full_active,0,1,1,33,"(10,50]",75,"[10,100)",19,"[5,30)",1716,730+,1,4,30,948,2.0,0,1,8,181,2,3,0,1.0,0.0,0.0,0.0,0.0,0.0
5463,single_low_active,0,-124,1,947,500+,399,"[100,1k)",247,"[120,250)",850,730+,1,5,19,590,1.0,0,0,15,304,1,0,0,1.0,0.0,0.0,0.0,0.0,0.0
5464,full_active,0,-124,0,5,"(0,10]",0,0,0,0,67,61-90,0,1,2,1179,2.0,0,1,20,348,4,0,2,0.0,0.0,0.0,0.0,0.0,0.0
5479,full_active,0,-124,0,56,"(50,100]",17,"[10,100)",10,"[5,30)",782,730+,1,4,10,844,1.0,0,1,8,36,4,0,0,0.0,0.0,0.0,0.0,1.0,0.0
5488,high_active,0,-124,1,117,"(100,150]",81,"[10,100)",72,"[60,120)",97,91-180,1,1,19,578,1.0,0,1,34,381,1,3,0,1.0,0.0,1.0,0.0,0.0,0.0
5494,full_active,0,-124,1,59,"(50,100]",41,"[10,100)",9,"[5,30)",1899,730+,0,4,19,1266,3.0,0,0,13,267,6,3,0,1.0,0.0,0.0,0.0,0.0,0.0
5502,full_active,0,-124,0,23,"(10,50]",0,0,0,0,106,91-180,1,1,2,1138,3.0,0,1,20,202,5,0,1,0.0,0.0,1.0,0.0,0.0,0.0
5504,full_active,0,1,1,612,500+,205,"[100,1k)",91,"[60,120)",893,730+,1,4,30,948,2.0,0,0,14,135,6,4,0,1.0,0.0,0.0,0.0,0.0,0.0
5514,high_active,0,-124,1,5000,500+,61,"[10,100)",26,"[5,30)",2323,730+,1,4,10,271,3.0,0,0,22,320,1,2,0,1.0,1.0,0.0,0.0,0.0,0.0
5515,full_active,0,-124,1,72,"(50,100]",14,"[10,100)",13,"[5,30)",1380,730+,1,2,2,1165,6.0,0,1,44,289,5,2,2,1.0,0.0,0.0,0.0,0.0,0.0
5516,full_active,0,-124,1,164,"(150,250]",309,"[100,1k)",160,"[120,250)",1622,730+,1,4,29,1321,1.0,0,1,43,136,3,3,0,1.0,0.0,0.0,0.0,0.0,0.0
5517,full_active,0,-124,1,142,"(100,150]",9,"[1,10)",5,"[5,30)",801,730+,1,4,19,656,2.0,0,1,8,287,2,2,0,1.0,0.0,1.0,0.0,0.0,0.0
5519,full_active,0,1,1,298,"(250,500]",1588,"[1k,5k)",285,250+,2027,730+,0,1,2,1153,5.0,0,0,33,141,5,3,2,1.0,0.0,0.0,0.0,0.0,0.0
5520,full_active,0,-124,0,21,"(10,50]",3,"[1,10)",0,0,1146,730+,0,2,10,852,4.0,0,1,10,449,3,4,0,0.0,0.0,1.0,0.0,0.0,0.0
5522,full_active,0,-124,1,16,"(10,50]",3,"[1,10)",1,"[1,5)",2394,730+,1,3,2,1171,5.0,0,1,10,254,3,0,2,1.0,0.0,0.0,1.0,1.0,0.0
5545,full_active,0,-124,1,71,"(50,100]",96,"[10,100)",40,"[30,60)",2280,730+,1,2,2,1158,7.0,0,1,2,399,4,2,2,1.0,0.0,0.0,0.0,0.0,0.0
5551,full_active,0,-124,1,1,"(0,10]",233,"[100,1k)",0,0,358,181-365,1,4,10,63,0.0,0,1,8,36,4,4,0,0.0,0.0,0.0,0.0,0.0,0.0
5553,middle_active,0,-124,1,63,"(50,100]",8,"[1,10)",1,"[1,5)",755,730+,0,1,29,1341,1.0,0,1,43,232,3,3,0,1.0,0.0,0.0,0.0,0.0,0.0
5558,full_active,0,-124,1,967,500+,14,"[10,100)",9,"[5,30)",1348,730+,0,5,2,1180,2.0,0,1,43,221,4,0,2,1.0,0.0,0.0,0.0,0.0,0.0
5560,middle_active,0,-124,1,197,"(150,250]",23,"[10,100)",18,"[5,30)",788,730+,0,1,10,100,0.0,0,1,2,399,4,3,0,1.0,0.0,0.0,0.0,0.0,0.0
5566,full_active,0,1,1,0,0,1128,"[1k,5k)",0,0,2096,730+,1,2,2,1171,5.0,0,1,20,348,4,0,2,1.0,0.0,0.0,0.0,0.0,0.0
5567,middle_active,0,-124,1,571,500+,33,"[10,100)",21,"[5,30)",949,730+,1,1,9,296,0.0,0,1,20,383,6,4,0,0.0,0.0,0.0,0.0,0.0,0.0
5574,single_low_active,0,-124,1,234,"(150,250]",96,"[10,100)",72,"[60,120)",1503,730+,0,5,10,836,1.0,0,1,20,161,6,4,0,0.0,0.0,1.0,0.0,0.0,0.0
5581,middle_active,0,-124,1,422,"(250,500]",449,"[100,1k)",399,250+,1020,730+,0,1,10,79,0.0,0,1,21,157,3,3,0,1.0,1.0,0.0,0.0,0.0,0.0
5585,2_14_day_new,0,1,1,47,"(10,50]",326,"[100,1k)",46,"[30,60)",284,181-365,0,2,19,605,1.0,0,1,34,52,3,4,0,0.0,0.0,0.0,0.0,0.0,0.0
5597,high_active,0,1,1,28,"(10,50]",2005,"[1k,5k)",10,"[5,30)",2759,730+,1,2,10,183,2.0,0,0,19,396,3,4,0,1.0,0.0,0.0,0.0,0.0,0.0
5600,full_active,0,-124,1,1262,500+,192,"[100,1k)",105,"[60,120)",1606,730+,0,6,29,964,1.0,0,0,30,185,1,4,0,1.0,0.0,0.0,0.0,0.0,0.0
5601,full_active,0,1,1,517,500+,10,"[10,100)",3,"[1,5)",1384,730+,1,4,31,386,1.0,0,0,13,117,6,4,0,1.0,0.0,0.0,0.0,0.0,0.0
5602,low_active,0,-124,1,139,"(100,150]",195,"[100,1k)",48,"[30,60)",1776,730+,0,1,2,1159,3.0,0,1,9,375,1,4,2,1.0,0.0,0.0,0.0,0.0,0.0
5617,full_active,0,-124,1,827,500+,188,"[100,1k)",136,"[120,250)",1812,730+,0,2,10,320,6.0,0,1,10,451,1,3,0,1.0,0.0,1.0,0.0,0.0,0.0
5620,full_active,0,-124,1,63,"(50,100]",5,"[1,10)",5,"[5,30)",2103,730+,1,2,10,230,1.0,0,0,15,394,4,3,0,0.0,0.0,0.0,0.0,0.0,0.0
5622,middle_active,0,-124,1,11,"(10,50]",3,"[1,10)",0,0,32,31-60,1,4,2,1165,6.0,0,1,8,36,4,4,2,0.0,0.0,0.0,0.0,0.0,0.0
5625,full_active,0,-124,1,191,"(150,250]",363,"[100,1k)",182,"[120,250)",846,730+,1,2,2,1160,4.0,0,1,32,33,2,2,2,1.0,0.0,0.0,0.0,0.0,0.0
5629,full_active,0,1,1,895,500+,1420,"[1k,5k)",878,250+,1091,730+,0,2,2,1152,3.0,0,1,10,450,3,3,2,0.0,0.0,0.0,0.0,0.0,0.0
5631,high_active,0,-124,1,45,"(10,50]",9,"[1,10)",2,"[1,5)",2620,730+,1,2,2,1155,4.0,0,0,31,42,6,3,2,0.0,0.0,0.0,0.0,0.0,0.0
5639,full_active,0,-124,1,71,"(50,100]",180,"[100,1k)",43,"[30,60)",2098,730+,0,1,2,1156,5.0,0,1,8,301,6,3,2,1.0,0.0,0.0,0.0,0.0,0.0
5644,full_active,0,-124,1,74,"(50,100]",80,"[10,100)",39,"[30,60)",1183,730+,1,1,2,1160,4.0,0,0,24,403,1,0,2,1.0,0.0,0.0,0.0,0.0,0.0
5645,full_active,0,1,1,600,500+,928,"[100,1k)",593,250+,735,730+,1,2,19,567,0.0,0,1,34,80,1,3,0,1.0,0.0,0.0,0.0,0.0,0.0
5649,full_active,0,-124,0,20,"(10,50]",2,"[1,10)",0,0,835,730+,0,2,2,1152,3.0,0,1,32,33,2,2,2,1.0,0.0,0.0,0.0,0.0,0.0
5650,high_active,0,-124,1,194,"(150,250]",41,"[10,100)",32,"[30,60)",711,366-730,0,0,10,77,1.0,0,0,24,235,1,2,0,0.0,0.0,0.0,0.0,0.0,0.0
5651,full_active,0,-124,1,78,"(50,100]",39,"[10,100)",5,"[5,30)",1918,730+,1,4,19,625,2.0,0,0,7,427,1,3,0,1.0,0.0,0.0,0.0,0.0,0.0
5663,middle_active,0,-124,1,272,"(250,500]",601,"[100,1k)",271,250+,1098,730+,0,1,2,1180,2.0,0,1,9,375,1,3,2,1.0,0.0,0.0,0.0,0.0,0.0
5667,high_active,0,-124,1,929,500+,1138,"[1k,5k)",915,250+,772,730+,0,1,2,1125,2.0,0,1,17,444,3,4,0,1.0,0.0,0.0,0.0,0.0,0.0
5668,full_active,0,-124,1,250,"(150,250]",60,"[10,100)",19,"[5,30)",1258,730+,0,3,2,1165,6.0,0,0,22,412,5,2,2,1.0,0.0,0.0,0.0,0.0,0.0
5672,full_active,0,-124,1,59,"(50,100]",106,"[100,1k)",53,"[30,60)",1244,730+,0,1,29,931,1.0,0,0,15,151,3,3,0,1.0,0.0,0.0,0.0,0.0,0.0
5673,full_active,0,-124,1,455,"(250,500]",267,"[100,1k)",172,"[120,250)",1037,730+,1,2,19,606,1.0,0,1,43,136,3,0,0,0.0,1.0,0.0,0.0,0.0,0.0
5680,full_active,0,-124,1,400,"(250,500]",425,"[100,1k)",369,250+,645,366-730,1,1,2,1153,4.0,0,1,43,230,1,3,2,1.0,0.0,0.0,0.0,0.0,0.0
5682,high_active,0,-124,1,615,500+,648,"[100,1k)",514,250+,218,181-365,1,1,19,560,0.0,0,1,43,192,3,3,0,1.0,0.0,0.0,0.0,0.0,0.0
5687,full_active,0,1,1,293,"(250,500]",265,"[100,1k)",145,"[120,250)",2564,730+,0,2,19,578,1.0,0,1,32,33,2,2,0,0.0,0.0,0.0,0.0,0.0,0.0
5696,high_active,0,-124,1,89,"(50,100]",25,"[10,100)",24,"[5,30)",1677,730+,0,1,29,897,2.0,0,0,33,382,3,0,0,1.0,0.0,0.0,0.0,0.0,0.0
5708,full_active,0,-124,1,348,"(250,500]",371,"[100,1k)",99,"[60,120)",1387,730+,0,4,31,754,1.0,0,0,13,392,6,4,0,1.0,0.0,0.0,0.0,0.0,0.0
5710,full_active,0,-124,1,489,"(250,500]",27,"[10,100)",13,"[5,30)",1821,730+,0,4,19,516,0.0,0,0,28,367,3,2,0,,,,,,
5711,full_active,0,-124,1,68,"(50,100]",97,"[10,100)",23,"[5,30)",734,730+,1,6,29,906,1.0,0,0,13,330,5,3,0,0.0,0.0,0.0,0.0,0.0,0.0
5712,full_active,0,1,1,2563,500+,143,"[100,1k)",104,"[60,120)",1657,730+,1,4,29,977,3.0,0,0,22,321,1,2,0,1.0,1.0,0.0,0.0,0.0,0.0
5722,full_active,0,-124,1,827,500+,62,"[10,100)",53,"[30,60)",1189,730+,0,1,19,583,1.0,0,1,34,341,6,3,0,0.0,0.0,1.0,0.0,0.0,0.0
5731,high_active,0,-124,1,42,"(10,50]",912,"[100,1k)",0,0,1980,730+,1,4,19,558,2.0,0,1,12,281,5,2,0,0.0,0.0,1.0,0.0,0.0,0.0
5744,high_active,0,1,1,46,"(10,50]",128,"[100,1k)",46,"[30,60)",1081,730+,1,2,2,1176,2.0,0,1,18,362,6,3,2,1.0,0.0,0.0,0.0,0.0,0.0
5746,high_active,0,-124,1,1307,500+,1221,"[1k,5k)",925,250+,467,366-730,0,1,19,606,1.0,0,0,33,41,3,3,0,0.0,0.0,0.0,0.0,0.0,0.0
5750,full_active,0,-124,1,10,"(0,10]",27,"[10,100)",3,"[1,5)",1381,730+,1,2,31,375,3.0,0,1,8,64,5,2,0,1.0,0.0,0.0,0.0,0.0,0.0
5773,full_active,0,-124,1,50,"(10,50]",140,"[100,1k)",40,"[30,60)",882,730+,0,1,2,1160,4.0,0,1,21,443,3,3,2,1.0,0.0,0.0,0.0,0.0,0.0
5774,full_active,0,-124,1,268,"(250,500]",60,"[10,100)",16,"[5,30)",912,730+,0,6,29,917,0.0,0,0,31,275,5,2,0,0.0,0.0,0.0,0.0,0.0,0.0
5775,full_active,0,1,1,521,500+,568,"[100,1k)",456,250+,588,366-730,0,1,2,1175,2.0,0,0,7,40,1,4,2,0.0,0.0,0.0,0.0,0.0,0.0
5776,full_active,0,-124,0,37,"(10,50]",2,"[1,10)",0,0,503,366-730,1,4,2,1158,7.0,0,0,24,264,4,2,1,1.0,0.0,0.0,0.0,0.0,0.0
5781,middle_active,0,-124,0,17,"(10,50]",8,"[1,10)",2,"[1,5)",328,181-365,1,1,10,553,3.0,0,1,9,310,3,2,0,1.0,0.0,0.0,0.0,0.0,0.0
5802,full_active,0,1,1,785,500+,129,"[100,1k)",76,"[60,120)",1972,730+,1,3,2,1159,3.0,0,1,8,36,4,2,2,1.0,0.0,0.0,0.0,0.0,0.0
5808,full_active,0,-124,1,180,"(150,250]",60,"[10,100)",40,"[30,60)",2031,730+,1,2,19,611,1.0,0,1,44,238,4,2,0,1.0,0.0,0.0,0.0,0.0,0.0
5810,full_active,0,-124,1,179,"(150,250]",10,"[10,100)",2,"[1,5)",131,91-180,1,4,28,68,,0,1,20,92,5,3,0,1.0,1.0,1.0,0.0,0.0,0.0
5815,full_active,0,-124,0,15,"(10,50]",4,"[1,10)",1,"[1,5)",1410,730+,1,4,2,1167,9.0,0,1,32,33,2,0,2,,,,,,
5821,full_active,0,-124,1,34,"(10,50]",5,"[1,10)",5,"[5,30)",1492,730+,0,2,29,950,1.0,0,0,31,276,6,3,0,1.0,0.0,0.0,0.0,0.0,0.0
5822,full_active,0,-124,0,24,"(10,50]",0,0,0,0,134,91-180,0,4,19,578,1.0,0,0,1,82,2,0,0,0.0,0.0,0.0,0.0,0.0,0.0
5831,full_active,0,-124,1,48,"(10,50]",74,"[10,100)",39,"[30,60)",929,730+,1,6,19,637,1.0,0,0,14,452,3,3,0,1.0,0.0,0.0,0.0,0.0,0.0
5841,high_active,0,-124,1,315,"(250,500]",202,"[100,1k)",86,"[60,120)",2096,730+,0,5,19,570,0.0,0,1,20,191,5,3,0,1.0,0.0,0.0,0.0,0.0,0.0
5847,full_active,0,-124,1,186,"(150,250]",7,"[1,10)",2,"[1,5)",522,366-730,1,4,2,1167,9.0,0,1,43,230,1,3,2,1.0,0.0,0.0,0.0,0.0,0.0
5852,full_active,0,-124,1,471,"(250,500]",24,"[10,100)",7,"[5,30)",2712,730+,1,3,29,940,1.0,0,0,1,82,2,3,0,1.0,0.0,0.0,0.0,0.0,1.0
5856,full_active,0,-124,1,1656,500+,2218,"[1k,5k)",1596,250+,1538,730+,0,1,2,1159,3.0,0,1,2,399,4,2,2,1.0,0.0,0.0,0.0,0.0,0.0
5858,full_active,0,-124,1,61,"(50,100]",78,"[10,100)",25,"[5,30)",919,730+,0,1,19,623,1.0,0,1,8,36,4,4,0,1.0,1.0,1.0,0.0,0.0,0.0
5873,full_active,0,-124,1,82,"(50,100]",12,"[10,100)",8,"[5,30)",1834,730+,1,2,2,1151,3.0,0,0,15,441,1,2,2,0.0,0.0,0.0,1.0,0.0,0.0
5875,full_active,0,-124,1,78,"(50,100]",19,"[10,100)",6,"[5,30)",1187,730+,1,4,29,878,0.0,0,0,7,40,1,3,0,1.0,0.0,0.0,0.0,0.0,0.0
5879,full_active,0,-124,0,170,"(150,250]",30,"[10,100)",9,"[5,30)",1189,730+,0,5,31,24,1.0,0,0,33,107,1,3,0,1.0,0.0,0.0,0.0,0.0,0.0
5884,full_active,0,-124,1,86,"(50,100]",3,"[1,10)",1,"[1,5)",351,181-365,0,4,19,606,1.0,0,0,13,390,3,4,0,1.0,0.0,0.0,0.0,0.0,0.0
5885,full_active,0,-124,1,387,"(250,500]",32,"[10,100)",17,"[5,30)",1542,730+,1,4,28,658,,0,0,15,304,1,4,0,1.0,1.0,0.0,0.0,0.0,0.0
5890,full_active,0,1,1,1376,500+,292,"[100,1k)",226,"[120,250)",1185,730+,0,1,19,601,1.0,0,0,26,124,1,3,0,1.0,0.0,0.0,0.0,0.0,0.0
5898,high_active,0,-124,1,69,"(50,100]",5,"[1,10)",0,0,863,730+,0,3,2,1159,3.0,0,1,32,33,2,2,2,1.0,0.0,0.0,0.0,0.0,0.0
5902,full_active,0,1,1,66,"(50,100]",35,"[10,100)",14,"[5,30)",1392,730+,1,6,9,296,0.0,0,0,19,378,3,0,0,0.0,0.0,0.0,0.0,0.0,0.0
5910,full_active,0,-124,0,22,"(10,50]",3,"[1,10)",2,"[1,5)",315,181-365,1,5,29,878,0.0,0,0,22,123,1,0,0,0.0,0.0,1.0,0.0,0.0,0.0
5912,full_active,0,-124,0,249,"(150,250]",12,"[10,100)",7,"[5,30)",1045,730+,0,5,19,567,0.0,0,1,17,253,4,2,0,1.0,0.0,0.0,0.0,0.0,0.0
5924,high_active,0,1,1,189,"(150,250]",24,"[10,100)",9,"[5,30)",1844,730+,1,4,2,1180,2.0,0,0,7,77,5,2,2,1.0,0.0,1.0,0.0,0.0,0.0
5925,middle_active,0,-124,1,4998,500+,363,"[100,1k)",273,250+,632,366-730,0,0,10,80,0.0,0,1,43,230,1,3,0,0.0,0.0,0.0,0.0,0.0,0.0
5928,full_active,0,1,1,1268,500+,507,"[100,1k)",352,250+,1541,730+,1,4,19,532,1.0,0,1,44,238,4,3,0,0.0,0.0,0.0,0.0,0.0,0.0
5933,full_active,0,-124,1,1590,500+,9,"[1,10)",5,"[5,30)",1938,730+,1,2,10,320,6.0,0,1,12,29,6,2,0,1.0,0.0,0.0,0.0,0.0,0.0
5934,full_active,0,-124,0,388,"(250,500]",31,"[10,100)",18,"[5,30)",2154,730+,1,3,29,953,2.0,0,1,43,221,4,3,0,1.0,0.0,0.0,0.0,0.0,0.0
5936,full_active,0,1,1,428,"(250,500]",478,"[100,1k)",202,"[120,250)",1639,730+,1,4,19,639,2.0,0,0,42,50,6,2,0,1.0,0.0,0.0,0.0,0.0,0.0
5938,full_active,0,-124,1,630,500+,504,"[100,1k)",394,250+,1072,730+,1,1,2,1153,5.0,0,1,20,383,6,3,2,1.0,0.0,0.0,0.0,0.0,0.0
5939,full_active,0,-124,1,1911,500+,30,"[10,100)",17,"[5,30)",1128,730+,1,2,10,74,0.0,0,0,31,275,5,2,0,1.0,0.0,1.0,0.0,0.0,0.0
5942,full_active,0,1,1,13,"(10,50]",67,"[10,100)",5,"[5,30)",282,181-365,1,4,2,1160,4.0,0,1,20,161,6,4,2,1.0,0.0,0.0,0.0,0.0,0.0
5946,full_active,0,-124,1,38,"(10,50]",179,"[100,1k)",37,"[30,60)",980,730+,0,1,19,647,1.0,0,1,21,215,1,2,0,1.0,0.0,0.0,0.0,0.0,0.0
5954,high_active,0,-124,0,29,"(10,50]",5,"[1,10)",0,0,311,181-365,1,4,2,1160,4.0,0,0,31,299,6,2,2,1.0,0.0,0.0,0.0,0.0,0.0
5956,full_active,0,1,1,117,"(100,150]",1871,"[1k,5k)",25,"[5,30)",1584,730+,0,3,2,1165,6.0,0,1,44,238,4,2,2,1.0,0.0,0.0,0.0,0.0,0.0
5962,high_active,0,-124,1,87,"(50,100]",142,"[100,1k)",67,"[60,120)",746,730+,0,1,19,637,1.0,0,0,42,421,1,0,0,1.0,0.0,0.0,0.0,0.0,0.0
5967,full_active,0,1,1,655,500+,93,"[10,100)",47,"[30,60)",2468,730+,1,4,10,59,1.0,0,0,22,123,1,3,0,1.0,0.0,0.0,0.0,0.0,0.0
5969,high_active,0,1,1,414,"(250,500]",142,"[100,1k)",20,"[5,30)",1903,730+,0,2,2,1165,6.0,0,0,22,386,1,2,2,1.0,0.0,0.0,0.0,0.0,0.0
5971,full_active,0,-124,0,46,"(10,50]",40,"[10,100)",12,"[5,30)",1819,730+,1,4,19,560,0.0,0,0,30,290,3,3,0,1.0,0.0,0.0,0.0,0.0,0.0
5974,full_active,0,-124,1,99,"(50,100]",1,"[1,10)",0,0,2091,730+,1,3,2,1158,5.0,0,1,18,325,3,2,2,0.0,0.0,0.0,0.0,0.0,0.0
5975,full_active,0,-124,1,438,"(250,500]",15,"[10,100)",7,"[5,30)",187,181-365,0,6,29,950,1.0,0,0,13,267,6,3,0,0.0,0.0,0.0,0.0,0.0,0.0
5983,high_active,0,-124,0,17,"(10,50]",6,"[1,10)",1,"[1,5)",646,366-730,1,5,31,725,0.0,0,0,19,378,3,2,0,0.0,0.0,0.0,0.0,0.0,0.0
5988,full_active,0,-124,1,285,"(250,500]",291,"[100,1k)",278,250+,1044,730+,1,2,19,639,2.0,0,0,42,223,1,4,0,0.0,0.0,0.0,0.0,0.0,0.0
6016,full_active,0,-124,1,1950,500+,279,"[100,1k)",273,250+,497,366-730,1,0,29,1301,1.0,0,1,0,58,1,3,0,1.0,0.0,0.0,0.0,0.0,0.0
6027,middle_active,0,-124,1,489,"(250,500]",743,"[100,1k)",464,250+,1216,730+,0,1,19,570,0.0,0,1,34,423,1,3,0,1.0,0.0,0.0,0.0,0.0,0.0
6030,full_active,0,-124,0,306,"(250,500]",6,"[1,10)",1,"[1,5)",1780,730+,0,3,9,478,2.0,0,0,22,386,1,2,0,1.0,0.0,0.0,0.0,0.0,0.0
6034,full_active,0,1,1,166,"(150,250]",212,"[100,1k)",137,"[120,250)",2321,730+,1,2,31,25,1.0,0,0,15,187,3,3,0,0.0,0.0,0.0,0.0,1.0,0.0
6036,full_active,0,-124,0,86,"(50,100]",9,"[1,10)",4,"[1,5)",1610,730+,1,4,10,274,1.0,0,0,30,368,4,3,0,1.0,0.0,0.0,0.0,0.0,0.0
6037,high_active,0,-124,1,189,"(150,250]",31,"[10,100)",11,"[5,30)",2626,730+,1,2,2,1180,2.0,0,0,13,267,6,3,2,1.0,0.0,0.0,0.0,0.0,0.0
6046,high_active,0,-124,1,29,"(10,50]",37,"[10,100)",22,"[5,30)",375,366-730,1,5,19,647,1.0,0,1,34,194,3,2,0,1.0,0.0,0.0,0.0,0.0,0.0
6049,middle_active,0,1,1,387,"(250,500]",14,"[10,100)",7,"[5,30)",220,181-365,0,1,2,1153,4.0,0,0,31,275,5,2,2,0.0,0.0,0.0,0.0,0.0,0.0
6053,full_active,0,1,1,30,"(10,50]",86,"[10,100)",10,"[5,30)",2609,730+,1,3,10,765,2.0,0,0,7,154,1,3,0,1.0,0.0,0.0,0.0,0.0,0.0
6064,full_active,0,-124,1,12,"(10,50]",65,"[10,100)",10,"[5,30)",1104,730+,0,6,2,1165,6.0,0,1,20,161,6,4,2,1.0,0.0,0.0,0.0,0.0,0.0
6065,full_active,0,-124,0,1186,500+,22,"[10,100)",17,"[5,30)",1630,730+,0,5,2,1160,4.0,0,1,20,85,4,0,2,1.0,0.0,0.0,0.0,0.0,0.0
6066,full_active,0,-124,1,1833,500+,339,"[100,1k)",255,250+,778,730+,1,4,19,620,1.0,0,1,43,20,0,0,0,1.0,0.0,1.0,0.0,0.0,0.0
6067,full_active,0,-124,0,313,"(250,500]",4,"[1,10)",3,"[1,5)",649,366-730,1,2,31,378,3.0,0,1,2,399,4,2,0,1.0,0.0,0.0,0.0,1.0,0.0
6075,full_active,0,-124,1,184,"(150,250]",23,"[10,100)",16,"[5,30)",987,730+,1,2,19,573,1.0,0,0,24,416,1,2,0,1.0,0.0,0.0,1.0,1.0,0.0
6085,high_active,0,-124,1,724,500+,9,"[1,10)",1,"[1,5)",399,366-730,0,2,2,1180,2.0,0,1,2,399,4,2,2,0.0,0.0,0.0,0.0,0.0,0.0
6086,full_active,0,-124,1,280,"(250,500]",46,"[10,100)",33,"[30,60)",2137,730+,0,3,10,118,3.0,0,0,1,82,2,2,0,1.0,0.0,0.0,0.0,0.0,0.0
6088,full_active,0,-124,1,48,"(10,50]",2288,"[1k,5k)",48,"[30,60)",782,730+,0,3,2,1171,5.0,0,0,42,422,1,3,2,1.0,0.0,0.0,0.0,0.0,0.0
6094,high_active,0,-124,1,255,"(250,500]",349,"[100,1k)",249,"[120,250)",112,91-180,0,1,2,1180,2.0,0,1,43,211,1,3,0,1.0,0.0,1.0,0.0,0.0,0.0
6096,full_active,0,1,1,555,500+,588,"[100,1k)",219,"[120,250)",1900,730+,1,4,19,638,2.0,0,1,34,80,1,4,0,1.0,0.0,0.0,0.0,0.0,0.0
6098,full_active,0,-124,1,104,"(100,150]",32,"[10,100)",6,"[5,30)",1032,730+,0,4,2,1160,5.0,0,0,31,305,5,2,2,1.0,0.0,0.0,0.0,0.0,0.0
6099,full_active,0,1,1,14,"(10,50]",141,"[100,1k)",13,"[5,30)",2052,730+,1,2,2,1152,3.0,0,1,8,287,2,2,2,0.0,0.0,0.0,0.0,0.0,0.0
6102,full_active,0,1,1,112,"(100,150]",227,"[100,1k)",75,"[60,120)",1941,730+,1,1,2,1208,8.0,0,1,9,243,6,2,2,1.0,0.0,0.0,0.0,0.0,0.0
6103,full_active,0,-124,1,24,"(10,50]",32,"[10,100)",22,"[5,30)",1731,730+,0,1,29,958,1.0,0,1,18,196,3,3,0,1.0,0.0,0.0,0.0,0.0,0.0
6107,full_active,0,-124,0,118,"(100,150]",8,"[1,10)",7,"[5,30)",170,91-180,1,4,10,464,2.0,0,0,1,82,2,3,0,1.0,0.0,1.0,0.0,0.0,0.0
6142,full_active,0,-124,1,99,"(50,100]",9,"[1,10)",3,"[1,5)",701,366-730,1,3,29,890,0.0,0,0,24,235,1,3,0,1.0,0.0,0.0,0.0,0.0,0.0
6145,full_active,0,-124,0,36,"(10,50]",3,"[1,10)",2,"[1,5)",1294,730+,0,2,31,381,2.0,0,1,10,76,3,2,0,1.0,0.0,0.0,0.0,0.0,0.0
6151,full_active,0,1,1,79,"(50,100]",450,"[100,1k)",8,"[5,30)",1536,730+,0,4,19,655,1.0,0,0,31,242,3,3,0,1.0,0.0,0.0,0.0,0.0,0.0
6154,full_active,0,-124,1,1636,500+,103,"[100,1k)",75,"[60,120)",650,366-730,1,1,2,1160,4.0,0,1,8,181,2,0,2,1.0,0.0,0.0,0.0,0.0,0.0
6157,full_active,0,-124,1,324,"(250,500]",323,"[100,1k)",194,"[120,250)",1035,730+,0,1,19,629,1.0,0,0,31,193,3,4,0,1.0,0.0,0.0,0.0,0.0,0.0
6158,full_active,0,-124,1,33,"(10,50]",12,"[10,100)",6,"[5,30)",1742,730+,1,2,2,1165,6.0,0,1,10,254,3,2,2,1.0,0.0,0.0,0.0,0.0,0.0
6165,full_active,0,1,1,741,500+,584,"[100,1k)",499,250+,1532,730+,1,4,19,578,1.0,0,0,1,82,2,4,0,1.0,0.0,0.0,0.0,0.0,0.0
6192,high_active,0,-124,0,1176,500+,12,"[10,100)",5,"[5,30)",118,91-180,1,6,10,177,2.0,0,0,15,93,6,0,0,1.0,0.0,0.0,0.0,0.0,1.0
6199,high_active,0,-124,0,530,500+,14,"[10,100)",8,"[5,30)",1010,730+,1,4,29,906,1.0,0,1,43,232,3,3,0,1.0,0.0,1.0,0.0,0.0,0.0
6201,high_active,0,-124,1,705,500+,11,"[10,100)",8,"[5,30)",1116,730+,1,2,10,852,4.0,0,0,14,62,1,3,0,1.0,0.0,0.0,0.0,1.0,0.0
6216,middle_active,0,-124,1,23,"(10,50]",17,"[10,100)",10,"[5,30)",276,181-365,0,1,19,583,1.0,0,1,9,324,3,4,0,0.0,0.0,1.0,0.0,0.0,0.0
6221,full_active,0,-124,0,44,"(10,50]",17,"[10,100)",1,"[1,5)",392,366-730,1,4,29,947,1.0,0,0,24,264,4,2,0,1.0,0.0,0.0,0.0,0.0,0.0
6222,full_active,0,-124,1,29,"(10,50]",10,"[10,100)",2,"[1,5)",1091,730+,0,4,10,261,6.0,0,0,19,49,1,2,0,1.0,0.0,0.0,0.0,0.0,0.0
6230,high_active,0,1,1,263,"(250,500]",112,"[100,1k)",9,"[5,30)",2222,730+,0,3,19,534,2.0,0,0,24,357,3,3,0,0.0,0.0,0.0,0.0,0.0,0.0
6248,full_active,0,1,1,551,500+,83,"[10,100)",61,"[60,120)",2619,730+,1,2,2,1165,6.0,0,0,1,82,2,4,2,1.0,0.0,0.0,0.0,0.0,0.0
6252,full_active,0,1,1,15,"(10,50]",156,"[100,1k)",15,"[5,30)",1821,730+,0,2,29,941,2.0,0,0,15,109,3,3,0,1.0,0.0,0.0,0.0,0.0,0.0
6258,full_active,0,-124,0,3,"(0,10]",4,"[1,10)",0,0,198,181-365,0,1,19,527,2.0,0,0,28,367,3,0,0,,,,,,
6264,full_active,0,-124,1,57,"(50,100]",97,"[10,100)",56,"[30,60)",1413,730+,1,1,22,371,1.0,0,0,30,368,4,2,0,0.0,0.0,0.0,0.0,0.0,0.0
6267,full_active,0,-124,0,240,"(150,250]",10,"[10,100)",1,"[1,5)",955,730+,1,4,11,967,1.0,0,0,33,141,5,0,0,0.0,0.0,0.0,0.0,0.0,0.0
6269,full_active,0,-124,1,78,"(50,100]",29,"[10,100)",11,"[5,30)",2257,730+,1,2,2,1159,3.0,0,1,43,211,1,3,2,0.0,0.0,0.0,0.0,0.0,0.0
6271,full_active,0,1,1,810,500+,84,"[10,100)",36,"[30,60)",2148,730+,1,3,2,1179,2.0,0,0,14,116,5,4,2,1.0,0.0,0.0,0.0,0.0,0.0
6281,full_active,0,-124,1,46,"(10,50]",0,0,0,0,1086,730+,1,6,34,954,3.0,0,0,24,137,5,2,0,0.0,0.0,0.0,0.0,0.0,0.0
6293,full_active,0,-124,1,0,0,0,0,0,0,888,730+,0,3,2,1171,5.0,0,1,8,181,2,2,2,1.0,0.0,0.0,0.0,0.0,0.0
6296,full_active,0,-124,1,162,"(150,250]",460,"[100,1k)",162,"[120,250)",1527,730+,1,1,19,520,0.0,0,0,15,394,4,4,0,0.0,0.0,0.0,0.0,0.0,0.0
6298,full_active,0,-124,1,562,500+,810,"[100,1k)",554,250+,1926,730+,1,2,10,230,1.0,0,1,10,76,3,2,0,1.0,0.0,0.0,0.0,0.0,0.0
6302,full_active,0,-124,0,179,"(150,250]",51,"[10,100)",15,"[5,30)",1523,730+,1,4,10,143,1.0,0,0,19,378,3,0,0,1.0,0.0,0.0,0.0,0.0,0.0
6304,high_active,0,-124,1,346,"(250,500]",156,"[100,1k)",70,"[60,120)",1553,730+,0,5,22,371,1.0,0,1,43,366,3,3,0,1.0,0.0,0.0,0.0,0.0,0.0
6309,full_active,0,1,1,23,"(10,50]",381,"[100,1k)",15,"[5,30)",1775,730+,0,3,19,582,2.0,0,0,7,138,1,2,0,1.0,0.0,0.0,0.0,0.0,0.0
6311,high_active,0,-124,1,219,"(150,250]",244,"[100,1k)",217,"[120,250)",113,91-180,0,1,28,289,,0,1,10,152,3,3,0,0.0,0.0,0.0,0.0,0.0,0.0
6313,full_active,0,-124,0,144,"(100,150]",23,"[10,100)",13,"[5,30)",1749,730+,1,5,29,1357,1.0,0,0,13,333,6,3,0,1.0,1.0,1.0,0.0,0.0,0.0
6318,middle_active,0,-124,1,67,"(50,100]",130,"[100,1k)",45,"[30,60)",2279,730+,1,2,2,1137,3.0,0,0,13,330,5,2,2,1.0,0.0,0.0,0.0,0.0,0.0
6319,high_active,0,-124,1,634,500+,95,"[10,100)",52,"[30,60)",449,366-730,1,1,29,906,1.0,0,0,42,120,1,3,0,1.0,0.0,0.0,0.0,0.0,0.0
6322,full_active,0,-124,1,88,"(50,100]",22,"[10,100)",21,"[5,30)",142,91-180,1,1,2,1160,4.0,0,1,2,399,4,2,2,1.0,0.0,0.0,0.0,0.0,0.0
6327,high_active,0,-124,0,56,"(50,100]",8,"[1,10)",4,"[1,5)",943,730+,0,4,2,1180,2.0,0,1,34,201,4,0,2,0.0,0.0,0.0,0.0,0.0,0.0
6329,middle_active,0,-124,1,11,"(10,50]",36,"[10,100)",1,"[1,5)",1610,730+,1,1,19,641,1.0,0,0,15,151,3,3,0,0.0,0.0,0.0,0.0,0.0,0.0
6330,high_active,0,-124,1,574,500+,128,"[100,1k)",64,"[60,120)",1016,730+,1,6,31,373,0.0,0,0,31,296,3,3,0,1.0,0.0,1.0,0.0,0.0,0.0
6337,full_active,0,1,1,35,"(10,50]",248,"[100,1k)",30,"[30,60)",2553,730+,0,2,2,1160,4.0,0,1,34,201,4,2,2,1.0,0.0,0.0,0.0,0.0,0.0
6339,high_active,0,-124,0,54,"(50,100]",0,0,0,0,58,31-60,0,0,31,417,0.0,0,1,20,348,4,2,0,0.0,0.0,0.0,0.0,0.0,0.0
6343,full_active,0,-124,0,70,"(50,100]",12,"[10,100)",9,"[5,30)",215,181-365,1,5,19,568,0.0,0,0,22,239,1,3,0,1.0,0.0,1.0,0.0,0.0,0.0
6351,high_active,0,-124,1,3266,500+,4086,"[1k,5k)",2514,250+,700,366-730,0,1,10,277,1.0,0,1,34,273,3,3,0,1.0,0.0,0.0,0.0,0.0,0.0
6361,full_active,0,1,1,501,500+,119,"[100,1k)",95,"[60,120)",1774,730+,1,4,19,594,1.0,0,0,13,67,6,4,0,1.0,0.0,0.0,0.0,0.0,0.0
6366,full_active,0,1,1,626,500+,123,"[100,1k)",122,"[120,250)",185,181-365,1,5,31,367,0.0,0,0,24,137,5,2,0,0.0,0.0,0.0,0.0,0.0,0.0
6367,full_active,0,-124,1,151,"(150,250]",9,"[1,10)",3,"[1,5)",661,366-730,0,4,19,606,1.0,0,0,31,354,3,3,0,0.0,0.0,0.0,0.0,0.0,0.0
6369,full_active,0,1,1,295,"(250,500]",29,"[10,100)",10,"[5,30)",1219,730+,0,3,2,1171,5.0,0,0,15,441,1,4,2,1.0,0.0,0.0,0.0,0.0,0.0
6380,full_active,0,1,1,843,500+,75,"[10,100)",56,"[30,60)",1273,730+,1,3,2,1153,5.0,0,0,42,115,1,3,2,1.0,0.0,0.0,0.0,0.0,0.0
6383,full_active,0,1,1,53,"(50,100]",60,"[10,100)",29,"[5,30)",653,366-730,1,2,2,1153,4.0,0,0,42,50,6,3,2,1.0,0.0,0.0,0.0,0.0,0.0
6384,high_active,0,-124,1,1235,500+,1540,"[1k,5k)",932,250+,1544,730+,1,1,19,620,1.0,0,0,31,42,6,3,0,1.0,0.0,0.0,0.0,0.0,0.0
6385,full_active,0,-124,1,13,"(10,50]",41,"[10,100)",9,"[5,30)",1501,730+,0,5,19,637,1.0,0,0,13,67,6,0,0,1.0,0.0,0.0,0.0,0.0,0.0
6388,full_active,0,1,1,140,"(100,150]",101,"[100,1k)",79,"[60,120)",1792,730+,1,2,2,1162,8.0,0,1,43,230,1,3,2,1.0,0.0,0.0,0.0,0.0,0.0
6409,full_active,0,-124,1,900,500+,59,"[10,100)",25,"[5,30)",2227,730+,1,3,2,1153,5.0,0,1,5,95,5,2,2,0.0,0.0,0.0,0.0,0.0,0.0
6411,high_active,0,-124,1,129,"(100,150]",29,"[10,100)",10,"[5,30)",1084,730+,1,5,10,172,1.0,0,0,38,139,4,3,0,1.0,0.0,1.0,0.0,0.0,0.0
6415,full_active,0,-124,1,1096,500+,65,"[10,100)",28,"[5,30)",1035,730+,0,3,29,906,1.0,0,1,44,238,4,2,0,0.0,0.0,0.0,0.0,0.0,0.0
6424,high_active,0,-124,1,173,"(150,250]",106,"[100,1k)",30,"[30,60)",1460,730+,0,6,28,858,,0,0,30,251,3,3,0,1.0,0.0,0.0,0.0,0.0,0.0
6429,full_active,0,-124,1,29,"(10,50]",36,"[10,100)",19,"[5,30)",548,366-730,1,1,19,625,2.0,0,0,13,267,6,3,0,0.0,0.0,0.0,0.0,0.0,0.0
6432,low_active,0,-124,1,99,"(50,100]",91,"[10,100)",69,"[60,120)",1331,730+,0,1,2,1152,3.0,0,0,15,306,3,2,2,1.0,0.0,0.0,0.0,0.0,0.0
6435,full_active,0,1,1,95,"(50,100]",354,"[100,1k)",87,"[60,120)",470,366-730,1,5,2,1171,5.0,0,0,31,42,6,3,2,0.0,0.0,0.0,0.0,0.0,0.0
6453,full_active,0,-124,1,210,"(150,250]",22,"[10,100)",2,"[1,5)",2502,730+,1,4,31,421,2.0,0,0,31,37,3,2,0,1.0,0.0,0.0,0.0,0.0,0.0
6455,high_active,0,-124,1,1166,500+,1428,"[1k,5k)",1159,250+,636,366-730,0,1,24,806,3.0,0,0,15,438,3,2,0,1.0,0.0,0.0,0.0,0.0,0.0
6461,full_active,0,1,1,24,"(10,50]",34,"[10,100)",17,"[5,30)",218,181-365,1,2,2,1180,2.0,0,0,7,154,1,0,2,0.0,0.0,0.0,0.0,0.0,0.0
6464,full_active,0,-124,1,606,500+,1075,"[1k,5k)",484,250+,1007,730+,0,5,10,844,1.0,0,1,9,324,3,3,0,1.0,1.0,0.0,0.0,0.0,0.0
6465,full_active,0,-124,0,154,"(150,250]",3,"[1,10)",1,"[1,5)",435,366-730,0,1,2,1151,3.0,0,1,8,349,3,3,2,1.0,0.0,0.0,0.0,0.0,0.0
6471,full_active,0,-124,0,21,"(10,50]",0,0,0,0,157,91-180,1,4,10,464,2.0,0,1,44,147,4,0,0,1.0,0.0,0.0,0.0,0.0,0.0
6473,high_active,0,-124,0,583,500+,19,"[10,100)",7,"[5,30)",892,730+,0,4,19,588,2.0,0,0,1,82,2,0,0,0.0,1.0,0.0,0.0,0.0,0.0
6481,full_active,0,1,1,303,"(250,500]",73,"[10,100)",10,"[5,30)",1658,730+,1,4,10,61,1.0,0,0,22,412,5,2,0,0.0,1.0,0.0,0.0,0.0,0.0
6482,full_active,0,-124,0,233,"(150,250]",35,"[10,100)",9,"[5,30)",1532,730+,1,6,29,964,1.0,0,0,31,42,6,3,0,0.0,0.0,1.0,0.0,0.0,0.0
6491,high_active,0,-124,1,15,"(10,50]",10,"[10,100)",1,"[1,5)",337,181-365,1,4,19,527,2.0,0,1,20,383,6,0,0,1.0,0.0,0.0,0.0,0.0,0.0
6499,full_active,0,1,1,314,"(250,500]",93,"[10,100)",90,"[60,120)",1872,730+,1,5,29,1302,1.0,0,0,13,67,6,3,0,1.0,0.0,0.0,0.0,0.0,0.0
6501,full_active,0,-124,1,123,"(100,150]",57,"[10,100)",13,"[5,30)",2100,730+,0,3,9,859,1.0,0,1,20,383,6,2,0,1.0,0.0,0.0,0.0,0.0,0.0
6502,full_active,0,-124,0,23,"(10,50]",0,0,0,0,100,91-180,1,4,19,516,0.0,0,0,13,392,6,2,0,0.0,0.0,0.0,0.0,0.0,0.0
6507,low_active,0,-124,1,115,"(100,150]",17,"[10,100)",8,"[5,30)",1838,730+,1,2,31,734,0.0,0,1,10,76,3,3,0,,,,,,
6516,full_active,0,-124,1,104,"(100,150]",373,"[100,1k)",51,"[30,60)",1437,730+,1,2,2,1167,9.0,0,1,43,221,4,2,2,1.0,0.0,0.0,0.0,0.0,0.0
6532,full_active,0,-124,1,175,"(150,250]",23,"[10,100)",18,"[5,30)",904,730+,0,0,19,632,0.0,0,0,13,267,6,3,0,1.0,0.0,1.0,0.0,0.0,0.0
6538,full_active,0,-124,0,94,"(50,100]",25,"[10,100)",9,"[5,30)",912,730+,0,5,10,107,0.0,0,0,14,440,1,2,0,1.0,0.0,0.0,0.0,0.0,0.0
6540,middle_active,0,-124,0,4,"(0,10]",0,0,0,0,1376,730+,0,1,29,1341,1.0,0,1,9,310,3,0,0,0.0,0.0,0.0,0.0,0.0,0.0
6541,high_active,0,-124,1,82,"(50,100]",8,"[1,10)",3,"[1,5)",479,366-730,0,3,2,1159,3.0,0,0,31,276,6,2,2,1.0,0.0,0.0,0.0,0.0,0.0
6551,middle_active,0,-124,0,73,"(50,100]",0,0,0,0,435,366-730,1,1,24,775,1.0,0,1,8,262,6,3,0,0.0,0.0,0.0,0.0,0.0,0.0
6552,full_active,0,-124,0,342,"(250,500]",9,"[1,10)",4,"[1,5)",726,366-730,0,4,10,268,2.0,0,0,28,367,3,2,0,1.0,0.0,0.0,0.0,0.0,0.0
6554,full_active,0,-124,1,27,"(10,50]",7,"[1,10)",1,"[1,5)",982,730+,0,1,31,687,2.0,0,1,8,39,5,4,0,0.0,0.0,0.0,0.0,0.0,0.0
6559,high_active,0,-124,1,290,"(250,500]",4,"[1,10)",1,"[1,5)",1438,730+,0,4,10,765,2.0,0,0,31,193,3,2,0,1.0,0.0,0.0,0.0,0.0,0.0
6563,high_active,0,-124,1,402,"(250,500]",435,"[100,1k)",387,250+,764,730+,0,3,28,210,,0,0,31,354,3,3,0,1.0,0.0,0.0,0.0,0.0,0.0
6575,2_14_day_new,0,-124,1,32,"(10,50]",88,"[10,100)",32,"[30,60)",352,181-365,0,2,9,859,1.0,0,1,43,226,1,3,0,1.0,0.0,0.0,0.0,0.0,0.0
6576,full_active,0,-124,1,150,"(100,150]",174,"[100,1k)",150,"[120,250)",110,91-180,0,1,28,993,,0,0,14,116,5,3,0,1.0,0.0,0.0,0.0,0.0,0.0
6577,full_active,0,-124,1,207,"(150,250]",174,"[100,1k)",69,"[60,120)",768,730+,0,4,19,606,1.0,0,0,7,427,1,3,0,1.0,0.0,1.0,0.0,0.0,0.0
6578,high_active,0,-124,1,65,"(50,100]",6,"[1,10)",5,"[5,30)",1792,730+,0,2,10,269,2.0,0,1,10,373,5,2,0,1.0,0.0,0.0,0.0,0.0,0.0
6588,high_active,0,-124,1,86,"(50,100]",214,"[100,1k)",86,"[60,120)",1914,730+,0,1,2,1170,5.0,0,1,8,200,5,4,2,1.0,0.0,0.0,0.0,0.0,0.0
6589,high_active,0,-124,1,26,"(10,50]",8,"[1,10)",3,"[1,5)",165,91-180,0,5,19,582,2.0,0,0,42,50,6,2,0,1.0,0.0,1.0,0.0,0.0,0.0
6593,full_active,0,1,1,428,"(250,500]",1064,"[1k,5k)",247,"[120,250)",1704,730+,1,5,10,113,0.0,0,0,13,390,3,3,0,0.0,0.0,0.0,0.0,0.0,0.0
6598,high_active,0,-124,1,312,"(250,500]",18,"[10,100)",5,"[5,30)",1277,730+,0,4,19,578,1.0,0,0,31,276,6,3,0,1.0,0.0,0.0,0.0,0.0,0.0
6600,full_active,0,-124,1,42,"(10,50]",36,"[10,100)",30,"[30,60)",243,181-365,1,2,19,625,2.0,27,2,73,13,0,1,0,1.0,0.0,1.0,0.0,0.0,0.0
6603,full_active,0,-124,0,35,"(10,50]",2,"[1,10)",0,0,410,366-730,0,4,10,322,5.0,0,0,14,116,5,2,0,1.0,0.0,0.0,0.0,0.0,0.0
6604,full_active,0,-124,1,622,500+,192,"[100,1k)",111,"[60,120)",750,730+,1,4,31,367,0.0,0,1,44,400,5,3,0,1.0,0.0,0.0,0.0,0.0,0.0
6607,high_active,0,-124,1,63,"(50,100]",46,"[10,100)",25,"[5,30)",1004,730+,1,4,29,906,1.0,0,0,7,154,1,3,0,1.0,0.0,1.0,0.0,0.0,0.0
6614,middle_active,0,-124,1,120,"(100,150]",73,"[10,100)",68,"[60,120)",1476,730+,0,4,19,525,0.0,0,1,9,237,1,3,0,0.0,0.0,0.0,0.0,0.0,0.0
6618,full_active,0,-124,1,29,"(10,50]",112,"[100,1k)",18,"[5,30)",1867,730+,1,2,2,1210,11.0,0,1,18,393,3,3,2,1.0,0.0,0.0,0.0,0.0,0.0
6623,full_active,0,1,1,399,"(250,500]",129,"[100,1k)",78,"[60,120)",2163,730+,1,4,29,1305,1.0,0,1,44,121,5,2,0,1.0,0.0,0.0,0.0,0.0,0.0
6624,full_active,0,-124,1,1118,500+,122,"[100,1k)",115,"[60,120)",911,730+,1,6,29,935,3.0,0,1,8,36,4,0,0,1.0,0.0,0.0,0.0,0.0,0.0
6629,high_active,0,-124,1,347,"(250,500]",745,"[100,1k)",344,250+,929,730+,0,1,19,606,1.0,0,0,31,299,6,3,0,1.0,0.0,0.0,0.0,0.0,0.0
6659,high_active,0,-124,1,345,"(250,500]",18,"[10,100)",10,"[5,30)",220,181-365,1,6,19,567,0.0,0,1,10,373,5,3,0,1.0,0.0,0.0,0.0,0.0,0.0
6670,full_active,0,-124,1,1271,500+,1441,"[1k,5k)",1204,250+,329,181-365,0,0,29,958,1.0,0,1,8,294,6,0,0,1.0,0.0,0.0,0.0,0.0,0.0
6672,full_active,0,1,0,1220,500+,17,"[10,100)",8,"[5,30)",756,730+,1,2,10,232,1.0,0,0,30,251,3,3,0,1.0,0.0,1.0,0.0,0.0,0.0
6673,high_active,0,-124,1,246,"(150,250]",85,"[10,100)",38,"[30,60)",2108,730+,0,6,48,698,1.0,0,1,10,152,3,4,0,0.0,0.0,0.0,0.0,0.0,0.0
6677,full_active,0,-124,1,259,"(250,500]",466,"[100,1k)",254,250+,981,730+,0,1,2,1160,4.0,0,1,10,405,3,4,2,1.0,0.0,0.0,0.0,0.0,0.0
6689,full_active,0,-124,1,368,"(250,500]",121,"[100,1k)",54,"[30,60)",1016,730+,0,1,19,647,1.0,0,0,22,412,5,3,0,1.0,0.0,0.0,0.0,0.0,0.0
6690,full_active,0,1,1,173,"(150,250]",352,"[100,1k)",99,"[60,120)",1853,730+,1,4,10,272,3.0,0,0,33,134,3,4,0,1.0,0.0,0.0,0.0,0.0,0.0
6691,2_14_day_new,0,-124,1,222,"(150,250]",323,"[100,1k)",214,"[120,250)",1188,730+,0,6,2,1159,3.0,0,0,31,354,3,3,0,0.0,0.0,0.0,0.0,0.0,0.0
6693,full_active,0,-124,1,233,"(150,250]",385,"[100,1k)",167,"[120,250)",1753,730+,1,2,2,1177,2.0,0,1,34,430,1,3,2,1.0,0.0,0.0,0.0,0.0,0.0
6704,high_active,0,-124,1,188,"(150,250]",33,"[10,100)",12,"[5,30)",1757,730+,1,3,10,204,1.0,0,0,31,37,3,3,0,1.0,0.0,0.0,0.0,0.0,0.0
6706,full_active,0,1,1,98,"(50,100]",714,"[100,1k)",95,"[60,120)",1109,730+,1,2,2,1153,4.0,0,0,31,283,6,2,2,1.0,0.0,0.0,0.0,0.0,0.0
6708,full_active,0,-124,0,392,"(250,500]",7,"[1,10)",1,"[1,5)",898,730+,1,5,9,859,1.0,0,1,34,341,6,2,0,1.0,0.0,0.0,0.0,0.0,0.0
6716,full_active,0,-124,1,291,"(250,500]",106,"[100,1k)",81,"[60,120)",42,31-60,0,4,19,655,1.0,0,1,0,347,6,3,0,1.0,1.0,0.0,0.0,0.0,0.0
6717,full_active,0,-124,1,406,"(250,500]",1968,"[1k,5k)",402,250+,870,730+,1,6,2,1176,2.0,0,1,8,269,3,4,2,1.0,0.0,0.0,0.0,0.0,0.0
6719,full_active,0,1,1,345,"(250,500]",115,"[100,1k)",30,"[30,60)",1876,730+,1,4,2,1202,4.0,0,0,24,264,4,2,2,1.0,0.0,0.0,0.0,0.0,0.0
6720,high_active,0,-124,1,2,"(0,10]",4,"[1,10)",0,0,430,366-730,1,3,2,1167,9.0,0,0,13,392,6,3,2,1.0,0.0,0.0,0.0,0.0,0.0
6724,full_active,0,-124,0,130,"(100,150]",4,"[1,10)",4,"[1,5)",388,366-730,1,4,29,973,1.0,0,1,20,85,4,2,0,1.0,0.0,0.0,0.0,0.0,0.0
6728,full_active,0,-124,1,483,"(250,500]",769,"[100,1k)",438,250+,1345,730+,0,2,2,1159,3.0,0,0,31,299,6,3,2,1.0,0.0,0.0,1.0,0.0,0.0
6729,full_active,0,-124,0,12,"(10,50]",24,"[10,100)",12,"[5,30)",386,366-730,0,1,19,601,1.0,0,1,18,393,3,3,0,0.0,0.0,0.0,0.0,0.0,0.0
6737,full_active,0,1,1,1123,500+,219,"[100,1k)",64,"[60,120)",2219,730+,1,5,10,127,2.0,0,0,1,82,2,0,0,1.0,0.0,0.0,0.0,0.0,0.0
6739,full_active,0,-124,0,162,"(150,250]",29,"[10,100)",6,"[5,30)",1136,730+,0,5,31,732,0.0,0,0,13,188,3,3,0,,,,,,
6746,full_active,0,-124,1,377,"(250,500]",231,"[100,1k)",30,"[30,60)",954,730+,1,4,19,637,1.0,0,0,28,367,3,0,0,1.0,0.0,0.0,0.0,0.0,0.0
6749,high_active,0,-124,1,49,"(10,50]",19,"[10,100)",12,"[5,30)",240,181-365,0,0,19,641,1.0,0,1,34,201,4,0,0,1.0,0.0,0.0,0.0,0.0,0.0
6753,full_active,0,-124,0,140,"(100,150]",6,"[1,10)",1,"[1,5)",1182,730+,0,2,9,479,1.0,0,0,22,321,1,0,0,1.0,0.0,0.0,0.0,0.0,0.0
6769,full_active,0,-124,1,545,500+,277,"[100,1k)",134,"[120,250)",1113,730+,1,3,29,1294,1.0,0,0,26,38,1,3,0,0.0,0.0,0.0,0.0,0.0,0.0
6772,middle_active,0,-124,0,31,"(10,50]",14,"[10,100)",13,"[5,30)",338,181-365,0,1,29,964,1.0,0,1,21,377,6,3,0,1.0,0.0,0.0,0.0,0.0,0.0
6773,full_active,0,1,1,1669,500+,262,"[100,1k)",142,"[120,250)",2029,730+,0,4,42,1030,1.0,0,0,28,280,1,3,2,1.0,0.0,0.0,0.0,0.0,0.0
6786,full_active,0,-124,1,1396,500+,728,"[100,1k)",589,250+,970,730+,1,5,10,844,1.0,0,1,43,43,1,3,0,1.0,0.0,0.0,0.0,0.0,0.0
6790,full_active,0,1,1,1760,500+,1009,"[1k,5k)",954,250+,936,730+,1,5,29,891,1.0,0,0,42,223,1,3,0,1.0,0.0,1.0,0.0,0.0,0.0
6795,middle_active,0,-124,1,106,"(100,150]",16,"[10,100)",0,0,1004,730+,1,1,19,583,1.0,0,0,31,432,4,2,0,1.0,0.0,0.0,0.0,0.0,0.0
6796,middle_active,0,-124,1,123,"(100,150]",14,"[10,100)",12,"[5,30)",1357,730+,0,2,31,416,2.0,0,1,10,449,3,4,0,,,,,,
6803,full_active,0,1,1,8,"(0,10]",2,"[1,10)",1,"[1,5)",69,61-90,1,4,29,918,1.0,0,0,30,251,3,2,0,,,,,,
6806,high_active,0,-124,1,144,"(100,150]",248,"[100,1k)",112,"[60,120)",1268,730+,1,1,2,1153,5.0,0,1,8,181,2,2,2,1.0,0.0,0.0,0.0,0.0,0.0
6815,full_active,0,-124,1,89,"(50,100]",33,"[10,100)",32,"[30,60)",1703,730+,1,1,29,932,2.0,0,1,10,451,1,3,0,0.0,0.0,0.0,0.0,0.0,0.0
6816,high_active,0,1,1,58,"(50,100]",423,"[100,1k)",46,"[30,60)",2485,730+,0,5,10,177,2.0,0,0,24,264,4,2,0,1.0,0.0,0.0,0.0,0.0,0.0
6820,full_active,0,-124,1,1221,500+,1585,"[1k,5k)",1121,250+,1481,730+,0,1,10,258,1.0,0,1,8,259,6,3,0,1.0,0.0,0.0,0.0,0.0,0.0
6822,full_active,0,-124,1,137,"(100,150]",162,"[100,1k)",130,"[120,250)",742,730+,0,1,2,1179,2.0,0,1,8,301,6,2,2,1.0,0.0,0.0,0.0,0.0,0.0
6823,full_active,0,-124,1,651,500+,139,"[100,1k)",60,"[60,120)",2040,730+,0,5,10,1068,1.0,0,0,13,117,6,0,0,1.0,0.0,0.0,0.0,0.0,0.0
6844,high_active,0,-124,1,1105,500+,228,"[100,1k)",203,"[120,250)",1221,730+,0,1,19,558,2.0,0,0,31,354,3,3,0,1.0,0.0,0.0,0.0,0.0,0.0
6845,high_active,0,-124,1,49,"(10,50]",8,"[1,10)",7,"[5,30)",225,181-365,0,1,10,178,3.0,0,0,15,69,6,0,0,1.0,0.0,0.0,0.0,0.0,0.0
6852,middle_active,0,-124,0,18,"(10,50]",2,"[1,10)",0,0,323,181-365,1,4,19,659,1.0,0,0,31,343,3,3,0,1.0,0.0,0.0,0.0,0.0,0.0
6854,full_active,0,-124,1,13,"(10,50]",35,"[10,100)",13,"[5,30)",1106,730+,0,1,2,1177,2.0,0,1,8,288,6,3,2,1.0,0.0,0.0,0.0,0.0,0.0
6856,high_active,0,-124,1,106,"(100,150]",6,"[1,10)",3,"[1,5)",1501,730+,1,4,2,1153,4.0,0,1,10,254,3,3,2,1.0,0.0,0.0,0.0,0.0,0.0
6860,full_active,0,-124,1,294,"(250,500]",20,"[10,100)",1,"[1,5)",460,366-730,0,4,29,961,0.0,0,0,24,357,3,0,0,1.0,1.0,0.0,0.0,0.0,0.0
6867,full_active,0,-124,1,87,"(50,100]",6,"[1,10)",0,0,1180,730+,1,3,10,1024,2.0,0,1,44,400,5,2,0,0.0,0.0,0.0,0.0,0.0,0.0
6872,high_active,0,1,1,107,"(100,150]",63,"[10,100)",37,"[30,60)",896,730+,1,2,2,1165,6.0,0,1,20,348,4,2,2,1.0,0.0,0.0,0.0,0.0,0.0
6875,full_active,0,-124,1,199,"(150,250]",226,"[100,1k)",126,"[120,250)",313,181-365,0,4,19,605,1.0,0,1,20,191,5,3,0,0.0,0.0,0.0,0.0,0.0,0.0
6876,full_active,0,1,1,1686,500+,80,"[10,100)",40,"[30,60)",2748,730+,1,3,29,926,1.0,0,1,20,191,5,3,0,1.0,0.0,0.0,1.0,1.0,0.0
6882,full_active,0,-124,1,1219,500+,250,"[100,1k)",67,"[60,120)",789,730+,0,4,19,570,0.0,0,0,38,139,4,3,0,0.0,0.0,1.0,0.0,0.0,0.0
6898,full_active,0,-124,1,313,"(250,500]",7,"[1,10)",3,"[1,5)",1290,730+,1,6,9,1058,0.0,0,0,24,403,1,3,0,1.0,1.0,1.0,0.0,0.0,0.0
6908,full_active,0,-124,0,42,"(10,50]",4,"[1,10)",1,"[1,5)",470,366-730,1,2,29,908,1.0,0,1,34,388,1,3,0,0.0,0.0,0.0,0.0,0.0,0.0
6922,full_active,0,-124,1,689,500+,2,"[1,10)",0,0,2096,730+,0,2,48,707,2.0,0,0,31,305,5,0,0,0.0,0.0,0.0,0.0,0.0,0.0
6930,full_active,0,1,1,560,500+,1323,"[1k,5k)",417,250+,1702,730+,0,3,10,282,2.0,0,1,8,200,5,2,0,1.0,1.0,0.0,0.0,0.0,0.0
6938,full_active,0,-124,1,10,"(0,10]",24,"[10,100)",9,"[5,30)",614,366-730,0,1,29,1297,1.0,0,0,38,139,4,2,0,0.0,0.0,0.0,0.0,0.0,0.0
6939,high_active,0,-124,1,5,"(0,10]",49,"[10,100)",2,"[1,5)",2756,730+,1,2,2,1171,5.0,0,1,5,270,5,4,2,0.0,0.0,0.0,0.0,0.0,0.0
6941,full_active,0,-124,1,17,"(10,50]",21,"[10,100)",4,"[1,5)",2179,730+,0,5,29,920,1.0,0,0,31,432,4,0,0,1.0,0.0,0.0,0.0,0.0,0.0
6956,high_active,0,-124,1,712,500+,1,"[1,10)",1,"[1,5)",1884,730+,0,2,2,1167,9.0,0,1,20,191,5,0,2,0.0,0.0,0.0,0.0,0.0,0.0
6962,full_active,0,-124,1,418,"(250,500]",11,"[10,100)",3,"[1,5)",1441,730+,0,3,10,320,6.0,0,0,15,109,3,3,0,1.0,0.0,0.0,0.0,0.0,0.0
6968,full_active,0,-124,1,71,"(50,100]",5,"[1,10)",3,"[1,5)",764,730+,1,6,10,77,1.0,0,0,14,452,3,0,0,0.0,0.0,0.0,0.0,0.0,0.0
6969,full_active,0,1,1,633,500+,118,"[100,1k)",88,"[60,120)",1668,730+,1,4,29,958,1.0,0,1,44,238,4,0,0,0.0,0.0,0.0,0.0,1.0,0.0
7002,full_active,0,-124,1,948,500+,1252,"[1k,5k)",932,250+,1644,730+,0,1,2,1164,5.0,0,0,13,67,6,3,2,1.0,0.0,0.0,0.0,0.0,0.0
7003,full_active,0,-124,1,4,"(0,10]",3,"[1,10)",0,0,1408,730+,1,4,2,1160,4.0,0,1,8,181,2,2,2,1.0,0.0,0.0,0.0,0.0,0.0
7004,high_active,0,-124,0,250,"(150,250]",5,"[1,10)",0,0,635,366-730,1,0,9,715,3.0,0,1,18,413,4,2,1,1.0,0.0,0.0,0.0,0.0,0.0
7009,full_active,0,-124,0,121,"(100,150]",9,"[1,10)",1,"[1,5)",845,730+,0,3,31,429,2.0,0,0,31,42,6,4,0,1.0,0.0,0.0,0.0,0.0,0.0
7010,high_active,0,-124,1,457,"(250,500]",95,"[10,100)",40,"[30,60)",1756,730+,1,2,2,1171,5.0,0,1,34,79,1,2,2,1.0,0.0,0.0,0.0,0.0,0.0
7012,high_active,0,-124,1,242,"(150,250]",155,"[100,1k)",101,"[60,120)",2638,730+,1,4,19,630,4.0,0,0,7,77,5,3,0,1.0,0.0,0.0,0.0,0.0,0.0
7017,full_active,0,1,1,85,"(50,100]",167,"[100,1k)",83,"[60,120)",1909,730+,1,2,31,368,1.0,0,0,7,427,1,4,0,1.0,0.0,0.0,0.0,0.0,0.0
7025,full_active,0,-124,1,367,"(250,500]",33,"[10,100)",23,"[5,30)",1571,730+,1,1,19,618,3.0,0,1,8,200,5,2,0,0.0,0.0,0.0,0.0,0.0,0.0
7027,full_active,0,-124,1,122,"(100,150]",161,"[100,1k)",119,"[60,120)",1965,730+,1,1,2,1161,8.0,0,1,43,221,4,2,2,1.0,0.0,0.0,0.0,0.0,0.0
7035,full_active,0,-124,1,90,"(50,100]",30,"[10,100)",7,"[5,30)",1218,730+,1,6,10,407,1.0,0,1,9,245,6,2,0,1.0,0.0,1.0,0.0,0.0,0.0
7036,full_active,0,1,1,707,500+,1200,"[1k,5k)",684,250+,1022,730+,0,1,2,1159,3.0,0,0,15,118,6,4,2,1.0,0.0,0.0,0.0,0.0,0.0
7043,full_active,0,-124,1,225,"(150,250]",73,"[10,100)",35,"[30,60)",485,366-730,1,1,48,708,1.0,0,1,0,360,6,4,0,1.0,0.0,0.0,0.0,1.0,0.0
7045,full_active,0,-124,1,136,"(100,150]",3,"[1,10)",1,"[1,5)",2126,730+,0,3,2,1153,5.0,0,0,31,299,6,3,2,1.0,0.0,0.0,0.0,0.0,0.0
7052,full_active,0,-124,0,103,"(100,150]",16,"[10,100)",2,"[1,5)",576,366-730,1,4,10,862,2.0,0,1,43,230,1,4,0,1.0,0.0,0.0,0.0,0.0,0.0
7054,full_active,0,1,1,174,"(150,250]",2025,"[1k,5k)",19,"[5,30)",2763,730+,1,2,2,1167,9.0,0,0,38,139,4,2,2,1.0,0.0,0.0,0.0,0.0,0.0
7061,full_active,0,-124,0,12,"(10,50]",1,"[1,10)",0,0,1191,730+,1,4,31,418,1.0,0,1,8,259,6,2,0,1.0,0.0,0.0,0.0,0.0,0.0
7063,full_active,0,-124,0,70,"(50,100]",3,"[1,10)",0,0,162,91-180,0,1,10,242,1.0,0,0,19,409,1,0,0,1.0,1.0,1.0,0.0,0.0,0.0
7076,full_active,0,-124,1,11,"(10,50]",7,"[1,10)",2,"[1,5)",1632,730+,1,5,29,953,2.0,0,0,13,117,6,2,0,1.0,0.0,0.0,0.0,0.0,0.0
7081,full_active,0,-124,1,2,"(0,10]",11,"[10,100)",1,"[1,5)",229,181-365,1,1,2,1158,7.0,0,1,34,52,3,2,2,1.0,0.0,0.0,0.0,0.0,0.0
7084,full_active,0,-124,1,14,"(10,50]",162,"[100,1k)",12,"[5,30)",814,730+,0,1,2,1160,4.0,0,0,31,354,3,3,2,1.0,0.0,0.0,0.0,0.0,0.0
7085,full_active,0,1,1,174,"(150,250]",429,"[100,1k)",15,"[5,30)",2736,730+,1,2,2,1159,3.0,0,0,13,67,6,2,2,1.0,0.0,0.0,0.0,0.0,0.0
7087,high_active,0,-124,0,3,"(0,10]",6,"[1,10)",1,"[1,5)",954,730+,0,5,29,990,1.0,0,0,31,42,6,0,0,1.0,0.0,0.0,0.0,0.0,0.0
7094,middle_active,0,-124,1,195,"(150,250]",47,"[10,100)",31,"[30,60)",763,730+,1,2,2,1139,2.0,0,0,7,154,1,4,1,1.0,0.0,0.0,0.0,0.0,0.0
7100,full_active,0,-124,1,4633,500+,7752,"[5k,1w)",4262,250+,1384,730+,0,4,10,1039,1.0,0,0,30,368,4,2,0,1.0,0.0,0.0,0.0,0.0,0.0
7111,2_14_day_new,0,1,1,850,500+,901,"[100,1k)",329,250+,1721,730+,0,4,28,658,,0,1,44,147,4,2,0,1.0,0.0,0.0,0.0,0.0,0.0
7119,high_active,0,1,1,3363,500+,129,"[100,1k)",108,"[60,120)",1265,730+,1,3,9,228,2.0,0,1,44,238,4,2,0,1.0,0.0,0.0,0.0,0.0,0.0
7120,full_active,0,-124,1,111,"(100,150]",3,"[1,10)",3,"[1,5)",829,730+,1,0,10,245,1.0,0,0,33,134,3,2,0,1.0,1.0,1.0,0.0,0.0,0.0
7129,high_active,0,-124,0,3,"(0,10]",1,"[1,10)",0,0,148,91-180,1,1,2,1171,5.0,0,1,17,156,6,3,2,1.0,0.0,0.0,0.0,0.0,0.0
7131,high_active,0,1,1,410,"(250,500]",108,"[100,1k)",32,"[30,60)",1597,730+,0,4,10,266,1.0,0,1,18,244,6,2,2,1.0,0.0,0.0,0.0,0.0,0.0
7146,full_active,0,-124,1,95,"(50,100]",33,"[10,100)",17,"[5,30)",1189,730+,0,3,29,921,1.0,0,0,13,390,3,2,0,1.0,0.0,0.0,0.0,0.0,0.0
7154,high_active,0,-124,0,423,"(250,500]",25,"[10,100)",12,"[5,30)",1082,730+,1,4,31,731,0.0,0,0,13,183,6,4,0,1.0,0.0,0.0,0.0,0.0,0.0
7157,full_active,0,1,1,124,"(100,150]",335,"[100,1k)",100,"[60,120)",1628,730+,1,2,2,1171,5.0,0,1,20,348,4,4,2,1.0,0.0,0.0,0.0,0.0,0.0
7158,middle_active,0,-124,1,26,"(10,50]",9,"[1,10)",9,"[5,30)",330,181-365,1,1,10,230,1.0,0,1,9,310,3,3,0,0.0,0.0,0.0,0.0,0.0,0.0
7164,high_active,0,-124,1,1556,500+,11,"[10,100)",5,"[5,30)",1348,730+,0,1,2,1153,4.0,0,0,33,234,1,0,2,,,,,,
7167,full_active,0,-124,0,125,"(100,150]",4,"[1,10)",1,"[1,5)",144,91-180,1,1,2,1160,4.0,0,1,20,161,6,2,2,1.0,0.0,0.0,0.0,0.0,0.0
7173,full_active,0,-124,1,103,"(100,150]",20,"[10,100)",7,"[5,30)",1425,730+,0,6,19,642,1.0,0,1,5,332,5,3,0,1.0,0.0,0.0,0.0,0.0,0.0
7175,high_active,0,-124,0,315,"(250,500]",4,"[1,10)",1,"[1,5)",117,91-180,1,0,29,936,1.0,0,0,31,305,5,0,0,1.0,1.0,1.0,0.0,0.0,0.0
7176,full_active,0,-124,1,121,"(100,150]",8,"[1,10)",5,"[5,30)",1412,730+,1,2,31,370,5.0,0,0,13,330,5,0,0,1.0,0.0,0.0,1.0,0.0,0.0
7191,full_active,0,-124,1,104,"(100,150]",125,"[100,1k)",1,"[1,5)",2711,730+,1,3,2,1160,4.0,0,1,20,174,5,2,2,1.0,0.0,1.0,0.0,0.0,0.0
7197,full_active,0,1,1,1628,500+,234,"[100,1k)",192,"[120,250)",1736,730+,1,4,29,953,2.0,0,0,7,138,1,4,0,0.0,0.0,1.0,1.0,1.0,0.0
7199,high_active,0,-124,1,268,"(250,500]",85,"[10,100)",53,"[30,60)",2031,730+,1,4,28,34,,0,0,30,251,3,3,0,1.0,0.0,0.0,0.0,0.0,0.0
7202,full_active,0,1,1,71,"(50,100]",7,"[1,10)",2,"[1,5)",1765,730+,1,3,10,238,3.0,0,1,20,348,4,2,0,1.0,0.0,0.0,0.0,0.0,0.0
7203,full_active,0,-124,1,74,"(50,100]",159,"[100,1k)",32,"[30,60)",2219,730+,0,2,2,1171,5.0,0,1,10,450,3,4,2,1.0,0.0,0.0,0.0,0.0,0.0
7217,full_active,0,1,1,138,"(100,150]",175,"[100,1k)",89,"[60,120)",1953,730+,1,5,29,1352,0.0,0,0,24,264,4,3,0,0.0,0.0,0.0,0.0,0.0,1.0
7223,2_14_day_new,0,1,1,10,"(0,10]",397,"[100,1k)",10,"[5,30)",280,181-365,1,1,2,1160,4.0,0,1,18,325,3,2,2,1.0,0.0,0.0,0.0,0.0,0.0
7224,full_active,0,-124,0,5,"(0,10]",1,"[1,10)",1,"[1,5)",80,61-90,1,4,29,949,1.0,0,1,8,181,2,0,0,1.0,0.0,0.0,0.0,0.0,0.0
7233,full_active,0,1,1,49,"(10,50]",49928,"[1w,10w)",1,"[1,5)",2595,730+,1,3,10,1025,3.0,0,0,1,82,2,2,0,0.0,1.0,0.0,0.0,0.0,0.0
7246,full_active,0,-124,1,27,"(10,50]",40,"[10,100)",16,"[5,30)",2578,730+,1,3,29,897,2.0,0,1,43,192,3,3,0,1.0,0.0,0.0,0.0,0.0,0.0
7248,full_active,0,1,1,85,"(50,100]",42,"[10,100)",3,"[1,5)",333,181-365,0,2,19,626,0.0,0,1,8,36,4,4,0,1.0,0.0,0.0,0.0,0.0,0.0
7256,high_active,0,-124,0,23,"(10,50]",2,"[1,10)",1,"[1,5)",235,181-365,1,4,19,559,2.0,0,1,44,400,5,3,0,1.0,0.0,0.0,0.0,0.0,0.0
7272,high_active,0,-124,0,1227,500+,5,"[1,10)",4,"[1,5)",203,181-365,1,4,10,85,0.0,0,0,31,143,6,2,0,1.0,1.0,1.0,0.0,0.0,0.0
7279,full_active,0,-124,1,551,500+,24,"[10,100)",14,"[5,30)",1402,730+,1,4,19,558,2.0,0,1,0,285,3,3,0,1.0,0.0,0.0,0.0,1.0,0.0
7286,high_active,0,1,1,710,500+,928,"[100,1k)",640,250+,839,730+,0,1,10,166,1.0,0,1,18,189,1,3,0,0.0,0.0,0.0,0.0,0.0,0.0
7289,high_active,0,-124,0,0,0,0,0,0,0,649,366-730,0,4,2,1143,2.0,0,1,34,341,6,0,0,1.0,0.0,0.0,0.0,0.0,0.0
7294,middle_active,0,1,1,861,500+,1063,"[1k,5k)",853,250+,665,366-730,1,1,2,1156,4.0,0,1,43,226,1,3,2,0.0,0.0,0.0,0.0,0.0,0.0
7303,2_14_day_new,0,-124,1,654,500+,1042,"[1k,5k)",625,250+,1458,730+,0,1,2,1159,3.0,0,1,43,221,4,4,2,1.0,0.0,0.0,0.0,0.0,0.0
7304,full_active,0,-124,1,48,"(10,50]",50,"[10,100)",26,"[5,30)",476,366-730,0,4,10,258,1.0,0,1,8,209,6,0,0,1.0,0.0,0.0,0.0,0.0,0.0
7308,full_active,0,-124,1,1320,500+,76,"[10,100)",48,"[30,60)",1629,730+,0,6,10,269,2.0,0,0,14,135,6,0,0,0.0,0.0,0.0,0.0,0.0,0.0
7314,middle_active,0,-124,0,35,"(10,50]",0,0,0,0,1605,730+,1,4,19,586,3.0,0,1,0,360,6,0,0,1.0,0.0,1.0,0.0,0.0,0.0
7315,full_active,0,-124,1,135,"(100,150]",24,"[10,100)",22,"[5,30)",448,366-730,1,1,48,693,1.0,0,1,12,29,6,4,0,1.0,0.0,0.0,0.0,0.0,0.0
7316,full_active,0,-124,0,38,"(10,50]",10,"[10,100)",1,"[1,5)",1051,730+,0,6,10,90,1.0,0,0,24,45,3,2,0,0.0,0.0,0.0,0.0,0.0,0.0
7328,middle_active,0,-124,1,783,500+,994,"[100,1k)",778,250+,197,181-365,0,1,2,1179,2.0,0,1,9,268,1,3,2,1.0,0.0,0.0,0.0,0.0,0.0
7338,high_active,0,-124,1,112,"(100,150]",14,"[10,100)",9,"[5,30)",919,730+,1,5,10,276,1.0,0,0,19,81,6,0,0,1.0,0.0,0.0,0.0,0.0,0.0
7352,middle_active,0,-124,1,59,"(50,100]",60,"[10,100)",17,"[5,30)",1755,730+,1,5,28,1432,,0,0,1,82,2,0,0,1.0,0.0,0.0,0.0,0.0,0.0
7365,full_active,0,-124,0,462,"(250,500]",25,"[10,100)",13,"[5,30)",1680,730+,1,6,10,501,4.0,0,1,44,238,4,0,0,1.0,0.0,0.0,0.0,0.0,0.0
7367,full_active,0,-124,1,1988,500+,56,"[10,100)",7,"[5,30)",1176,730+,1,2,19,656,2.0,0,1,9,88,5,2,0,0.0,0.0,0.0,0.0,0.0,0.0
7368,high_active,0,-124,1,191,"(150,250]",49,"[10,100)",25,"[5,30)",83,61-90,0,4,19,632,0.0,0,0,7,40,1,3,0,0.0,0.0,1.0,0.0,0.0,0.0
7373,middle_active,0,-124,1,679,500+,5,"[1,10)",4,"[1,5)",825,730+,1,1,10,841,1.0,0,1,10,451,1,2,0,1.0,0.0,0.0,0.0,0.0,0.0
7384,full_active,0,1,1,351,"(250,500]",303,"[100,1k)",139,"[120,250)",1213,730+,0,4,29,882,1.0,0,0,22,412,5,3,0,1.0,0.0,0.0,0.0,0.0,0.0
7385,full_active,0,-124,1,366,"(250,500]",176,"[100,1k)",40,"[30,60)",1592,730+,1,5,31,377,2.0,0,0,33,195,1,3,0,1.0,0.0,1.0,0.0,0.0,0.0
7387,full_active,0,-124,1,200,"(150,250]",503,"[100,1k)",198,"[120,250)",141,91-180,1,1,29,1377,,0,0,15,151,3,2,0,1.0,0.0,0.0,0.0,0.0,0.0
7390,full_active,0,-124,1,346,"(250,500]",1029,"[1k,5k)",336,250+,853,730+,1,1,2,1159,3.0,0,0,7,40,1,2,2,1.0,0.0,0.0,0.0,0.0,0.0
7401,high_active,0,-124,1,50,"(10,50]",8,"[1,10)",0,0,755,730+,0,3,10,1037,0.0,0,1,8,287,2,2,0,1.0,0.0,0.0,0.0,0.0,0.0
7406,full_active,0,-124,1,32,"(10,50]",53,"[10,100)",32,"[30,60)",102,91-180,1,1,29,979,2.0,0,0,14,452,3,3,0,1.0,0.0,0.0,0.0,0.0,0.0
7412,full_active,0,1,1,29,"(10,50]",121,"[100,1k)",10,"[5,30)",1741,730+,0,2,29,977,2.0,0,1,44,400,5,2,0,1.0,0.0,0.0,0.0,0.0,0.0
7413,high_active,0,-124,1,157,"(150,250]",2,"[1,10)",1,"[1,5)",245,181-365,1,3,2,1152,3.0,0,1,8,269,3,3,2,0.0,0.0,0.0,0.0,0.0,0.0
7415,high_active,0,-124,1,47,"(10,50]",16,"[10,100)",1,"[1,5)",1604,730+,1,4,29,1355,0.0,0,0,13,392,6,3,0,0.0,0.0,0.0,0.0,0.0,0.0
7452,high_active,0,-124,1,272,"(250,500]",32,"[10,100)",8,"[5,30)",720,366-730,1,1,29,925,0.0,0,0,14,96,1,2,0,0.0,0.0,0.0,0.0,1.0,0.0
7455,full_active,0,-124,1,208,"(150,250]",27,"[10,100)",10,"[5,30)",158,91-180,1,1,10,77,1.0,0,0,42,112,1,0,0,1.0,0.0,0.0,0.0,0.0,0.0
7457,full_active,0,-124,0,34,"(10,50]",5,"[1,10)",3,"[1,5)",687,366-730,0,4,19,620,1.0,0,1,8,287,2,0,0,1.0,0.0,0.0,0.0,0.0,0.0
7466,high_active,0,-124,0,126,"(100,150]",2,"[1,10)",0,0,843,730+,1,1,10,61,1.0,0,0,1,82,2,2,0,0.0,0.0,0.0,0.0,0.0,0.0
7467,full_active,0,-124,1,350,"(250,500]",252,"[100,1k)",156,"[120,250)",836,730+,1,4,29,890,0.0,0,1,43,250,1,3,0,1.0,0.0,0.0,0.0,0.0,0.0
7470,middle_active,0,-124,1,1626,500+,350,"[100,1k)",347,250+,1154,730+,0,1,29,920,1.0,0,1,9,268,1,3,0,1.0,0.0,1.0,0.0,0.0,0.0
7472,full_active,0,-124,1,256,"(250,500]",13,"[10,100)",6,"[5,30)",1266,730+,1,6,19,659,1.0,0,1,8,294,6,3,0,1.0,0.0,0.0,0.0,0.0,0.0
7490,high_active,0,-124,1,0,0,46,"[10,100)",0,0,2437,730+,1,1,2,1160,4.0,0,0,22,412,5,3,2,1.0,0.0,0.0,0.0,0.0,0.0
7495,high_active,0,-124,1,85,"(50,100]",15,"[10,100)",11,"[5,30)",2127,730+,1,3,2,1180,2.0,0,1,8,39,5,4,2,1.0,0.0,1.0,0.0,0.0,0.0
7497,full_active,0,-124,1,495,"(250,500]",550,"[100,1k)",473,250+,555,366-730,1,1,29,926,1.0,0,0,14,65,3,2,0,1.0,0.0,0.0,1.0,1.0,0.0
7508,full_active,0,-124,1,44,"(10,50]",56,"[10,100)",44,"[30,60)",1020,730+,1,1,2,1165,6.0,0,0,13,204,3,2,2,1.0,0.0,0.0,0.0,0.0,0.0
7512,high_active,0,-124,1,202,"(150,250]",119,"[100,1k)",111,"[60,120)",812,730+,1,1,19,534,2.0,0,0,15,187,3,2,0,0.0,0.0,0.0,0.0,0.0,0.0
7525,full_active,0,-124,1,604,500+,21,"[10,100)",11,"[5,30)",1971,730+,0,4,10,456,1.0,0,0,13,67,6,3,0,1.0,1.0,1.0,0.0,0.0,0.0
7529,high_active,0,-124,1,69,"(50,100]",19,"[10,100)",7,"[5,30)",914,730+,1,6,31,753,0.0,0,0,13,67,6,4,0,1.0,0.0,1.0,0.0,0.0,0.0
7532,2_14_day_new,0,-124,1,526,500+,182,"[100,1k)",36,"[30,60)",1570,730+,0,3,2,1171,5.0,0,0,33,227,3,3,2,1.0,0.0,0.0,0.0,0.0,0.0
7539,high_active,0,-124,1,116,"(100,150]",11,"[10,100)",4,"[1,5)",814,730+,1,6,19,620,1.0,0,0,31,42,6,3,0,1.0,1.0,1.0,0.0,0.0,0.0
7545,full_active,0,-124,1,459,"(250,500]",129,"[100,1k)",66,"[60,120)",1182,730+,1,4,29,906,1.0,0,1,43,43,1,3,0,1.0,1.0,0.0,0.0,0.0,0.0
7550,low_active,0,-124,0,208,"(150,250]",6,"[1,10)",4,"[1,5)",803,730+,0,1,2,1176,2.0,0,0,33,195,1,4,2,1.0,0.0,1.0,0.0,0.0,0.0
7552,full_active,0,1,1,233,"(150,250]",474,"[100,1k)",84,"[60,120)",1998,730+,0,4,10,765,2.0,0,0,30,251,3,3,0,1.0,0.0,0.0,0.0,0.0,0.0
7553,full_active,0,-124,1,169,"(150,250]",2,"[1,10)",1,"[1,5)",133,91-180,0,5,19,558,2.0,0,0,31,305,5,0,0,1.0,0.0,1.0,0.0,0.0,0.0
7556,full_active,0,-124,1,604,500+,108,"[100,1k)",42,"[30,60)",724,366-730,0,1,28,1000,,0,1,2,399,4,3,0,1.0,0.0,0.0,1.0,1.0,0.0
7570,full_active,0,-124,1,1757,500+,1735,"[1k,5k)",1535,250+,1977,730+,1,6,10,844,1.0,0,0,26,38,1,3,0,1.0,0.0,0.0,0.0,0.0,0.0
7575,full_active,0,-124,0,573,500+,2,"[1,10)",1,"[1,5)",1535,730+,0,4,10,285,1.0,0,1,20,348,4,0,0,0.0,0.0,1.0,0.0,0.0,0.0
7578,full_active,0,1,1,268,"(250,500]",548,"[100,1k)",267,250+,1041,730+,1,4,2,1159,3.0,0,1,34,155,3,2,2,0.0,0.0,0.0,0.0,0.0,0.0
7579,full_active,0,-124,0,56,"(50,100]",2,"[1,10)",0,0,2648,730+,1,2,2,1160,4.0,0,1,0,149,6,2,2,0.0,0.0,0.0,0.0,0.0,0.0
7585,full_active,0,-124,1,920,500+,357,"[100,1k)",323,250+,1569,730+,0,4,29,990,1.0,0,0,19,378,3,3,0,1.0,0.0,0.0,0.0,0.0,0.0
7586,full_active,0,-124,0,32,"(10,50]",7,"[1,10)",2,"[1,5)",851,730+,0,4,10,1039,1.0,0,1,20,191,5,0,0,1.0,0.0,0.0,0.0,0.0,0.0
7607,full_active,0,1,1,2562,500+,3230,"[1k,5k)",878,250+,1946,730+,0,4,10,501,4.0,0,1,17,429,1,2,0,1.0,0.0,0.0,0.0,0.0,0.0
7615,full_active,0,1,1,2169,500+,721,"[100,1k)",417,250+,1394,730+,0,4,10,127,2.0,0,0,22,186,3,2,0,1.0,1.0,0.0,0.0,0.0,0.0
7616,high_active,0,-124,0,74,"(50,100]",7,"[1,10)",1,"[1,5)",996,730+,0,5,19,622,1.0,0,0,31,299,6,2,0,1.0,0.0,0.0,0.0,0.0,0.0
7618,full_active,0,-124,1,352,"(250,500]",385,"[100,1k)",342,250+,792,730+,0,1,2,1151,3.0,0,0,13,67,6,3,2,1.0,0.0,0.0,0.0,0.0,0.0
7619,full_active,0,1,1,75,"(50,100]",253,"[100,1k)",64,"[60,120)",2548,730+,0,4,19,590,1.0,0,0,14,116,5,2,0,1.0,0.0,0.0,0.0,0.0,0.0
7625,full_active,0,-124,1,137,"(100,150]",163,"[100,1k)",123,"[120,250)",875,730+,1,1,2,1166,8.0,0,1,32,33,2,2,1,1.0,0.0,0.0,0.0,0.0,0.0
7626,high_active,0,-124,0,71,"(50,100]",0,0,0,0,296,181-365,1,5,29,958,1.0,0,1,32,33,2,0,0,1.0,0.0,1.0,0.0,0.0,0.0
7630,middle_active,0,-124,1,32,"(10,50]",31,"[10,100)",18,"[5,30)",392,366-730,0,1,2,1179,2.0,0,1,34,328,3,3,2,1.0,0.0,0.0,0.0,0.0,0.0
7636,full_active,0,-124,0,1968,500+,1099,"[1k,5k)",990,250+,1562,730+,1,4,29,958,1.0,0,0,31,299,6,0,0,1.0,0.0,0.0,0.0,0.0,0.0
7641,full_active,0,-124,1,51,"(50,100]",99,"[10,100)",31,"[30,60)",2641,730+,1,2,2,1159,3.0,0,0,38,139,4,3,2,1.0,0.0,0.0,1.0,1.0,0.0
7643,full_active,0,-124,1,337,"(250,500]",22,"[10,100)",15,"[5,30)",1890,730+,1,4,19,573,1.0,0,0,13,183,6,3,0,0.0,0.0,0.0,0.0,0.0,0.0
7654,full_active,0,-124,1,1632,500+,117,"[100,1k)",73,"[60,120)",1420,730+,0,5,10,552,3.0,0,0,19,396,3,4,0,1.0,1.0,0.0,0.0,0.0,0.0
7656,full_active,0,-124,1,3,"(0,10]",22,"[10,100)",1,"[1,5)",1763,730+,1,1,19,641,1.0,0,1,20,191,5,0,0,1.0,0.0,0.0,0.0,0.0,0.0
7658,full_active,0,-124,1,336,"(250,500]",9,"[1,10)",7,"[5,30)",1351,730+,0,3,19,530,1.0,0,0,24,206,1,0,0,0.0,0.0,0.0,0.0,0.0,0.0
7660,full_active,0,-124,1,1057,500+,1325,"[1k,5k)",878,250+,642,366-730,0,1,2,1165,6.0,0,1,10,449,3,3,2,0.0,0.0,0.0,0.0,0.0,0.0
7661,full_active,0,-124,1,712,500+,32,"[10,100)",3,"[1,5)",960,730+,1,4,29,906,1.0,0,0,13,188,3,3,0,1.0,0.0,0.0,0.0,0.0,0.0
7664,full_active,0,1,1,2315,500+,2257,"[1k,5k)",1033,250+,1885,730+,0,5,19,639,2.0,0,0,19,111,6,3,0,1.0,0.0,0.0,0.0,0.0,0.0
7674,middle_active,0,-124,1,12,"(10,50]",5,"[1,10)",1,"[1,5)",121,91-180,0,2,19,620,1.0,0,0,42,72,1,3,0,1.0,0.0,0.0,0.0,0.0,0.0
7714,high_active,0,-124,1,9,"(0,10]",5,"[1,10)",3,"[1,5)",125,91-180,0,1,10,276,1.0,0,0,30,251,3,3,0,1.0,0.0,0.0,0.0,0.0,0.0
7715,full_active,0,1,1,21,"(10,50]",73,"[10,100)",2,"[1,5)",2158,730+,0,3,19,656,2.0,0,0,30,368,4,2,0,0.0,0.0,0.0,0.0,0.0,0.0
7723,full_active,0,-124,1,1949,500+,990,"[100,1k)",787,250+,2038,730+,1,5,19,648,2.0,0,1,43,211,1,0,0,1.0,1.0,0.0,0.0,0.0,0.0
7725,high_active,0,-124,1,829,500+,114,"[100,1k)",13,"[5,30)",732,730+,0,0,2,1145,3.0,0,1,9,324,3,4,1,1.0,0.0,0.0,0.0,0.0,0.0
7726,full_active,0,-124,1,32,"(10,50]",15,"[10,100)",4,"[1,5)",1097,730+,1,1,48,698,1.0,0,0,7,401,1,2,0,1.0,0.0,0.0,0.0,0.0,0.0
7730,high_active,0,-124,1,511,500+,594,"[100,1k)",476,250+,1122,730+,0,1,2,1175,1.0,0,1,34,430,1,3,2,1.0,0.0,0.0,0.0,0.0,0.0
7736,2_14_day_new,0,-124,0,51,"(50,100]",8,"[1,10)",2,"[1,5)",124,91-180,1,4,10,320,6.0,0,0,19,111,6,0,0,1.0,0.0,0.0,0.0,0.0,0.0
7738,high_active,0,-124,1,60,"(50,100]",8,"[1,10)",6,"[5,30)",850,730+,0,3,19,634,2.0,0,0,26,108,1,2,0,1.0,0.0,0.0,0.0,0.0,0.0
7746,middle_active,0,-124,1,297,"(250,500]",32,"[10,100)",22,"[5,30)",308,181-365,0,1,10,339,1.0,0,1,44,400,5,4,0,0.0,0.0,0.0,0.0,0.0,0.0
7761,high_active,0,-124,1,119,"(100,150]",189,"[100,1k)",61,"[60,120)",1548,730+,0,1,10,663,1.0,0,0,14,308,3,3,0,1.0,0.0,1.0,0.0,0.0,0.0
7781,full_active,0,-124,1,1296,500+,1170,"[1k,5k)",713,250+,1636,730+,0,4,30,948,2.0,0,0,22,239,1,0,0,1.0,0.0,1.0,0.0,0.0,0.0
7787,full_active,0,-124,1,72,"(50,100]",20,"[10,100)",2,"[1,5)",1274,730+,1,2,10,854,1.0,0,1,10,373,5,2,0,0.0,0.0,0.0,0.0,0.0,0.0
7792,full_active,0,-124,1,80,"(50,100]",105,"[100,1k)",66,"[60,120)",670,366-730,1,1,19,579,1.0,0,1,5,332,5,4,0,1.0,0.0,0.0,0.0,0.0,0.0
7817,full_active,0,1,1,254,"(250,500]",10,"[10,100)",8,"[5,30)",330,181-365,0,2,19,645,3.0,0,0,22,412,5,3,0,1.0,0.0,0.0,0.0,0.0,0.0
7818,2_14_day_new,0,-124,1,95,"(50,100]",8,"[1,10)",6,"[5,30)",1004,730+,1,0,19,543,2.0,0,1,10,405,3,3,0,1.0,0.0,0.0,0.0,0.0,0.0
7822,full_active,0,-124,1,421,"(250,500]",53,"[10,100)",43,"[30,60)",1757,730+,1,4,10,320,6.0,0,0,14,339,3,2,0,1.0,0.0,0.0,0.0,0.0,0.0
7828,full_active,0,-124,0,4,"(0,10]",0,0,0,0,29,15-30,1,1,28,999,,0,0,30,251,3,0,0,0.0,0.0,0.0,0.0,0.0,0.0
7831,full_active,0,-124,1,317,"(250,500]",64,"[10,100)",53,"[30,60)",957,730+,1,6,10,764,2.0,0,0,14,116,5,0,0,0.0,0.0,0.0,0.0,0.0,0.0
7842,full_active,0,1,1,135,"(100,150]",99,"[10,100)",63,"[60,120)",1369,730+,0,3,10,322,5.0,0,0,13,117,6,2,0,1.0,0.0,0.0,0.0,0.0,0.0
7845,full_active,0,-124,1,2,"(0,10]",42,"[10,100)",1,"[1,5)",2480,730+,1,2,2,1171,5.0,0,1,21,103,3,2,2,1.0,0.0,0.0,0.0,0.0,0.0
7850,full_active,0,-124,1,1170,500+,10,"[10,100)",3,"[1,5)",1601,730+,1,3,29,929,2.0,0,0,24,359,1,3,0,1.0,0.0,0.0,0.0,0.0,0.0
7851,full_active,0,1,1,876,500+,469,"[100,1k)",188,"[120,250)",1486,730+,0,6,29,972,1.0,0,0,13,330,5,2,0,1.0,0.0,0.0,0.0,0.0,0.0
7859,middle_active,0,-124,1,189,"(150,250]",200,"[100,1k)",125,"[120,250)",254,181-365,0,1,31,419,1.0,0,0,15,297,1,0,0,1.0,0.0,0.0,0.0,0.0,0.0
7872,full_active,0,1,1,635,500+,792,"[100,1k)",131,"[120,250)",1888,730+,0,4,2,1152,4.0,0,0,19,111,6,0,2,1.0,0.0,0.0,0.0,0.0,0.0
7876,full_active,0,-124,1,105,"(100,150]",11,"[10,100)",2,"[1,5)",930,730+,0,5,29,880,1.0,0,0,13,183,6,3,0,1.0,0.0,0.0,0.0,0.0,0.0
7877,full_active,0,-124,1,161,"(150,250]",286,"[100,1k)",149,"[120,250)",224,181-365,0,1,19,561,0.0,0,1,9,402,1,3,0,1.0,0.0,0.0,0.0,0.0,0.0
7878,full_active,0,-124,0,164,"(150,250]",22,"[10,100)",14,"[5,30)",1535,730+,1,6,2,1177,2.0,0,0,31,354,3,3,2,1.0,0.0,1.0,0.0,0.0,0.0
7895,high_active,0,-124,0,78,"(50,100]",1,"[1,10)",0,0,278,181-365,1,0,19,578,1.0,0,0,1,82,2,2,0,0.0,0.0,1.0,0.0,0.0,0.0
7897,full_active,0,-124,1,455,"(250,500]",780,"[100,1k)",443,250+,1701,730+,0,1,2,1153,5.0,0,0,13,183,6,2,2,1.0,0.0,0.0,0.0,0.0,0.0
7899,full_active,0,-124,1,10,"(0,10]",37,"[10,100)",4,"[1,5)",337,181-365,0,3,36,681,1.0,0,0,7,182,1,2,0,1.0,0.0,0.0,0.0,0.0,0.0
7900,high_active,0,-124,1,203,"(150,250]",40,"[10,100)",12,"[5,30)",1950,730+,1,3,19,611,1.0,0,1,20,92,5,2,0,1.0,0.0,0.0,0.0,0.0,0.0
7903,low_active,0,-124,0,209,"(150,250]",2,"[1,10)",1,"[1,5)",526,366-730,0,0,2,1141,4.0,0,0,1,82,2,0,1,0.0,0.0,0.0,0.0,0.0,0.0
7907,full_active,0,-124,1,97,"(50,100]",271,"[100,1k)",97,"[60,120)",1303,730+,1,2,2,1161,8.0,0,0,31,305,5,2,2,1.0,0.0,0.0,0.0,0.0,0.0
7908,full_active,0,-124,1,810,500+,46,"[10,100)",21,"[5,30)",1191,730+,1,4,19,580,1.0,0,0,22,412,5,2,0,,,,,,
7923,full_active,0,-124,0,25,"(10,50]",1,"[1,10)",1,"[1,5)",676,366-730,1,4,10,262,0.0,0,0,31,42,6,3,0,1.0,0.0,0.0,0.0,0.0,0.0
7924,full_active,0,-124,1,128,"(100,150]",446,"[100,1k)",40,"[30,60)",1850,730+,1,4,19,582,2.0,0,0,24,416,1,2,0,0.0,0.0,0.0,0.0,0.0,0.0
7926,high_active,0,-124,0,26,"(10,50]",5,"[1,10)",0,0,2170,730+,1,4,2,1175,1.0,0,1,0,295,6,2,2,1.0,0.0,0.0,0.0,0.0,0.0
7927,full_active,0,-124,1,72,"(50,100]",12,"[10,100)",5,"[5,30)",1057,730+,1,1,29,949,1.0,0,1,20,286,6,2,0,1.0,0.0,0.0,0.0,1.0,0.0
7929,full_active,0,1,1,598,500+,2795,"[1k,5k)",423,250+,1691,730+,1,5,29,958,1.0,0,0,42,63,1,3,0,1.0,0.0,0.0,0.0,0.0,0.0
7932,full_active,0,-124,1,62,"(50,100]",17,"[10,100)",11,"[5,30)",828,730+,0,4,31,369,1.0,0,0,22,239,1,4,0,0.0,0.0,0.0,0.0,0.0,0.0
7937,full_active,0,1,1,113,"(100,150]",157,"[100,1k)",9,"[5,30)",2323,730+,1,3,29,933,2.0,0,1,9,310,3,3,0,1.0,0.0,0.0,0.0,0.0,0.0
7938,middle_active,0,-124,1,53,"(50,100]",78,"[10,100)",47,"[30,60)",435,366-730,0,4,29,1297,1.0,0,1,0,160,3,3,0,1.0,0.0,0.0,0.0,0.0,0.0
7942,full_active,0,1,1,197,"(150,250]",80,"[10,100)",14,"[5,30)",1640,730+,0,2,19,612,2.0,0,1,10,254,3,3,0,1.0,0.0,0.0,0.0,0.0,0.0
7943,high_active,0,-124,1,362,"(250,500]",47,"[10,100)",36,"[30,60)",797,730+,0,4,29,977,2.0,0,1,44,121,5,0,0,1.0,0.0,0.0,0.0,0.0,0.0
7944,full_active,0,1,1,695,500+,905,"[100,1k)",334,250+,1714,730+,0,5,29,964,1.0,0,0,28,278,1,3,0,1.0,0.0,0.0,0.0,0.0,0.0
7945,full_active,0,-124,1,390,"(250,500]",522,"[100,1k)",365,250+,2295,730+,1,2,2,1160,4.0,0,0,31,354,3,3,2,1.0,0.0,0.0,0.0,0.0,0.0
7953,middle_active,0,-124,1,1127,500+,241,"[100,1k)",231,"[120,250)",626,366-730,1,2,2,1162,8.0,0,0,31,432,4,2,2,1.0,0.0,0.0,0.0,0.0,0.0
7954,full_active,0,-124,0,121,"(100,150]",18,"[10,100)",17,"[5,30)",398,366-730,1,6,19,620,1.0,0,0,30,114,6,2,0,0.0,0.0,0.0,0.0,0.0,0.0
7959,full_active,0,-124,0,462,"(250,500]",1,"[1,10)",0,0,1434,730+,1,4,29,1403,3.0,0,1,20,411,6,2,0,1.0,0.0,0.0,0.0,0.0,0.0
7965,high_active,0,-124,0,264,"(250,500]",1,"[1,10)",0,0,142,91-180,1,1,29,950,1.0,0,1,21,53,6,0,0,1.0,0.0,0.0,0.0,0.0,0.0
7970,full_active,0,1,1,722,500+,1172,"[1k,5k)",146,"[120,250)",1722,730+,1,3,19,569,1.0,0,0,13,117,6,3,0,1.0,0.0,0.0,0.0,0.0,0.0
7976,full_active,0,-124,1,416,"(250,500]",44,"[10,100)",23,"[5,30)",1998,730+,1,4,19,613,2.0,0,1,20,191,5,3,0,0.0,0.0,0.0,0.0,0.0,0.0
7979,full_active,0,1,1,1710,500+,515,"[100,1k)",287,250+,1852,730+,1,2,2,1152,3.0,0,1,21,215,1,2,2,1.0,0.0,0.0,0.0,0.0,0.0
7993,high_active,0,-124,1,1147,500+,208,"[100,1k)",90,"[60,120)",1675,730+,1,1,2,1180,2.0,0,1,18,393,3,3,2,0.0,0.0,0.0,0.0,0.0,0.0
7994,full_active,0,-124,0,0,0,0,0,0,0,776,730+,1,4,33,975,2.0,0,0,13,67,6,3,0,0.0,0.0,0.0,0.0,0.0,0.0
7995,high_active,0,1,1,1121,500+,312,"[100,1k)",109,"[60,120)",1842,730+,1,2,19,622,1.0,0,1,5,352,6,2,0,1.0,0.0,0.0,0.0,0.0,0.0
8000,high_active,0,-124,1,480,"(250,500]",9,"[1,10)",3,"[1,5)",332,181-365,0,2,10,114,0.0,0,0,15,93,6,0,0,1.0,0.0,0.0,0.0,0.0,0.0
8016,high_active,0,-124,0,173,"(150,250]",3,"[1,10)",0,0,576,366-730,0,6,19,634,2.0,0,1,8,294,6,0,0,1.0,0.0,0.0,0.0,0.0,0.0
8017,full_active,0,1,1,1027,500+,771,"[100,1k)",690,250+,1193,730+,1,4,29,906,1.0,0,0,24,359,1,3,0,0.0,0.0,0.0,0.0,0.0,0.0
8020,middle_active,0,-124,1,15,"(10,50]",4,"[1,10)",4,"[1,5)",78,61-90,0,1,19,641,1.0,0,1,10,405,3,3,0,1.0,0.0,0.0,0.0,0.0,0.0
8026,full_active,0,-124,1,244,"(150,250]",22,"[10,100)",0,0,1721,730+,0,4,2,1195,3.0,0,1,34,345,1,4,2,1.0,0.0,0.0,0.0,0.0,0.0
8028,full_active,0,-124,1,191,"(150,250]",200,"[100,1k)",130,"[120,250)",883,730+,1,1,2,1171,5.0,0,1,17,365,6,2,2,0.0,0.0,1.0,0.0,0.0,0.0
8041,full_active,0,-124,0,89,"(50,100]",3,"[1,10)",2,"[1,5)",1183,730+,1,4,19,626,0.0,0,1,43,136,3,3,0,1.0,0.0,0.0,0.0,0.0,0.0
8046,full_active,0,-124,1,269,"(250,500]",360,"[100,1k)",227,"[120,250)",216,181-365,0,1,10,1004,1.0,0,0,33,41,3,3,0,1.0,0.0,1.0,0.0,0.0,0.0
8053,full_active,0,1,1,80,"(50,100]",5,"[1,10)",0,0,825,730+,1,4,2,1136,2.0,0,0,31,296,3,2,1,1.0,0.0,0.0,0.0,0.0,0.0
8054,full_active,0,1,1,1305,500+,1464,"[1k,5k)",531,250+,1829,730+,0,5,29,1401,4.0,0,0,26,38,1,0,0,1.0,0.0,0.0,0.0,0.0,0.0
8063,full_active,0,-124,0,116,"(100,150]",24,"[10,100)",19,"[5,30)",1035,730+,0,4,19,517,0.0,0,0,22,239,1,4,0,1.0,0.0,0.0,0.0,0.0,0.0
8068,high_active,0,-124,1,122,"(100,150]",3,"[1,10)",0,0,388,366-730,0,4,2,1161,8.0,5,2,29,184,0,0,2,,,,,,
8069,high_active,0,-124,1,3715,500+,3087,"[1k,5k)",2439,250+,447,366-730,1,1,29,902,3.0,0,1,43,336,3,3,0,0.0,0.0,0.0,0.0,0.0,0.0
8070,middle_active,0,1,1,292,"(250,500]",178,"[100,1k)",59,"[30,60)",1042,730+,1,1,10,90,1.0,0,1,43,226,1,3,0,0.0,0.0,0.0,0.0,0.0,0.0
8071,high_active,0,-124,1,600,500+,70,"[10,100)",68,"[60,120)",260,181-365,1,1,19,561,0.0,0,1,20,191,5,3,0,0.0,0.0,0.0,0.0,0.0,0.0
8083,full_active,0,-124,0,160,"(150,250]",12,"[10,100)",9,"[5,30)",824,730+,1,4,31,740,1.0,0,0,31,37,3,0,0,1.0,0.0,0.0,0.0,0.0,0.0
8089,high_active,0,-124,1,84,"(50,100]",41,"[10,100)",33,"[30,60)",897,730+,0,2,19,594,1.0,0,0,31,305,5,3,0,1.0,0.0,0.0,0.0,0.0,0.0
8104,high_active,0,-124,0,69,"(50,100]",1,"[1,10)",0,0,1540,730+,1,3,19,578,1.0,0,0,13,267,6,3,0,1.0,0.0,0.0,0.0,0.0,0.0
8107,2_14_day_new,0,-124,1,473,"(250,500]",617,"[100,1k)",260,250+,995,730+,0,1,28,711,,0,0,13,67,6,2,0,1.0,0.0,0.0,0.0,0.0,0.0
8109,high_active,0,-124,1,940,500+,46,"[10,100)",24,"[5,30)",1279,730+,1,4,29,899,1.0,0,0,30,185,1,0,0,1.0,0.0,0.0,0.0,0.0,0.0
8118,2_14_day_new,0,-124,1,96,"(50,100]",191,"[100,1k)",78,"[60,120)",778,730+,0,1,10,177,2.0,0,0,30,114,6,3,0,1.0,0.0,0.0,0.0,0.0,0.0
8123,full_active,0,1,1,2387,500+,2911,"[1k,5k)",1102,250+,1936,730+,1,4,31,754,1.0,0,0,13,67,6,3,0,1.0,0.0,0.0,0.0,0.0,0.0
8125,middle_active,0,-124,1,315,"(250,500]",326,"[100,1k)",226,"[120,250)",1397,730+,1,1,10,442,0.0,0,0,19,78,1,3,0,1.0,0.0,0.0,0.0,0.0,0.0
8143,middle_active,0,-124,1,7,"(0,10]",4,"[1,10)",3,"[1,5)",1010,730+,0,3,2,1168,7.0,0,1,43,47,3,3,2,1.0,0.0,0.0,0.0,0.0,0.0
8148,full_active,0,-124,1,117,"(100,150]",52,"[10,100)",50,"[30,60)",1703,730+,1,1,29,890,0.0,0,0,22,412,5,0,0,1.0,1.0,1.0,0.0,0.0,0.0
8149,high_active,0,-124,1,2349,500+,1152,"[1k,5k)",1051,250+,1135,730+,0,5,28,770,,0,0,13,67,6,3,0,0.0,0.0,0.0,0.0,0.0,0.0
8150,full_active,0,-124,1,1,"(0,10]",1,"[1,10)",0,0,526,366-730,1,2,2,1159,3.0,0,0,1,82,2,3,2,1.0,0.0,0.0,0.0,1.0,0.0
8151,full_active,0,1,1,1433,500+,72,"[10,100)",13,"[5,30)",1735,730+,0,4,19,634,2.0,0,0,13,330,5,2,0,1.0,0.0,0.0,0.0,1.0,1.0
8152,full_active,0,-124,1,17,"(10,50]",10,"[10,100)",2,"[1,5)",1493,730+,1,3,29,977,2.0,0,1,10,254,3,3,0,1.0,0.0,1.0,0.0,0.0,0.0
8154,2_14_day_new,0,-124,1,41,"(10,50]",46,"[10,100)",18,"[5,30)",1360,730+,0,2,28,997,,0,1,10,254,3,2,0,1.0,0.0,0.0,0.0,0.0,0.0
8163,middle_active,0,-124,1,269,"(250,500]",5,"[1,10)",3,"[1,5)",780,730+,1,3,2,1180,2.0,0,0,15,306,3,2,2,1.0,0.0,0.0,0.0,0.0,0.0
8164,full_active,0,1,1,449,"(250,500]",975,"[100,1k)",179,"[120,250)",2355,730+,0,4,29,987,5.0,0,0,7,401,1,4,0,0.0,0.0,0.0,0.0,0.0,0.0
8165,full_active,0,-124,0,701,500+,0,0,0,0,1078,730+,0,1,2,1165,6.0,0,1,16,435,2,0,2,1.0,0.0,0.0,0.0,0.0,0.0
8168,high_active,0,-124,0,58,"(50,100]",3,"[1,10)",1,"[1,5)",868,730+,0,3,10,268,2.0,0,1,5,332,5,2,0,1.0,0.0,0.0,0.0,0.0,0.0
8171,2_14_day_new,0,-124,1,78,"(50,100]",4,"[1,10)",4,"[1,5)",46,31-60,1,1,29,964,1.0,0,1,21,91,5,3,0,1.0,0.0,1.0,0.0,0.0,0.0
8182,high_active,0,-124,1,132,"(100,150]",73,"[10,100)",12,"[5,30)",1409,730+,0,4,29,880,1.0,0,0,26,38,1,2,0,1.0,0.0,0.0,0.0,0.0,0.0
8184,high_active,0,-124,0,109,"(100,150]",14,"[10,100)",2,"[1,5)",1302,730+,1,5,19,579,1.0,0,1,34,155,3,4,0,0.0,0.0,1.0,0.0,0.0,0.0
8185,full_active,0,-124,1,181,"(150,250]",173,"[100,1k)",66,"[60,120)",1261,730+,1,4,19,618,3.0,0,0,26,108,1,2,0,0.0,0.0,0.0,0.0,0.0,0.0
8188,middle_active,0,-124,1,386,"(250,500]",982,"[100,1k)",383,250+,1659,730+,0,1,19,516,0.0,0,0,19,396,3,4,0,1.0,0.0,0.0,0.0,0.0,0.0
8189,middle_active,0,-124,1,106,"(100,150]",116,"[100,1k)",67,"[60,120)",184,181-365,0,5,29,964,1.0,0,1,8,294,6,0,0,0.0,0.0,0.0,0.0,0.0,0.0
8196,full_active,0,1,1,1273,500+,705,"[100,1k)",601,250+,2456,730+,1,4,10,844,1.0,0,0,15,214,6,3,0,1.0,0.0,0.0,0.0,1.0,1.0
8204,full_active,0,-124,1,275,"(250,500]",320,"[100,1k)",182,"[120,250)",1355,730+,0,4,29,983,4.0,0,0,7,138,1,3,0,1.0,0.0,0.0,0.0,0.0,0.0
8211,full_active,0,-124,0,1,"(0,10]",0,0,0,0,358,181-365,0,3,2,1166,8.0,0,1,20,348,4,0,2,1.0,0.0,0.0,0.0,0.0,0.0
8214,high_active,0,-124,1,282,"(250,500]",6,"[1,10)",0,0,571,366-730,0,4,10,442,0.0,0,1,8,294,6,0,0,1.0,0.0,0.0,0.0,0.0,0.0
8217,high_active,0,-124,1,23,"(10,50]",3,"[1,10)",0,0,106,91-180,1,4,19,582,2.0,0,1,17,198,3,0,0,1.0,0.0,1.0,0.0,0.0,0.0
8220,full_active,0,1,1,151,"(150,250]",212,"[100,1k)",1,"[1,5)",1753,730+,1,3,2,1171,5.0,0,1,8,181,2,2,2,1.0,0.0,0.0,0.0,0.0,0.0
8230,full_active,0,1,1,177,"(150,250]",32,"[10,100)",1,"[1,5)",1762,730+,0,2,29,885,1.0,0,1,9,167,1,0,0,1.0,0.0,0.0,0.0,0.0,0.0
8232,full_active,0,1,1,42,"(10,50]",21,"[10,100)",1,"[1,5)",919,730+,0,3,29,1388,1.0,0,0,15,118,6,3,0,1.0,0.0,0.0,0.0,0.0,0.0
8237,full_active,0,-124,1,1713,500+,71,"[10,100)",28,"[5,30)",1565,730+,0,4,19,611,1.0,0,0,30,368,4,2,0,0.0,0.0,0.0,0.0,0.0,0.0
8248,full_active,0,1,1,383,"(250,500]",324,"[100,1k)",108,"[60,120)",1425,730+,1,4,10,841,1.0,0,0,1,82,2,3,0,1.0,1.0,0.0,0.0,0.0,0.0
8252,high_active,0,-124,1,1032,500+,1241,"[1k,5k)",976,250+,2290,730+,0,1,28,993,,0,0,31,276,6,3,0,1.0,0.0,0.0,0.0,0.0,0.0
8254,middle_active,0,-124,1,50,"(10,50]",61,"[10,100)",43,"[30,60)",668,366-730,0,1,29,931,1.0,0,0,26,408,6,2,0,1.0,0.0,0.0,0.0,0.0,0.0
8262,full_active,0,-124,1,70,"(50,100]",0,0,0,0,214,181-365,1,0,29,1360,1.0,0,1,18,256,3,3,0,1.0,0.0,0.0,0.0,0.0,0.0
8263,full_active,0,-124,1,97,"(50,100]",76,"[10,100)",41,"[30,60)",1335,730+,0,2,19,618,3.0,0,1,0,102,5,0,0,1.0,0.0,0.0,0.0,0.0,0.0
8273,high_active,0,-124,0,18,"(10,50]",5,"[1,10)",2,"[1,5)",835,730+,0,2,19,615,2.0,0,1,0,102,5,2,0,1.0,0.0,0.0,0.0,0.0,0.0
8274,full_active,0,1,1,1942,500+,212,"[100,1k)",161,"[120,250)",1691,730+,0,3,10,111,,0,1,43,312,1,3,0,1.0,0.0,0.0,0.0,0.0,0.0
8277,full_active,0,-124,1,255,"(250,500]",7,"[1,10)",5,"[5,30)",2303,730+,0,2,10,178,3.0,0,0,14,308,3,3,0,1.0,0.0,0.0,0.0,0.0,0.0
8280,UNKNOWN,0,1,1,2,"(0,10]",554,"[100,1k)",1,"[1,5)",63,61-90,1,5,28,0,,0,0,19,81,6,4,4,1.0,0.0,1.0,0.0,0.0,0.0
8287,full_active,0,-124,1,345,"(250,500]",3,"[1,10)",0,0,1090,730+,1,4,10,765,2.0,0,0,1,82,2,3,0,1.0,0.0,0.0,0.0,1.0,0.0
8289,middle_active,0,-124,1,3808,500+,60,"[10,100)",38,"[30,60)",365,181-365,0,0,19,578,1.0,0,1,21,34,6,3,0,0.0,0.0,0.0,0.0,0.0,0.0
8293,high_active,0,-124,1,224,"(150,250]",62,"[10,100)",12,"[5,30)",1130,730+,0,3,9,296,0.0,0,0,13,392,6,3,0,1.0,0.0,0.0,0.0,0.0,0.0
8299,full_active,0,-124,1,30,"(10,50]",119,"[100,1k)",22,"[5,30)",1203,730+,1,2,2,1171,5.0,0,1,5,270,5,3,0,1.0,1.0,1.0,0.0,0.0,0.0
8309,high_active,0,-124,0,5,"(0,10]",0,0,0,0,94,91-180,1,4,29,941,2.0,0,0,13,67,6,3,0,1.0,0.0,0.0,0.0,0.0,0.0
8310,full_active,0,-124,1,180,"(150,250]",637,"[100,1k)",177,"[120,250)",736,730+,0,1,2,1171,5.0,0,1,18,144,3,3,2,1.0,0.0,0.0,0.0,0.0,0.0
8315,full_active,0,-124,1,103,"(100,150]",59,"[10,100)",12,"[5,30)",1756,730+,0,3,19,618,3.0,0,0,31,42,6,2,0,1.0,0.0,0.0,0.0,0.0,0.0
8326,full_active,0,1,1,85,"(50,100]",179,"[100,1k)",81,"[60,120)",1689,730+,1,2,2,1171,5.0,0,1,21,91,5,2,2,1.0,0.0,0.0,0.0,0.0,0.0
8361,full_active,0,-124,1,175,"(150,250]",9,"[1,10)",9,"[5,30)",798,730+,0,2,29,949,1.0,0,0,19,396,3,3,0,1.0,0.0,0.0,0.0,0.0,0.0
8363,full_active,0,-124,1,23,"(10,50]",54,"[10,100)",17,"[5,30)",248,181-365,1,0,29,1302,1.0,0,1,10,451,1,3,0,1.0,0.0,0.0,0.0,0.0,0.0
8378,full_active,0,-124,1,12,"(10,50]",6,"[1,10)",0,0,167,91-180,0,2,2,1160,4.0,0,1,20,348,4,4,2,1.0,0.0,0.0,0.0,0.0,0.0
8384,middle_active,0,-124,1,193,"(150,250]",451,"[100,1k)",192,"[120,250)",1085,730+,0,1,2,1174,3.0,0,1,9,249,3,3,0,1.0,0.0,0.0,0.0,0.0,0.0
8385,full_active,0,-124,1,50,"(10,50]",253,"[100,1k)",50,"[30,60)",1700,730+,0,1,19,594,1.0,0,1,9,310,3,0,0,1.0,0.0,0.0,0.0,0.0,0.0
8393,full_active,0,-124,1,73,"(50,100]",57,"[10,100)",9,"[5,30)",527,366-730,1,2,10,240,0.0,0,1,9,88,5,3,0,0.0,0.0,0.0,0.0,0.0,0.0
8406,full_active,0,1,1,224,"(150,250]",294,"[100,1k)",176,"[120,250)",1932,730+,1,4,19,620,1.0,0,0,28,367,3,2,0,0.0,0.0,0.0,0.0,0.0,0.0
8418,full_active,0,-124,0,133,"(100,150]",3,"[1,10)",0,0,835,730+,1,4,10,174,3.0,0,0,38,139,4,0,0,1.0,0.0,0.0,0.0,0.0,0.0
8425,middle_active,0,-124,1,212,"(150,250]",210,"[100,1k)",196,"[120,250)",805,730+,0,1,2,1175,2.0,0,1,34,273,3,0,2,1.0,0.0,0.0,0.0,0.0,0.0
8426,middle_active,0,-124,1,36,"(10,50]",5,"[1,10)",0,0,115,91-180,1,5,19,579,1.0,0,0,30,258,1,4,0,1.0,0.0,0.0,0.0,0.0,0.0
8433,full_active,0,-124,1,215,"(150,250]",613,"[100,1k)",81,"[60,120)",1293,730+,1,5,19,637,1.0,0,0,31,299,6,4,0,1.0,0.0,0.0,0.0,0.0,0.0
8436,full_active,0,-124,1,175,"(150,250]",55,"[10,100)",37,"[30,60)",1546,730+,0,4,10,1038,2.0,0,0,19,111,6,0,0,1.0,0.0,0.0,0.0,0.0,0.0
8439,high_active,0,-124,0,6,"(0,10]",0,0,0,0,436,366-730,1,4,29,1290,3.0,0,1,43,68,3,0,0,1.0,0.0,1.0,0.0,0.0,0.0
8443,full_active,0,-124,1,74,"(50,100]",53,"[10,100)",49,"[30,60)",1969,730+,0,4,29,964,1.0,0,1,44,238,4,0,0,1.0,0.0,0.0,0.0,0.0,0.0
8457,full_active,0,-124,0,361,"(250,500]",16,"[10,100)",14,"[5,30)",144,91-180,1,4,10,118,4.0,0,1,12,281,5,2,0,0.0,0.0,0.0,0.0,0.0,0.0
8465,middle_active,0,-124,1,2808,500+,1034,"[1k,5k)",974,250+,67,61-90,0,1,19,583,1.0,0,0,13,330,5,2,0,1.0,0.0,0.0,0.0,0.0,0.0
8469,full_active,0,-124,1,16,"(10,50]",478,"[100,1k)",7,"[5,30)",1030,730+,0,6,29,1344,1.0,0,0,24,380,1,3,0,0.0,0.0,1.0,0.0,0.0,0.0
8473,full_active,0,-124,1,18,"(10,50]",0,0,0,0,1447,730+,0,3,2,1171,5.0,0,0,19,396,3,3,2,1.0,0.0,0.0,0.0,0.0,0.0
8474,full_active,0,-124,1,579,500+,323,"[100,1k)",237,"[120,250)",1465,730+,0,5,10,271,3.0,0,1,21,91,5,4,0,1.0,0.0,1.0,0.0,0.0,0.0
8476,high_active,0,-124,1,130,"(100,150]",15,"[10,100)",6,"[5,30)",288,181-365,1,0,10,841,1.0,0,0,31,343,3,3,0,1.0,0.0,0.0,0.0,0.0,0.0
8498,2_14_day_new,0,1,1,363,"(250,500]",514,"[100,1k)",341,250+,1131,730+,0,1,2,1153,4.0,0,1,21,215,1,2,2,1.0,0.0,0.0,0.0,0.0,0.0
8501,full_active,0,-124,0,0,0,0,0,0,0,787,730+,0,4,19,595,1.0,0,0,31,42,6,2,0,1.0,0.0,0.0,0.0,0.0,0.0
8505,full_active,0,-124,1,49,"(10,50]",3,"[1,10)",0,0,773,730+,1,4,9,294,2.0,0,1,5,298,6,0,0,1.0,0.0,0.0,0.0,0.0,0.0
8507,full_active,0,-124,1,90,"(50,100]",256,"[100,1k)",61,"[60,120)",945,730+,0,6,10,841,1.0,0,0,15,394,4,2,0,1.0,0.0,0.0,0.0,0.0,0.0
8511,full_active,0,-124,0,132,"(100,150]",2,"[1,10)",1,"[1,5)",979,730+,1,2,29,890,0.0,0,0,42,112,1,0,0,0.0,0.0,0.0,0.0,0.0,0.0
8517,full_active,0,-124,1,130,"(100,150]",65,"[10,100)",54,"[30,60)",1248,730+,1,1,29,1384,0.0,0,1,18,325,3,3,0,0.0,0.0,0.0,1.0,0.0,0.0
8519,full_active,0,-124,0,14,"(10,50]",1,"[1,10)",0,0,867,730+,1,4,10,400,0.0,20,2,99,20,0,0,0,0.0,0.0,0.0,0.0,0.0,0.0
8524,full_active,0,-124,1,0,0,27,"[10,100)",0,0,169,91-180,1,1,10,282,2.0,0,1,0,360,6,3,0,1.0,0.0,1.0,0.0,0.0,0.0
8533,high_active,0,-124,1,52,"(50,100]",35,"[10,100)",16,"[5,30)",548,366-730,1,6,10,277,1.0,0,0,7,252,1,0,0,1.0,0.0,0.0,0.0,0.0,0.0
8538,full_active,0,-124,1,75,"(50,100]",742,"[100,1k)",75,"[60,120)",2140,730+,0,1,2,1165,6.0,0,1,34,328,3,3,2,1.0,0.0,0.0,0.0,0.0,0.0
8543,high_active,0,-124,0,32,"(10,50]",0,0,0,0,414,366-730,1,1,29,920,1.0,0,1,9,20,0,0,0,1.0,0.0,0.0,0.0,0.0,0.0
8558,high_active,0,-124,1,43,"(10,50]",76,"[10,100)",29,"[5,30)",2283,730+,1,2,22,371,1.0,0,0,15,214,6,2,0,1.0,0.0,0.0,0.0,0.0,0.0
8559,full_active,0,-124,1,22,"(10,50]",6,"[1,10)",3,"[1,5)",952,730+,1,5,10,268,2.0,0,0,24,433,6,2,0,0.0,0.0,0.0,0.0,0.0,0.0
8560,full_active,0,-124,1,211,"(150,250]",191,"[100,1k)",106,"[60,120)",1401,730+,0,4,19,656,2.0,0,0,24,45,3,3,0,1.0,0.0,0.0,0.0,0.0,0.0
8568,high_active,0,-124,1,449,"(250,500]",14,"[10,100)",1,"[1,5)",2134,730+,1,4,31,382,3.0,0,1,21,215,1,2,0,1.0,0.0,0.0,0.0,0.0,0.0
8573,full_active,0,-124,1,1071,500+,629,"[100,1k)",566,250+,1715,730+,1,6,10,238,3.0,0,0,31,343,3,4,0,0.0,0.0,0.0,0.0,0.0,0.0
8576,high_active,0,-124,0,57,"(50,100]",15,"[10,100)",10,"[5,30)",1441,730+,0,4,10,74,0.0,0,0,15,304,1,3,0,1.0,0.0,1.0,0.0,0.0,0.0
8583,full_active,0,-124,1,437,"(250,500]",19,"[10,100)",5,"[5,30)",1066,730+,1,1,2,1180,2.0,0,1,34,345,1,3,2,1.0,0.0,1.0,0.0,0.0,0.0
8585,full_active,0,-124,1,70,"(50,100]",10,"[10,100)",9,"[5,30)",23,15-30,0,1,19,551,2.0,0,0,13,67,6,0,0,0.0,0.0,0.0,0.0,0.0,0.0
8591,full_active,0,1,1,4348,500+,4438,"[1k,5k)",3630,250+,1286,730+,0,2,19,582,2.0,0,0,14,116,5,2,0,1.0,1.0,0.0,0.0,0.0,0.0
8593,full_active,0,-124,1,554,500+,39,"[10,100)",20,"[5,30)",984,730+,1,6,10,238,3.0,0,0,31,354,3,3,0,1.0,0.0,0.0,0.0,0.0,0.0
8595,full_active,0,1,1,829,500+,64,"[10,100)",35,"[30,60)",2152,730+,0,3,2,1165,6.0,0,0,31,354,3,3,2,1.0,0.0,0.0,0.0,0.0,0.0
8606,middle_active,0,-124,1,13,"(10,50]",11,"[10,100)",3,"[1,5)",250,181-365,0,6,9,296,0.0,0,0,15,187,3,4,0,1.0,0.0,1.0,0.0,0.0,0.0
8614,high_active,0,-124,0,1,"(0,10]",0,0,0,0,100,91-180,1,5,19,590,1.0,0,0,31,276,6,0,0,1.0,0.0,0.0,0.0,0.0,0.0
8619,full_active,0,-124,0,12,"(10,50]",2,"[1,10)",0,0,51,31-60,0,1,29,1403,3.0,0,1,21,34,6,4,0,1.0,0.0,0.0,0.0,0.0,0.0
8628,full_active,0,-124,0,67,"(50,100]",3,"[1,10)",0,0,161,91-180,0,4,29,1402,2.0,0,1,20,383,6,4,0,1.0,0.0,0.0,0.0,0.0,1.0
8629,full_active,0,-124,1,302,"(250,500]",3,"[1,10)",0,0,989,730+,0,4,19,527,2.0,0,0,15,214,6,3,0,,,,,,
8652,full_active,0,-124,1,115,"(100,150]",550,"[100,1k)",55,"[30,60)",1403,730+,1,5,19,639,2.0,0,0,31,37,3,3,0,0.0,0.0,0.0,0.0,0.0,0.0
8657,full_active,0,-124,1,595,500+,36,"[10,100)",16,"[5,30)",1583,730+,1,4,10,475,6.0,0,0,13,67,6,2,0,1.0,0.0,0.0,0.0,0.0,0.0
8661,full_active,0,-124,1,59,"(50,100]",69,"[10,100)",56,"[30,60)",1037,730+,0,2,29,936,1.0,0,1,9,88,5,3,0,1.0,0.0,0.0,0.0,0.0,0.0
8674,full_active,0,1,1,587,500+,887,"[100,1k)",549,250+,1604,730+,1,6,2,1160,4.0,0,0,13,183,6,2,2,1.0,0.0,0.0,0.0,0.0,0.0
8675,2_14_day_new,0,-124,0,37,"(10,50]",0,0,0,0,1035,730+,1,4,2,1167,9.0,0,0,1,82,2,2,2,1.0,0.0,0.0,0.0,0.0,0.0
8686,high_active,0,1,1,30,"(10,50]",5,"[1,10)",3,"[1,5)",411,366-730,1,2,2,1160,4.0,0,0,15,394,4,2,2,0.0,0.0,0.0,0.0,0.0,0.0
8687,full_active,0,1,1,14,"(10,50]",78,"[10,100)",12,"[5,30)",1637,730+,0,2,2,1163,2.0,0,1,8,36,4,4,2,1.0,0.0,0.0,0.0,0.0,0.0
8689,high_active,0,-124,1,173,"(150,250]",20,"[10,100)",6,"[5,30)",734,730+,0,1,31,382,3.0,0,1,0,347,6,2,0,1.0,0.0,0.0,0.0,0.0,0.0
8691,full_active,0,-124,1,42,"(10,50]",79,"[10,100)",29,"[5,30)",1040,730+,0,2,19,632,0.0,0,1,2,399,4,2,0,0.0,0.0,0.0,0.0,0.0,0.0
8706,full_active,0,-124,1,21,"(10,50]",23,"[10,100)",13,"[5,30)",1770,730+,1,2,19,562,4.0,0,0,31,354,3,0,0,1.0,0.0,0.0,0.0,0.0,0.0
8716,middle_active,0,-124,0,53,"(50,100]",1,"[1,10)",0,0,1482,730+,1,4,10,170,1.0,0,1,44,338,5,3,0,0.0,1.0,0.0,0.0,0.0,0.0
8719,full_active,0,1,1,219,"(150,250]",14,"[10,100)",0,0,2619,730+,1,2,2,1160,4.0,0,1,8,262,6,3,2,1.0,0.0,0.0,0.0,0.0,0.0
8733,high_active,0,-124,1,157,"(150,250]",75,"[10,100)",31,"[30,60)",1428,730+,1,4,16,840,2.0,0,1,43,221,4,0,0,1.0,0.0,0.0,0.0,0.0,0.0
8734,full_active,0,1,1,26,"(10,50]",564,"[100,1k)",9,"[5,30)",1071,730+,1,4,29,966,2.0,0,1,8,287,2,2,0,1.0,0.0,0.0,0.0,0.0,0.0
8738,full_active,0,1,1,90,"(50,100]",95,"[10,100)",35,"[30,60)",1530,730+,0,6,10,846,1.0,0,0,31,276,6,3,0,1.0,0.0,0.0,0.0,0.0,0.0
8747,middle_active,0,-124,0,177,"(150,250]",0,0,0,0,38,31-60,0,1,19,659,1.0,0,0,31,276,6,0,0,1.0,0.0,1.0,0.0,0.0,0.0
8750,high_active,0,-124,1,127,"(100,150]",544,"[100,1k)",89,"[60,120)",975,730+,1,1,2,1153,4.0,0,1,17,198,3,2,2,1.0,0.0,0.0,0.0,0.0,0.0
8756,full_active,0,-124,1,350,"(250,500]",124,"[100,1k)",119,"[60,120)",1343,730+,1,4,19,623,1.0,0,1,43,43,1,3,0,1.0,0.0,1.0,0.0,0.0,0.0
8759,high_active,0,-124,1,76,"(50,100]",283,"[100,1k)",76,"[60,120)",1526,730+,0,1,19,567,0.0,0,1,20,218,5,3,0,0.0,0.0,0.0,0.0,0.0,0.0
8760,full_active,0,-124,1,71,"(50,100]",7,"[1,10)",1,"[1,5)",1189,730+,1,2,20,312,3.0,0,1,0,102,5,3,0,1.0,0.0,0.0,0.0,1.0,0.0
8767,full_active,0,-124,1,18,"(10,50]",67,"[10,100)",3,"[1,5)",948,730+,0,4,2,1165,6.0,0,1,18,196,3,2,2,1.0,0.0,0.0,0.0,0.0,0.0
8769,high_active,0,-124,0,143,"(100,150]",3,"[1,10)",2,"[1,5)",593,366-730,1,6,10,328,0.0,0,1,8,287,2,2,0,1.0,0.0,0.0,0.0,0.0,0.0
8777,full_active,0,-124,1,498,"(250,500]",138,"[100,1k)",106,"[60,120)",999,730+,1,1,31,376,2.0,0,0,7,77,5,2,0,1.0,0.0,0.0,0.0,0.0,0.0
8779,full_active,0,-124,1,40,"(10,50]",7,"[1,10)",2,"[1,5)",737,730+,0,1,28,27,,0,0,42,421,1,3,0,0.0,0.0,0.0,0.0,0.0,0.0
8782,full_active,0,-124,1,166,"(150,250]",20,"[10,100)",6,"[5,30)",777,730+,0,4,10,79,0.0,0,0,19,111,6,0,0,1.0,0.0,0.0,0.0,0.0,0.0
8787,high_active,0,-124,1,22,"(10,50]",27,"[10,100)",22,"[5,30)",1546,730+,0,1,2,1175,1.0,0,1,9,167,1,3,2,1.0,0.0,0.0,0.0,0.0,0.0
8789,middle_active,0,-124,1,137,"(100,150]",177,"[100,1k)",131,"[120,250)",687,366-730,0,1,29,1347,0.0,0,1,34,80,1,3,0,0.0,0.0,0.0,0.0,0.0,0.0
8792,full_active,0,-124,1,121,"(100,150]",31,"[10,100)",14,"[5,30)",1752,730+,1,4,10,1038,2.0,0,0,15,304,1,4,0,1.0,0.0,0.0,0.0,0.0,0.0
8794,full_active,0,1,1,91,"(50,100]",36,"[10,100)",26,"[5,30)",1496,730+,1,4,19,605,1.0,0,0,31,37,3,3,0,1.0,0.0,0.0,0.0,0.0,0.0
8796,middle_active,0,-124,1,37,"(10,50]",5,"[1,10)",5,"[5,30)",219,181-365,0,0,29,1320,1.0,0,0,15,178,3,3,0,0.0,1.0,0.0,0.0,0.0,0.0
8805,full_active,0,-124,0,1,"(0,10]",2,"[1,10)",0,0,769,730+,0,3,2,1218,2.0,0,0,1,82,2,0,2,1.0,0.0,0.0,0.0,0.0,0.0
8811,high_active,0,1,1,231,"(150,250]",357,"[100,1k)",149,"[120,250)",2224,730+,1,2,10,764,2.0,0,1,10,373,5,2,0,0.0,0.0,0.0,0.0,1.0,0.0
8814,full_active,0,-124,1,336,"(250,500]",42,"[10,100)",21,"[5,30)",1623,730+,1,3,19,656,2.0,0,0,33,107,1,3,0,1.0,0.0,0.0,0.0,0.0,0.0
8819,full_active,0,-124,1,121,"(100,150]",23,"[10,100)",1,"[1,5)",2259,730+,0,2,2,1165,6.0,0,1,8,181,2,0,2,1.0,0.0,0.0,0.0,0.0,0.0
8820,full_active,0,-124,1,68,"(50,100]",176,"[100,1k)",67,"[60,120)",1233,730+,1,1,2,1153,5.0,0,1,9,88,5,2,2,1.0,0.0,0.0,0.0,0.0,0.0
8821,full_active,0,-124,1,87,"(50,100]",97,"[10,100)",75,"[60,120)",203,181-365,0,1,29,1359,1.0,0,1,9,167,1,3,0,0.0,0.0,0.0,0.0,0.0,0.0
8825,full_active,0,1,1,497,"(250,500]",3971,"[1k,5k)",103,"[60,120)",1813,730+,1,3,29,899,1.0,0,0,42,115,1,3,0,1.0,0.0,1.0,0.0,0.0,0.0
8834,full_active,0,-124,0,278,"(250,500]",18,"[10,100)",7,"[5,30)",1019,730+,0,6,31,416,2.0,0,0,24,416,1,4,0,1.0,0.0,1.0,0.0,0.0,0.0
8836,high_active,0,-124,1,21,"(10,50]",137,"[100,1k)",20,"[5,30)",713,366-730,1,1,28,316,,0,1,8,344,6,3,0,0.0,0.0,0.0,0.0,0.0,0.0
8837,full_active,0,1,1,150,"(100,150]",180,"[100,1k)",19,"[5,30)",2269,730+,0,4,2,1169,8.0,0,0,24,137,5,2,2,0.0,0.0,0.0,0.0,0.0,0.0
8843,full_active,0,1,1,2195,500+,195,"[100,1k)",181,"[120,250)",1149,730+,0,5,10,127,2.0,0,1,39,207,3,3,0,1.0,0.0,0.0,0.0,0.0,0.0
8847,full_active,0,-124,1,95,"(50,100]",17,"[10,100)",4,"[1,5)",550,366-730,0,4,29,1320,1.0,0,0,1,82,2,2,0,0.0,0.0,0.0,0.0,0.0,0.0
8861,full_active,0,-124,1,1,"(0,10]",0,0,0,0,348,181-365,1,2,2,1160,4.0,0,1,21,91,5,4,2,0.0,0.0,0.0,0.0,0.0,0.0
8877,full_active,0,-124,1,140,"(100,150]",22,"[10,100)",14,"[5,30)",1046,730+,1,6,19,556,2.0,0,0,24,359,1,3,0,1.0,0.0,0.0,0.0,0.0,0.0
8878,full_active,0,-124,1,45,"(10,50]",39,"[10,100)",9,"[5,30)",1101,730+,1,3,9,715,3.0,0,0,31,343,3,3,0,1.0,0.0,0.0,0.0,0.0,0.0
8906,full_active,0,-124,0,82,"(50,100]",2,"[1,10)",1,"[1,5)",226,181-365,0,4,10,268,2.0,0,0,7,122,1,2,0,0.0,0.0,0.0,0.0,0.0,0.0
8909,full_active,0,-124,0,37,"(10,50]",2,"[1,10)",1,"[1,5)",1922,730+,1,3,2,1159,3.0,0,1,32,33,2,4,2,0.0,0.0,0.0,0.0,0.0,1.0
8910,full_active,0,-124,1,84,"(50,100]",116,"[100,1k)",54,"[30,60)",103,91-180,1,1,29,904,2.0,0,1,8,294,6,0,0,0.0,0.0,0.0,0.0,0.0,0.0
8911,full_active,0,-124,1,30,"(10,50]",73,"[10,100)",29,"[5,30)",29,15-30,1,1,2,1160,4.0,0,1,34,201,4,2,2,0.0,0.0,0.0,0.0,0.0,0.0
8918,high_active,0,-124,1,75,"(50,100]",356,"[100,1k)",52,"[30,60)",1753,730+,1,1,29,909,1.0,0,0,14,308,3,3,0,1.0,0.0,1.0,0.0,0.0,1.0
8919,full_active,0,1,1,91,"(50,100]",51,"[10,100)",8,"[5,30)",2543,730+,1,3,19,607,2.0,0,1,8,39,5,4,0,1.0,0.0,0.0,0.0,0.0,0.0
8929,middle_active,0,-124,0,16,"(10,50]",1,"[1,10)",1,"[1,5)",154,91-180,1,1,19,620,1.0,0,1,2,399,4,3,0,0.0,0.0,0.0,0.0,0.0,0.0
8935,full_active,0,-124,1,36,"(10,50]",65,"[10,100)",22,"[5,30)",1999,730+,0,4,2,1168,7.0,0,0,14,339,3,4,2,1.0,0.0,0.0,0.0,0.0,0.0
8939,full_active,0,-124,1,276,"(250,500]",247,"[100,1k)",49,"[30,60)",1249,730+,0,4,29,935,3.0,0,0,31,354,3,3,0,0.0,0.0,0.0,0.0,0.0,0.0
8945,full_active,0,-124,1,77,"(50,100]",2,"[1,10)",0,0,180,91-180,0,0,19,544,2.0,0,1,44,363,3,3,0,1.0,0.0,0.0,0.0,0.0,0.0
8946,high_active,0,-124,1,82,"(50,100]",90,"[10,100)",11,"[5,30)",1651,730+,1,4,31,754,1.0,0,0,13,392,6,2,0,1.0,0.0,0.0,0.0,0.0,0.0
8951,middle_active,0,-124,1,83,"(50,100]",95,"[10,100)",66,"[60,120)",310,181-365,0,1,10,338,1.0,0,1,18,393,3,4,0,1.0,0.0,0.0,0.0,1.0,0.0
8958,full_active,0,-124,1,196,"(150,250]",12,"[10,100)",7,"[5,30)",1189,730+,1,5,10,183,2.0,0,0,13,117,6,4,0,1.0,0.0,0.0,0.0,0.0,0.0
8959,high_active,0,-124,1,147,"(100,150]",14,"[10,100)",11,"[5,30)",323,181-365,0,4,10,117,3.0,0,0,22,386,1,3,0,1.0,0.0,0.0,0.0,0.0,0.0
8965,full_active,0,-124,1,435,"(250,500]",33,"[10,100)",18,"[5,30)",93,91-180,1,1,19,606,1.0,0,1,43,232,3,2,0,0.0,0.0,1.0,0.0,0.0,0.0
8966,high_active,0,1,1,265,"(250,500]",1639,"[1k,5k)",188,"[120,250)",2575,730+,0,4,2,1152,3.0,0,1,44,289,5,0,2,1.0,0.0,0.0,0.0,0.0,0.0
8982,high_active,0,-124,1,53,"(50,100]",48,"[10,100)",15,"[5,30)",1680,730+,1,5,15,1226,0.0,0,0,24,380,1,3,0,0.0,0.0,0.0,0.0,0.0,0.0
8988,full_active,0,1,1,195,"(150,250]",167,"[100,1k)",89,"[60,120)",1559,730+,0,4,10,205,2.0,0,0,7,317,1,4,0,1.0,0.0,0.0,0.0,0.0,0.0
9011,full_active,0,1,1,72,"(50,100]",67,"[10,100)",54,"[30,60)",1948,730+,0,3,19,611,1.0,0,0,1,82,2,3,0,1.0,0.0,0.0,0.0,0.0,0.0
9020,full_active,0,-124,1,593,500+,72,"[10,100)",67,"[60,120)",657,366-730,0,4,10,205,2.0,0,0,7,77,5,4,0,0.0,0.0,0.0,0.0,0.0,0.0
9022,low_active,0,-124,1,305,"(250,500]",423,"[100,1k)",266,250+,781,730+,0,1,19,513,0.0,0,1,34,345,1,4,0,1.0,0.0,0.0,0.0,0.0,0.0
9023,high_active,0,-124,0,8,"(0,10]",1,"[1,10)",1,"[1,5)",104,91-180,1,3,2,1165,6.0,0,1,20,348,4,0,2,1.0,0.0,0.0,0.0,0.0,0.0
9024,full_active,0,-124,1,187,"(150,250]",33,"[10,100)",21,"[5,30)",364,181-365,1,5,9,479,1.0,0,0,1,82,2,2,0,1.0,1.0,0.0,0.0,0.0,0.0
9034,full_active,0,-124,1,2081,500+,4,"[1,10)",0,0,1572,730+,1,4,10,855,1.0,0,1,8,64,5,0,0,1.0,0.0,0.0,0.0,0.0,0.0
9035,middle_active,0,-124,1,18,"(10,50]",5,"[1,10)",0,0,272,181-365,0,6,31,367,0.0,0,1,34,80,1,0,0,0.0,0.0,0.0,0.0,0.0,0.0
9036,full_active,0,-124,1,78,"(50,100]",4,"[1,10)",1,"[1,5)",1857,730+,0,2,10,126,3.0,0,0,15,93,6,3,0,1.0,0.0,0.0,0.0,0.0,0.0
9045,full_active,0,-124,1,184,"(150,250]",46,"[10,100)",27,"[5,30)",1464,730+,0,4,10,842,0.0,0,0,38,139,4,2,0,1.0,0.0,0.0,0.0,0.0,0.0
9054,full_active,0,-124,0,120,"(100,150]",39,"[10,100)",33,"[30,60)",1383,730+,1,4,29,953,2.0,0,0,7,138,1,0,0,1.0,0.0,1.0,0.0,0.0,0.0
9057,full_active,0,1,1,390,"(250,500]",48,"[10,100)",34,"[30,60)",307,181-365,1,5,10,1025,3.0,0,0,31,354,3,3,0,0.0,0.0,0.0,0.0,0.0,0.0
9063,full_active,0,-124,1,509,500+,4,"[1,10)",1,"[1,5)",1470,730+,0,1,19,583,1.0,0,0,33,227,3,3,0,1.0,0.0,0.0,0.0,0.0,0.0
9068,full_active,0,-124,1,187,"(150,250]",49,"[10,100)",32,"[30,60)",277,181-365,1,5,19,641,1.0,0,0,7,154,1,3,0,1.0,0.0,0.0,0.0,0.0,0.0
9073,high_active,0,1,1,1181,500+,1222,"[1k,5k)",224,"[120,250)",1488,730+,0,6,19,515,0.0,0,0,7,182,1,3,0,1.0,0.0,0.0,0.0,0.0,0.0
9079,high_active,0,-124,1,64,"(50,100]",9,"[1,10)",0,0,779,730+,0,4,28,820,,5,2,11,255,0,0,0,,,,,,
9081,full_active,0,1,1,4999,500+,421,"[100,1k)",56,"[30,60)",503,366-730,0,2,10,341,3.0,0,1,8,36,4,4,0,1.0,0.0,0.0,0.0,0.0,0.0
9085,full_active,0,-124,1,46,"(10,50]",16,"[10,100)",14,"[5,30)",168,91-180,0,1,19,620,1.0,0,0,15,118,6,3,0,1.0,0.0,0.0,0.0,0.0,0.0
9089,full_active,0,-124,1,47,"(10,50]",65,"[10,100)",20,"[5,30)",522,366-730,1,1,19,613,2.0,0,0,15,118,6,3,0,1.0,0.0,0.0,0.0,0.0,0.0
9100,full_active,0,-124,1,135,"(100,150]",47,"[10,100)",20,"[5,30)",2759,730+,1,3,10,71,0.0,0,1,10,373,5,2,0,1.0,0.0,0.0,0.0,0.0,1.0
9103,full_active,0,1,1,52,"(50,100]",34,"[10,100)",25,"[5,30)",1640,730+,1,2,2,1167,9.0,0,1,43,232,3,2,2,1.0,0.0,0.0,0.0,0.0,0.0
9104,full_active,0,-124,0,241,"(150,250]",0,0,0,0,846,730+,1,3,31,378,3.0,0,1,32,33,2,4,0,0.0,0.0,0.0,0.0,1.0,0.0
9109,full_active,0,-124,1,4060,500+,1885,"[1k,5k)",1772,250+,965,730+,1,5,29,918,1.0,0,0,42,421,1,3,0,1.0,0.0,0.0,0.0,0.0,0.0
9112,middle_active,0,-124,1,16,"(10,50]",0,0,0,0,408,366-730,1,1,10,114,0.0,0,1,0,437,6,3,0,1.0,0.0,0.0,0.0,0.0,0.0
9116,full_active,0,-124,1,95,"(50,100]",9,"[1,10)",6,"[5,30)",823,730+,1,1,31,386,1.0,0,1,34,273,3,3,0,1.0,0.0,0.0,0.0,0.0,0.0
9121,high_active,0,-124,0,3,"(0,10]",1,"[1,10)",1,"[1,5)",28,15-30,1,1,19,620,1.0,0,1,9,237,1,3,0,0.0,0.0,0.0,0.0,0.0,0.0
9125,full_active,0,-124,0,85,"(50,100]",6,"[1,10)",1,"[1,5)",1739,730+,1,2,31,422,2.0,0,1,0,407,3,4,0,0.0,0.0,0.0,1.0,1.0,0.0
9129,high_active,0,-124,0,27,"(10,50]",23,"[10,100)",16,"[5,30)",159,91-180,1,2,2,1167,9.0,0,1,44,338,5,2,2,1.0,0.0,0.0,0.0,0.0,0.0
9137,full_active,0,-124,1,77,"(50,100]",43,"[10,100)",22,"[5,30)",189,181-365,1,4,29,906,1.0,0,1,10,254,3,3,0,0.0,0.0,0.0,0.0,0.0,0.0
9140,2_14_day_new,0,1,1,40,"(10,50]",75,"[10,100)",26,"[5,30)",2327,730+,1,4,2,1168,7.0,0,1,44,238,4,2,0,1.0,0.0,1.0,0.0,0.0,0.0
9147,high_active,0,-124,1,300,"(250,500]",51,"[10,100)",17,"[5,30)",2485,730+,1,4,10,66,3.0,0,0,33,134,3,2,0,1.0,0.0,0.0,0.0,0.0,0.0
9149,full_active,0,1,1,82,"(50,100]",177,"[100,1k)",76,"[60,120)",1982,730+,0,2,2,1159,3.0,0,1,18,393,3,2,2,0.0,0.0,0.0,0.0,0.0,0.0
9177,full_active,0,-124,1,1172,500+,33,"[10,100)",21,"[5,30)",2112,730+,1,3,2,1164,5.0,0,0,24,264,4,2,2,0.0,0.0,0.0,0.0,0.0,0.0
9182,high_active,0,-124,1,3204,500+,3266,"[1k,5k)",2695,250+,2289,730+,0,4,8,235,0.0,0,0,31,220,3,2,0,,,,,,
9184,2_14_day_new,0,-124,0,66,"(50,100]",20,"[10,100)",9,"[5,30)",835,730+,1,5,10,269,2.0,0,0,19,378,3,4,0,0.0,0.0,0.0,0.0,0.0,0.0
9187,middle_active,0,-124,1,105,"(100,150]",7,"[1,10)",4,"[1,5)",421,366-730,1,1,2,1171,5.0,0,1,8,200,5,2,0,1.0,0.0,1.0,0.0,0.0,0.0
9207,full_active,0,-124,1,6,"(0,10]",0,0,0,0,519,366-730,0,4,20,218,2.0,0,1,20,191,5,0,0,1.0,0.0,0.0,0.0,0.0,0.0
9208,full_active,0,1,1,29,"(10,50]",10,"[10,100)",5,"[5,30)",1692,730+,1,3,2,1153,5.0,0,0,30,114,6,3,2,1.0,0.0,0.0,0.0,1.0,0.0
9221,full_active,0,-124,1,2091,500+,133,"[100,1k)",32,"[30,60)",811,730+,1,1,10,246,1.0,0,0,31,276,6,3,0,0.0,0.0,0.0,0.0,0.0,0.0
9226,full_active,0,1,1,1283,500+,304,"[100,1k)",195,"[120,250)",2009,730+,1,2,2,1152,3.0,0,0,22,412,5,4,2,0.0,0.0,0.0,0.0,0.0,0.0
9228,full_active,0,-124,1,431,"(250,500]",124,"[100,1k)",9,"[5,30)",1529,730+,0,4,10,843,0.0,0,0,24,359,1,2,0,,,,,,
9229,high_active,0,-124,1,1,"(0,10]",6,"[1,10)",1,"[1,5)",1748,730+,1,3,2,1157,4.0,0,0,14,339,3,4,2,1.0,0.0,0.0,0.0,0.0,0.0
9231,middle_active,0,-124,1,159,"(150,250]",210,"[100,1k)",158,"[120,250)",497,366-730,0,6,29,949,1.0,0,1,17,300,1,3,0,1.0,1.0,1.0,0.0,0.0,0.0
9236,high_active,0,-124,1,37,"(10,50]",6,"[1,10)",4,"[1,5)",1129,730+,0,2,11,967,1.0,0,1,21,91,5,2,0,1.0,0.0,0.0,0.0,0.0,0.0
9238,full_active,0,-124,1,54,"(50,100]",42,"[10,100)",26,"[5,30)",1448,730+,1,4,10,269,2.0,0,0,7,77,5,2,0,1.0,0.0,0.0,0.0,0.0,0.0
9245,full_active,0,-124,1,340,"(250,500]",242,"[100,1k)",129,"[120,250)",838,730+,1,4,19,594,1.0,0,0,19,378,3,3,0,1.0,1.0,0.0,0.0,0.0,0.0
9248,full_active,0,-124,0,127,"(100,150]",4,"[1,10)",1,"[1,5)",749,730+,1,5,2,1179,2.0,0,1,8,209,6,0,2,1.0,0.0,1.0,0.0,0.0,0.0
9252,full_active,0,-124,1,218,"(150,250]",11,"[10,100)",4,"[1,5)",1401,730+,0,2,29,1343,1.0,0,0,13,390,3,3,0,,,,,,
9257,high_active,0,-124,1,643,500+,27,"[10,100)",10,"[5,30)",662,366-730,1,2,19,606,1.0,0,1,10,152,3,3,0,1.0,0.0,0.0,0.0,0.0,0.0
9260,full_active,0,1,1,28,"(10,50]",51,"[10,100)",10,"[5,30)",1773,730+,1,2,29,925,0.0,0,1,44,147,4,4,0,1.0,0.0,0.0,0.0,0.0,0.0
9262,full_active,0,-124,1,197,"(150,250]",637,"[100,1k)",184,"[120,250)",1991,730+,0,1,29,913,,0,0,28,367,3,0,0,1.0,0.0,0.0,0.0,0.0,0.0
9264,2_14_day_new,0,-124,1,16,"(10,50]",51,"[10,100)",13,"[5,30)",80,61-90,1,2,2,1196,4.0,0,0,1,82,2,3,2,1.0,0.0,0.0,0.0,0.0,0.0
9269,full_active,0,-124,1,292,"(250,500]",250,"[100,1k)",62,"[60,120)",457,366-730,0,1,2,1185,2.0,0,1,17,156,6,3,1,0.0,0.0,0.0,0.0,0.0,0.0
9276,full_active,0,1,1,938,500+,1494,"[1k,5k)",935,250+,1273,730+,0,1,29,893,1.0,0,1,20,326,6,2,0,1.0,0.0,0.0,0.0,0.0,0.0
9282,high_active,0,-124,1,200,"(150,250]",136,"[100,1k)",28,"[5,30)",248,181-365,0,4,2,1162,8.0,0,1,0,159,3,4,2,1.0,0.0,0.0,0.0,0.0,0.0
9285,full_active,0,-124,1,324,"(250,500]",158,"[100,1k)",99,"[60,120)",1546,730+,0,4,19,618,3.0,0,0,42,171,1,0,0,1.0,0.0,0.0,0.0,0.0,0.0
9289,full_active,0,-124,1,14,"(10,50]",1,"[1,10)",0,0,165,91-180,1,4,19,583,1.0,0,1,43,250,1,3,0,0.0,0.0,0.0,0.0,0.0,0.0
9299,full_active,0,-124,0,29,"(10,50]",0,0,0,0,948,730+,0,1,19,547,2.0,0,1,8,259,6,2,0,,,,,,
9300,full_active,0,-124,1,205,"(150,250]",74,"[10,100)",9,"[5,30)",2680,730+,1,3,2,1165,6.0,0,1,17,350,6,2,2,1.0,0.0,0.0,0.0,1.0,0.0
9306,high_active,0,-124,1,28,"(10,50]",9,"[1,10)",7,"[5,30)",2538,730+,1,2,2,1166,9.0,0,1,20,218,5,2,2,1.0,0.0,0.0,0.0,1.0,1.0
9307,full_active,0,-124,1,55,"(50,100]",47,"[10,100)",1,"[1,5)",1630,730+,0,4,19,558,2.0,0,0,13,117,6,2,0,0.0,0.0,0.0,0.0,0.0,0.0
9308,full_active,0,-124,1,133,"(100,150]",29,"[10,100)",6,"[5,30)",835,730+,1,0,29,962,1.0,0,1,0,160,3,0,0,1.0,0.0,0.0,0.0,0.0,0.0
9327,full_active,0,-124,1,133,"(100,150]",37,"[10,100)",19,"[5,30)",1135,730+,0,1,10,243,0.0,0,1,43,336,3,3,0,1.0,0.0,0.0,0.0,0.0,0.0
9332,full_active,0,-124,1,557,500+,474,"[100,1k)",233,"[120,250)",1904,730+,1,4,29,947,1.0,0,1,0,417,6,4,0,1.0,0.0,0.0,0.0,0.0,0.0
9335,high_active,0,-124,1,62,"(50,100]",98,"[10,100)",10,"[5,30)",552,366-730,0,2,19,513,0.0,0,0,42,50,6,2,0,1.0,0.0,0.0,0.0,0.0,0.0
9349,full_active,0,-124,1,67,"(50,100]",55,"[10,100)",24,"[5,30)",673,366-730,0,1,29,1327,1.0,0,0,31,305,5,3,0,0.0,0.0,0.0,0.0,0.0,0.0
9352,full_active,0,1,1,97,"(50,100]",43,"[10,100)",5,"[5,30)",1670,730+,1,3,10,565,1.0,0,1,43,230,1,3,0,1.0,0.0,1.0,0.0,0.0,0.0
9353,full_active,0,-124,1,138,"(100,150]",150,"[100,1k)",67,"[60,120)",265,181-365,0,1,29,950,1.0,0,0,26,408,6,3,0,0.0,0.0,0.0,0.0,0.0,0.0
9354,high_active,0,1,1,125,"(100,150]",83,"[10,100)",16,"[5,30)",2028,730+,1,2,2,1157,4.0,0,0,15,274,6,4,2,1.0,0.0,0.0,0.0,0.0,0.0
9355,high_active,0,-124,1,52,"(50,100]",52,"[10,100)",33,"[30,60)",804,730+,0,1,19,606,1.0,0,0,13,392,6,3,0,0.0,0.0,0.0,0.0,0.0,0.0
9367,full_active,0,-124,1,146,"(100,150]",69,"[10,100)",12,"[5,30)",1609,730+,1,5,19,595,1.0,0,1,20,383,6,4,0,1.0,1.0,0.0,0.0,0.0,0.0
9368,full_active,0,-124,1,277,"(250,500]",116,"[100,1k)",71,"[60,120)",1944,730+,1,3,33,956,2.0,0,0,28,282,1,3,0,0.0,0.0,0.0,0.0,0.0,1.0
9369,full_active,0,-124,0,30,"(10,50]",7,"[1,10)",7,"[5,30)",1385,730+,1,2,2,1160,4.0,0,1,0,149,6,4,2,1.0,0.0,0.0,0.0,0.0,0.0
9370,full_active,0,-124,1,371,"(250,500]",410,"[100,1k)",361,250+,1065,730+,0,1,10,407,1.0,0,0,13,392,6,4,0,0.0,0.0,0.0,0.0,0.0,0.0
9376,middle_active,0,-124,1,2280,500+,284,"[100,1k)",188,"[120,250)",1099,730+,1,6,31,367,0.0,0,1,34,80,1,3,0,0.0,0.0,0.0,0.0,0.0,0.0
9377,full_active,0,-124,1,108,"(100,150]",278,"[100,1k)",105,"[60,120)",469,366-730,1,1,2,1158,7.0,0,1,20,191,5,3,2,1.0,0.0,0.0,0.0,0.0,0.0
9379,full_active,0,-124,1,114,"(100,150]",11,"[10,100)",7,"[5,30)",943,730+,1,0,19,585,1.0,0,1,43,68,3,3,0,1.0,0.0,0.0,0.0,0.0,0.0
9383,high_active,0,-124,1,259,"(250,500]",20,"[10,100)",1,"[1,5)",979,730+,1,1,19,588,2.0,0,0,38,139,4,2,0,0.0,0.0,0.0,0.0,0.0,0.0
9392,high_active,0,1,1,257,"(250,500]",55,"[10,100)",54,"[30,60)",1612,730+,1,4,10,1008,3.0,0,0,13,183,6,4,0,1.0,0.0,1.0,0.0,0.0,0.0
9395,full_active,0,1,1,34,"(10,50]",704,"[100,1k)",29,"[5,30)",2211,730+,0,3,10,111,,0,0,26,38,1,2,0,1.0,1.0,0.0,0.0,0.0,0.0
9398,full_active,0,1,1,843,500+,36,"[10,100)",15,"[5,30)",2544,730+,1,4,10,852,4.0,0,1,44,121,5,4,0,1.0,0.0,0.0,0.0,0.0,0.0
9405,full_active,0,-124,1,119,"(100,150]",58,"[10,100)",31,"[30,60)",1224,730+,1,4,31,437,1.0,0,0,14,339,3,3,0,1.0,1.0,0.0,0.0,0.0,0.0
9413,high_active,0,-124,1,132,"(100,150]",33,"[10,100)",14,"[5,30)",921,730+,0,2,19,620,1.0,0,0,42,120,1,0,0,1.0,0.0,0.0,0.0,0.0,0.0
9415,full_active,0,-124,1,191,"(150,250]",343,"[100,1k)",171,"[120,250)",577,366-730,0,1,19,641,1.0,0,1,17,444,3,0,0,1.0,0.0,0.0,0.0,0.0,0.0
9416,full_active,0,1,1,657,500+,841,"[100,1k)",580,250+,1398,730+,0,2,19,611,1.0,0,0,31,193,3,3,0,1.0,1.0,0.0,0.0,0.0,0.0
9420,full_active,0,-124,1,1410,500+,68,"[10,100)",57,"[30,60)",1618,730+,0,1,29,929,2.0,0,0,30,251,3,4,0,1.0,0.0,0.0,0.0,0.0,0.0
9430,full_active,0,-124,1,581,500+,173,"[100,1k)",98,"[60,120)",2025,730+,0,4,29,923,2.0,0,0,13,67,6,3,0,1.0,1.0,0.0,0.0,0.0,0.0
9438,full_active,0,-124,0,93,"(50,100]",2,"[1,10)",0,0,980,730+,1,4,2,1158,7.0,0,1,8,287,2,2,2,1.0,0.0,0.0,0.0,0.0,0.0
9439,full_active,0,-124,1,397,"(250,500]",31,"[10,100)",22,"[5,30)",1896,730+,1,6,19,601,1.0,0,0,22,239,1,3,0,1.0,1.0,1.0,0.0,0.0,0.0
9444,full_active,0,-124,1,33,"(10,50]",38,"[10,100)",24,"[5,30)",51,31-60,1,1,19,656,2.0,0,0,42,120,1,3,0,1.0,0.0,0.0,0.0,0.0,0.0
9461,full_active,0,-124,1,95,"(50,100]",22,"[10,100)",12,"[5,30)",1978,730+,1,4,29,919,1.0,0,0,13,330,5,4,0,1.0,0.0,0.0,0.0,0.0,0.0
9470,full_active,0,1,1,728,500+,4128,"[1k,5k)",703,250+,1568,730+,1,6,10,230,1.0,0,0,42,63,1,4,0,1.0,0.0,0.0,0.0,0.0,0.0
9476,full_active,0,-124,1,136,"(100,150]",1,"[1,10)",0,0,653,366-730,1,3,31,753,0.0,0,1,10,451,1,4,0,1.0,0.0,0.0,0.0,0.0,0.0
9478,full_active,0,1,1,835,500+,1368,"[1k,5k)",821,250+,142,91-180,1,4,10,1025,3.0,0,0,31,283,6,3,2,0.0,0.0,0.0,0.0,0.0,0.0
9490,middle_active,0,-124,0,226,"(150,250]",3,"[1,10)",1,"[1,5)",22,15-30,1,1,31,414,0.0,0,0,24,380,1,0,0,,,,,,
9496,high_active,0,-124,1,79,"(50,100]",15,"[10,100)",15,"[5,30)",478,366-730,0,1,10,325,0.0,0,0,19,110,1,3,0,0.0,0.0,0.0,0.0,0.0,0.0
9497,full_active,0,-124,1,246,"(150,250]",138,"[100,1k)",127,"[120,250)",470,366-730,0,1,15,391,0.0,0,1,21,91,5,4,0,1.0,0.0,0.0,0.0,0.0,0.0
9510,full_active,0,-124,1,20,"(10,50]",17,"[10,100)",5,"[5,30)",1877,730+,1,2,10,230,1.0,0,1,10,254,3,3,0,1.0,0.0,0.0,0.0,0.0,0.0
9518,middle_active,0,-124,1,89,"(50,100]",114,"[100,1k)",83,"[60,120)",579,366-730,0,1,19,606,1.0,0,0,42,120,1,3,0,1.0,0.0,0.0,0.0,0.0,0.0
9525,full_active,0,-124,1,52,"(50,100]",34,"[10,100)",3,"[1,5)",2017,730+,0,4,19,583,1.0,0,0,33,227,3,0,0,1.0,0.0,0.0,0.0,0.0,0.0
9527,full_active,0,1,1,306,"(250,500]",372,"[100,1k)",204,"[120,250)",1519,730+,1,5,48,705,2.0,0,0,26,408,6,3,0,1.0,0.0,0.0,0.0,0.0,0.0
9529,high_active,0,-124,0,95,"(50,100]",13,"[10,100)",6,"[5,30)",744,730+,0,1,19,547,2.0,0,0,7,40,1,3,0,0.0,1.0,0.0,0.0,0.0,0.0
9537,full_active,0,-124,1,1650,500+,1057,"[1k,5k)",940,250+,2072,730+,1,3,31,362,1.0,0,0,31,42,6,2,0,1.0,0.0,0.0,0.0,0.0,0.0
9538,full_active,0,-124,0,78,"(50,100]",41,"[10,100)",28,"[5,30)",1516,730+,1,4,29,1322,2.0,0,0,42,421,1,3,0,1.0,0.0,0.0,0.0,0.0,0.0
9541,full_active,0,1,1,570,500+,1953,"[1k,5k)",78,"[60,120)",2689,730+,1,3,29,923,2.0,0,0,24,416,1,3,0,1.0,0.0,0.0,0.0,0.0,0.0
9563,full_active,0,-124,1,522,500+,22,"[10,100)",11,"[5,30)",804,730+,1,1,19,527,2.0,0,1,0,160,3,3,0,1.0,0.0,0.0,0.0,0.0,0.0
9566,high_active,0,-124,0,191,"(150,250]",0,0,0,0,31,31-60,1,3,10,604,2.0,0,1,32,33,2,3,0,1.0,0.0,0.0,0.0,0.0,0.0
9570,full_active,0,-124,0,47,"(10,50]",1,"[1,10)",1,"[1,5)",451,366-730,1,1,3,769,4.0,0,0,31,271,6,3,0,0.0,0.0,0.0,0.0,1.0,0.0
9582,middle_active,0,-124,1,145,"(100,150]",175,"[100,1k)",89,"[60,120)",750,730+,0,1,19,659,1.0,0,1,10,450,3,4,0,1.0,0.0,0.0,0.0,0.0,0.0
9586,full_active,0,-124,1,228,"(150,250]",378,"[100,1k)",216,"[120,250)",1219,730+,0,6,19,655,1.0,0,0,24,235,1,3,0,1.0,0.0,0.0,0.0,0.0,0.0
9592,full_active,0,-124,1,175,"(150,250]",3,"[1,10)",0,0,61,61-90,1,4,19,588,2.0,0,0,13,392,6,2,0,1.0,1.0,0.0,0.0,0.0,0.0
9593,full_active,0,1,1,256,"(250,500]",35,"[10,100)",35,"[30,60)",398,366-730,1,4,30,948,2.0,0,0,31,354,3,3,0,0.0,0.0,1.0,0.0,0.0,0.0
9596,full_active,0,-124,0,185,"(150,250]",21,"[10,100)",3,"[1,5)",451,366-730,1,6,9,229,1.0,0,0,13,117,6,3,0,1.0,1.0,0.0,0.0,0.0,0.0
9607,full_active,0,-124,1,145,"(100,150]",234,"[100,1k)",140,"[120,250)",1371,730+,1,1,11,967,1.0,0,0,15,32,1,3,0,1.0,0.0,0.0,0.0,0.0,0.0
9610,high_active,0,-124,1,54,"(50,100]",3,"[1,10)",2,"[1,5)",452,366-730,1,4,19,606,1.0,0,0,13,117,6,3,0,1.0,1.0,1.0,0.0,0.0,0.0
9611,high_active,0,-124,1,620,500+,77,"[10,100)",5,"[5,30)",1893,730+,1,3,10,320,6.0,0,0,33,228,1,3,0,1.0,0.0,0.0,0.0,0.0,0.0
9615,high_active,0,1,1,53,"(50,100]",48,"[10,100)",3,"[1,5)",1078,730+,0,3,19,628,1.0,0,1,8,36,4,4,0,1.0,0.0,0.0,0.0,0.0,0.0
9619,full_active,0,-124,1,358,"(250,500]",1629,"[1k,5k)",352,250+,1558,730+,0,1,9,296,0.0,0,1,18,293,1,3,0,0.0,0.0,0.0,0.0,0.0,0.0
9621,full_active,0,-124,1,6,"(0,10]",10,"[10,100)",2,"[1,5)",210,181-365,0,5,29,892,0.0,0,1,10,254,3,4,0,0.0,0.0,0.0,0.0,0.0,0.0
9623,full_active,0,-124,1,521,500+,241,"[100,1k)",160,"[120,250)",771,730+,0,1,19,639,2.0,0,0,31,305,5,3,0,1.0,0.0,0.0,0.0,0.0,0.0
9626,full_active,0,1,1,197,"(150,250]",31,"[10,100)",14,"[5,30)",2773,730+,0,3,2,1160,4.0,0,1,2,399,4,0,2,1.0,0.0,0.0,0.0,0.0,0.0
9645,high_active,0,-124,1,73,"(50,100]",25,"[10,100)",3,"[1,5)",1156,730+,0,5,10,169,1.0,0,1,43,211,1,3,0,0.0,1.0,0.0,0.0,0.0,0.0
9646,high_active,0,-124,1,1839,500+,727,"[100,1k)",657,250+,967,730+,1,6,10,764,2.0,0,1,20,85,4,0,0,0.0,0.0,0.0,0.0,0.0,0.0
9672,high_active,0,1,1,405,"(250,500]",100,"[100,1k)",100,"[60,120)",1091,730+,0,5,29,1342,1.0,0,0,31,42,6,0,0,1.0,0.0,0.0,0.0,0.0,0.0
9676,full_active,0,1,1,230,"(150,250]",116,"[100,1k)",36,"[30,60)",1301,730+,1,2,2,1153,4.0,0,1,43,221,4,2,2,1.0,0.0,0.0,0.0,0.0,0.0
9677,high_active,0,-124,1,94,"(50,100]",87,"[10,100)",58,"[30,60)",1672,730+,1,4,19,522,0.0,0,0,30,251,3,3,0,1.0,0.0,0.0,0.0,0.0,0.0
9679,full_active,0,1,0,203,"(150,250]",22,"[10,100)",9,"[5,30)",1738,730+,1,5,19,518,0.0,0,0,38,139,4,2,0,1.0,1.0,1.0,0.0,0.0,0.0
9682,full_active,0,1,1,1084,500+,507,"[100,1k)",185,"[120,250)",2287,730+,0,4,29,941,2.0,0,0,14,116,5,3,0,1.0,0.0,1.0,0.0,0.0,0.0
9685,full_active,0,1,1,915,500+,658,"[100,1k)",144,"[120,250)",1729,730+,1,4,19,578,1.0,0,0,19,396,3,3,0,1.0,1.0,0.0,0.0,0.0,0.0
9696,full_active,0,-124,1,23,"(10,50]",16,"[10,100)",6,"[5,30)",851,730+,1,5,19,606,1.0,0,1,43,232,3,3,0,1.0,1.0,1.0,0.0,0.0,0.0
9700,full_active,0,-124,1,922,500+,986,"[100,1k)",708,250+,338,181-365,0,1,31,367,0.0,0,1,43,221,4,3,0,0.0,0.0,0.0,0.0,0.0,0.0
9705,full_active,0,1,1,490,"(250,500]",4,"[1,10)",3,"[1,5)",1675,730+,0,2,2,1171,5.0,0,0,15,394,4,2,2,1.0,0.0,0.0,0.0,0.0,0.0
9707,full_active,0,-124,0,16,"(10,50]",7,"[1,10)",3,"[1,5)",1347,730+,0,5,10,274,1.0,0,0,13,183,6,4,0,0.0,0.0,1.0,0.0,0.0,0.0
9710,full_active,0,-124,1,572,500+,53,"[10,100)",20,"[5,30)",1016,730+,0,4,2,1153,4.0,0,0,13,267,6,3,2,1.0,0.0,0.0,0.0,0.0,0.0
9711,full_active,0,1,1,4542,500+,559,"[100,1k)",279,250+,1691,730+,1,3,10,262,0.0,0,0,30,406,1,3,0,1.0,0.0,0.0,0.0,0.0,0.0
9713,full_active,0,-124,1,129,"(100,150]",190,"[100,1k)",94,"[60,120)",1422,730+,0,1,2,1176,2.0,0,1,18,196,3,2,2,0.0,0.0,0.0,0.0,0.0,0.0
9714,full_active,0,-124,1,171,"(150,250]",10,"[10,100)",3,"[1,5)",870,730+,1,1,10,177,2.0,0,1,0,102,5,2,0,1.0,0.0,0.0,0.0,1.0,1.0
9716,high_active,0,-124,0,10,"(0,10]",8,"[1,10)",0,0,510,366-730,0,4,2,1177,2.0,0,0,7,154,1,0,2,1.0,0.0,0.0,0.0,0.0,0.0
9720,full_active,0,-124,1,633,500+,108,"[100,1k)",39,"[30,60)",1995,730+,0,4,31,751,1.0,0,0,13,267,6,3,0,1.0,0.0,1.0,0.0,0.0,0.0
9736,high_active,0,-124,1,1380,500+,2187,"[1k,5k)",1333,250+,1713,730+,0,1,31,752,1.0,0,0,15,306,3,3,0,1.0,0.0,0.0,0.0,0.0,0.0
9737,single_low_active,0,-124,0,127,"(100,150]",1,"[1,10)",0,0,220,181-365,0,0,10,841,1.0,0,1,0,284,1,0,0,1.0,0.0,0.0,0.0,0.0,0.0
9744,full_active,0,-124,1,207,"(150,250]",49,"[10,100)",26,"[5,30)",1692,730+,1,5,10,77,1.0,0,0,15,371,3,3,0,,,,,,
9749,middle_active,0,-124,1,924,500+,1787,"[1k,5k)",913,250+,215,181-365,0,1,19,572,0.0,0,0,31,42,6,3,0,0.0,0.0,0.0,0.0,0.0,0.0
9750,full_active,0,-124,1,20,"(10,50]",23,"[10,100)",7,"[5,30)",838,730+,1,1,31,364,0.0,0,1,18,256,3,4,0,0.0,0.0,0.0,0.0,0.0,0.0
9753,full_active,0,-124,1,1883,500+,352,"[100,1k)",306,250+,1189,730+,1,6,29,906,1.0,0,0,22,123,1,3,0,1.0,0.0,0.0,0.0,0.0,0.0
9756,middle_active,0,-124,1,301,"(250,500]",56,"[10,100)",31,"[30,60)",1618,730+,0,1,10,57,1.0,0,1,8,288,6,3,0,0.0,0.0,0.0,0.0,0.0,0.0
9757,full_active,0,-124,0,9,"(0,10]",9,"[1,10)",6,"[5,30)",1189,730+,1,4,31,746,0.0,0,0,13,361,1,3,0,0.0,1.0,0.0,0.0,0.0,0.0
9760,full_active,0,1,1,125,"(100,150]",1446,"[1k,5k)",118,"[60,120)",315,181-365,1,1,19,582,2.0,0,1,8,287,2,2,0,1.0,0.0,0.0,0.0,0.0,0.0
9761,full_active,0,-124,1,70,"(50,100]",194,"[100,1k)",67,"[60,120)",874,730+,1,5,19,594,1.0,0,1,18,325,3,0,0,0.0,0.0,0.0,0.0,0.0,0.0
9769,full_active,0,-124,0,249,"(150,250]",9,"[1,10)",5,"[5,30)",1742,730+,0,3,2,1160,4.0,0,0,22,412,5,2,2,0.0,0.0,0.0,0.0,0.0,0.0
9780,full_active,0,-124,0,63,"(50,100]",4,"[1,10)",1,"[1,5)",1606,730+,0,4,9,296,0.0,0,0,30,251,3,2,0,0.0,0.0,0.0,0.0,0.0,0.0
9794,full_active,0,-124,0,4,"(0,10]",0,0,0,0,292,181-365,1,4,22,371,1.0,0,1,8,287,2,0,0,1.0,0.0,1.0,0.0,0.0,0.0
9796,full_active,0,1,1,561,500+,463,"[100,1k)",295,250+,1941,730+,1,4,31,687,2.0,0,0,14,96,1,3,0,0.0,0.0,0.0,0.0,0.0,0.0
9799,full_active,0,-124,1,115,"(100,150]",120,"[100,1k)",44,"[30,60)",1652,730+,1,3,29,924,3.0,0,1,32,33,2,2,0,1.0,0.0,1.0,0.0,0.0,0.0
9809,middle_active,0,-124,1,52,"(50,100]",14,"[10,100)",5,"[5,30)",1716,730+,0,3,10,230,1.0,0,0,14,116,5,3,0,1.0,0.0,0.0,0.0,0.0,0.0
9811,full_active,0,-124,1,181,"(150,250]",11,"[10,100)",8,"[5,30)",833,730+,1,4,19,545,1.0,0,0,31,42,6,4,0,,,,,,
9819,middle_active,0,-124,1,20,"(10,50]",28,"[10,100)",13,"[5,30)",988,730+,1,2,29,906,1.0,0,0,30,406,1,3,0,1.0,0.0,0.0,0.0,0.0,0.0
9820,high_active,0,-124,1,61,"(50,100]",112,"[100,1k)",59,"[30,60)",589,366-730,1,1,29,964,1.0,0,1,0,437,6,3,0,1.0,0.0,0.0,0.0,0.0,0.0
9824,full_active,0,1,1,214,"(150,250]",31,"[10,100)",10,"[5,30)",2551,730+,1,3,2,1171,5.0,0,1,8,64,5,2,2,1.0,0.0,0.0,0.0,0.0,0.0
9832,full_active,0,-124,1,398,"(250,500]",38,"[10,100)",18,"[5,30)",1152,730+,1,2,19,656,2.0,0,1,20,348,4,4,0,1.0,0.0,1.0,0.0,0.0,0.0
9833,high_active,0,-124,0,78,"(50,100]",0,0,0,0,642,366-730,1,1,19,632,0.0,0,1,5,298,6,2,0,0.0,0.0,0.0,0.0,0.0,0.0
9838,full_active,0,-124,1,3,"(0,10]",98,"[10,100)",1,"[1,5)",2406,730+,0,3,2,1165,6.0,0,0,33,141,5,2,2,1.0,0.0,0.0,0.0,0.0,0.0
9840,high_active,0,-124,1,351,"(250,500]",21,"[10,100)",9,"[5,30)",1796,730+,0,4,2,1159,4.0,0,0,15,93,6,0,2,1.0,0.0,0.0,0.0,0.0,0.0
9844,high_active,0,-124,1,597,500+,4,"[1,10)",1,"[1,5)",1457,730+,1,1,31,754,1.0,0,1,10,76,3,4,0,1.0,0.0,0.0,0.0,0.0,0.0
9845,full_active,0,-124,1,134,"(100,150]",13,"[10,100)",1,"[1,5)",781,730+,0,4,19,628,1.0,0,1,43,232,3,3,0,1.0,0.0,1.0,0.0,0.0,0.0
9848,high_active,0,-124,1,75,"(50,100]",4,"[1,10)",3,"[1,5)",1007,730+,1,1,10,276,1.0,0,0,15,93,6,0,0,1.0,0.0,0.0,0.0,0.0,0.0
9865,middle_active,0,-124,1,336,"(250,500]",597,"[100,1k)",323,250+,1193,730+,0,2,2,1153,4.0,0,0,15,274,6,3,2,1.0,0.0,0.0,0.0,0.0,0.0
9866,full_active,0,-124,1,880,500+,10,"[10,100)",4,"[1,5)",2328,730+,0,3,2,1159,3.0,0,1,18,292,6,2,2,1.0,0.0,0.0,0.0,0.0,0.0
9869,high_active,0,-124,1,11,"(10,50]",28,"[10,100)",1,"[1,5)",1531,730+,1,6,24,815,3.0,0,0,33,141,5,2,0,1.0,1.0,0.0,0.0,0.0,0.0
9874,full_active,0,-124,0,506,500+,7,"[1,10)",0,0,1485,730+,1,6,31,739,2.0,0,1,8,287,2,2,0,1.0,0.0,0.0,0.0,0.0,0.0
9877,middle_active,0,-124,1,28,"(10,50]",88,"[10,100)",27,"[5,30)",1185,730+,0,1,29,890,0.0,0,1,34,345,1,4,0,0.0,0.0,0.0,0.0,0.0,0.0
9878,full_active,0,-124,1,36,"(10,50]",53,"[10,100)",5,"[5,30)",2069,730+,1,4,10,172,1.0,0,0,28,279,1,3,0,1.0,0.0,1.0,0.0,0.0,0.0
9887,full_active,0,-124,1,99,"(50,100]",82,"[10,100)",13,"[5,30)",2660,730+,1,3,19,606,1.0,0,0,24,416,1,3,0,1.0,0.0,0.0,0.0,0.0,0.0
9891,high_active,0,-124,1,390,"(250,500]",245,"[100,1k)",245,"[120,250)",169,91-180,1,1,19,582,2.0,0,0,15,214,6,0,0,0.0,0.0,0.0,0.0,0.0,0.0
9894,full_active,0,-124,0,40,"(10,50]",1,"[1,10)",0,0,716,366-730,0,3,10,177,2.0,0,1,0,102,5,2,0,0.0,0.0,0.0,0.0,0.0,0.0
9906,middle_active,0,-124,1,38,"(10,50]",82,"[10,100)",8,"[5,30)",790,730+,0,5,10,252,1.0,0,1,43,336,3,3,0,0.0,0.0,0.0,0.0,0.0,0.0
9910,high_active,0,1,1,614,500+,239,"[100,1k)",103,"[60,120)",1654,730+,1,2,29,977,3.0,0,0,15,118,6,3,0,1.0,0.0,0.0,0.0,0.0,0.0
9913,full_active,0,-124,1,233,"(150,250]",41,"[10,100)",6,"[5,30)",2563,730+,0,2,2,1169,8.0,0,0,31,432,4,2,2,1.0,0.0,0.0,0.0,0.0,0.0
9915,full_active,0,1,1,481,"(250,500]",617,"[100,1k)",168,"[120,250)",1663,730+,0,4,29,935,3.0,0,0,38,139,4,3,0,1.0,0.0,0.0,0.0,0.0,0.0
9916,full_active,0,-124,1,267,"(250,500]",420,"[100,1k)",254,250+,2272,730+,1,1,2,1160,4.0,0,0,24,357,3,3,2,1.0,0.0,0.0,0.0,0.0,0.0
9918,full_active,0,-124,1,20,"(10,50]",221,"[100,1k)",20,"[5,30)",304,181-365,0,2,2,1160,4.0,0,1,21,53,6,4,2,0.0,0.0,0.0,0.0,0.0,0.0
9920,high_active,0,-124,1,41,"(10,50]",3,"[1,10)",0,0,1279,730+,0,2,2,1171,5.0,0,0,15,69,6,2,2,1.0,0.0,0.0,0.0,0.0,0.0
9921,middle_active,0,-124,1,246,"(150,250]",246,"[100,1k)",209,"[120,250)",549,366-730,0,1,2,1175,2.0,0,0,33,227,3,3,2,0.0,0.0,0.0,0.0,0.0,0.0
9931,full_active,0,-124,1,936,500+,672,"[100,1k)",574,250+,1260,730+,1,5,19,525,0.0,0,0,14,116,5,2,0,,,,,,
9933,full_active,0,-124,1,98,"(50,100]",1576,"[1k,5k)",98,"[60,120)",737,730+,0,5,2,1168,7.0,0,0,15,274,6,2,2,1.0,0.0,0.0,0.0,0.0,0.0
9937,full_active,0,-124,0,39,"(10,50]",3,"[1,10)",0,0,1540,730+,1,6,49,1012,1.0,0,0,13,67,6,3,0,1.0,0.0,1.0,0.0,0.0,0.0
9950,full_active,0,-124,1,35,"(10,50]",9,"[1,10)",3,"[1,5)",2589,730+,0,2,2,1152,3.0,0,1,34,180,1,2,2,0.0,0.0,0.0,1.0,0.0,0.0
9952,high_active,0,-124,1,368,"(250,500]",27,"[10,100)",2,"[1,5)",866,730+,0,4,2,1169,8.0,0,0,31,275,5,0,2,1.0,0.0,0.0,0.0,0.0,0.0
9955,full_active,0,-124,0,44,"(10,50]",0,0,0,0,1504,730+,1,6,2,1152,3.0,0,0,33,134,3,2,2,1.0,0.0,0.0,0.0,0.0,0.0
9962,full_active,0,-124,1,116,"(100,150]",181,"[100,1k)",97,"[60,120)",268,181-365,0,3,9,478,2.0,0,0,28,311,1,2,0,0.0,0.0,0.0,0.0,0.0,0.0
9964,full_active,0,1,1,961,500+,983,"[100,1k)",858,250+,1740,730+,1,2,2,1159,3.0,0,1,9,243,6,2,2,1.0,0.0,0.0,0.0,0.0,0.0
9965,high_active,0,-124,1,217,"(150,250]",216,"[100,1k)",127,"[120,250)",1818,730+,1,2,2,1151,3.0,0,1,44,121,5,4,2,1.0,0.0,0.0,0.0,0.0,0.0
9972,full_active,0,1,1,816,500+,4459,"[1k,5k)",214,"[120,250)",1652,730+,1,4,10,499,4.0,0,0,30,251,3,4,0,1.0,0.0,0.0,0.0,0.0,0.0
9973,low_active,0,-124,0,5,"(0,10]",0,0,0,0,97,91-180,0,1,28,832,,0,1,20,218,5,0,0,1.0,0.0,0.0,0.0,0.0,0.0
9980,full_active,0,1,1,60,"(50,100]",75,"[10,100)",46,"[30,60)",2408,730+,0,3,29,935,3.0,0,0,19,396,3,2,0,1.0,0.0,0.0,0.0,0.0,0.0
9995,high_active,0,-124,1,897,500+,26,"[10,100)",12,"[5,30)",1404,730+,1,2,2,1159,3.0,0,1,0,160,3,3,2,1.0,0.0,0.0,0.0,1.0,0.0
10000,middle_active,0,-124,1,24,"(10,50]",4,"[1,10)",1,"[1,5)",1339,730+,1,4,10,474,6.0,0,1,5,146,6,2,0,1.0,0.0,0.0,0.0,0.0,0.0
10005,high_active,0,-124,1,786,500+,54,"[10,100)",38,"[30,60)",1697,730+,1,4,2,1159,3.0,0,0,31,42,6,0,2,1.0,0.0,0.0,0.0,0.0,0.0
10006,full_active,0,-124,1,38,"(10,50]",10,"[10,100)",3,"[1,5)",120,91-180,1,1,10,101,0.0,0,1,8,288,6,3,0,1.0,0.0,0.0,0.0,0.0,0.0
10011,middle_active,0,-124,1,61,"(50,100]",11,"[10,100)",8,"[5,30)",304,181-365,1,1,2,1153,5.0,0,1,8,181,2,0,2,1.0,0.0,0.0,0.0,0.0,0.0
10013,high_active,0,-124,1,88,"(50,100]",4,"[1,10)",1,"[1,5)",620,366-730,1,3,28,1147,,0,1,10,373,5,2,1,1.0,0.0,0.0,0.0,0.0,0.0
10017,full_active,0,-124,1,52,"(50,100]",16,"[10,100)",8,"[5,30)",1414,730+,0,2,10,127,2.0,0,0,31,275,5,3,0,1.0,0.0,0.0,0.0,0.0,0.0
10018,middle_active,0,-124,1,449,"(250,500]",158,"[100,1k)",123,"[120,250)",2212,730+,1,1,10,1039,1.0,0,1,2,399,4,4,0,0.0,0.0,0.0,0.0,0.0,0.0
10022,full_active,0,-124,0,802,500+,3,"[1,10)",2,"[1,5)",2429,730+,1,4,2,1160,4.0,0,1,17,253,4,2,2,1.0,0.0,0.0,0.0,0.0,0.0
10026,high_active,0,1,1,652,500+,916,"[100,1k)",644,250+,274,181-365,1,2,2,1165,6.0,0,1,44,238,4,2,2,1.0,0.0,0.0,0.0,0.0,0.0
10033,high_active,0,-124,0,129,"(100,150]",24,"[10,100)",12,"[5,30)",1069,730+,1,5,10,1037,0.0,0,0,7,77,5,2,0,1.0,0.0,1.0,0.0,0.0,0.0
10038,full_active,0,1,1,40,"(10,50]",72,"[10,100)",18,"[5,30)",1599,730+,1,4,29,947,1.0,0,0,13,267,6,2,0,1.0,0.0,0.0,0.0,1.0,0.0
10042,full_active,0,1,1,219,"(150,250]",771,"[100,1k)",48,"[30,60)",1931,730+,1,0,29,1340,1.0,0,0,13,392,6,3,0,0.0,0.0,0.0,0.0,0.0,0.0
10047,middle_active,0,-124,1,16,"(10,50]",10,"[10,100)",7,"[5,30)",512,366-730,1,1,29,964,1.0,0,1,43,226,1,0,0,0.0,0.0,0.0,0.0,0.0,0.0
10049,full_active,0,-124,1,2725,500+,872,"[100,1k)",761,250+,930,730+,0,6,10,765,2.0,0,0,31,299,6,2,0,1.0,0.0,0.0,0.0,0.0,0.0
10052,high_active,0,-124,0,94,"(50,100]",6,"[1,10)",2,"[1,5)",1274,730+,0,4,29,898,2.0,0,1,44,289,5,3,0,1.0,0.0,0.0,0.0,0.0,0.0
10053,middle_active,0,1,1,108,"(100,150]",269,"[100,1k)",108,"[60,120)",742,730+,1,2,2,1159,3.0,0,1,10,389,6,4,2,1.0,0.0,0.0,0.0,0.0,0.0
10054,full_active,0,-124,1,71,"(50,100]",105,"[100,1k)",62,"[60,120)",451,366-730,0,1,29,1368,0.0,0,1,43,211,1,3,0,0.0,0.0,0.0,0.0,0.0,0.0
10058,full_active,0,-124,1,281,"(250,500]",53,"[10,100)",28,"[5,30)",1584,730+,0,5,28,329,,0,0,26,408,6,3,0,1.0,0.0,0.0,0.0,0.0,0.0
10068,full_active,0,-124,0,1078,500+,11,"[10,100)",10,"[5,30)",2370,730+,1,4,10,477,8.0,0,0,33,141,5,2,0,1.0,0.0,0.0,0.0,1.0,0.0
10071,high_active,0,-124,0,29,"(10,50]",1,"[1,10)",0,0,451,366-730,1,4,19,614,2.0,0,1,44,238,4,0,0,1.0,1.0,0.0,0.0,0.0,0.0
10073,full_active,0,-124,1,602,500+,847,"[100,1k)",284,250+,1741,730+,0,5,10,666,1.0,0,0,24,264,4,3,0,1.0,0.0,0.0,0.0,0.0,0.0
10081,full_active,0,-124,1,7,"(0,10]",4,"[1,10)",0,0,45,31-60,0,4,10,215,1.0,0,0,13,333,6,2,0,1.0,1.0,0.0,0.0,0.0,0.0
10087,high_active,0,-124,0,23,"(10,50]",1,"[1,10)",0,0,736,730+,0,3,2,1177,2.0,0,0,13,333,6,2,2,0.0,0.0,0.0,0.0,0.0,0.0
10088,full_active,0,-124,1,479,"(250,500]",32,"[10,100)",21,"[5,30)",776,730+,1,1,31,376,1.0,0,0,15,274,6,2,0,1.0,0.0,0.0,0.0,0.0,0.0
10090,high_active,0,-124,1,660,500+,244,"[100,1k)",13,"[5,30)",2237,730+,0,0,2,1157,4.0,0,0,15,32,1,3,2,1.0,0.0,0.0,0.0,0.0,0.0
10097,full_active,0,-124,0,35,"(10,50]",3,"[1,10)",0,0,945,730+,0,5,2,1160,4.0,0,1,5,332,5,0,2,1.0,0.0,0.0,0.0,0.0,0.0
10111,high_active,0,-124,1,7,"(0,10]",15,"[10,100)",0,0,126,91-180,1,4,19,578,1.0,0,0,13,330,5,4,0,1.0,1.0,0.0,0.0,0.0,0.0
10128,full_active,0,1,1,261,"(250,500]",105,"[100,1k)",45,"[30,60)",2187,730+,0,4,28,68,,0,0,30,251,3,4,0,1.0,0.0,0.0,0.0,0.0,0.0
10134,middle_active,0,-124,1,1087,500+,245,"[100,1k)",236,"[120,250)",309,181-365,0,4,28,40,,0,0,33,228,1,3,0,0.0,0.0,0.0,0.0,0.0,0.0
10136,full_active,0,-124,1,350,"(250,500]",10,"[10,100)",3,"[1,5)",768,730+,0,1,31,24,1.0,0,0,14,116,5,0,0,1.0,0.0,0.0,0.0,0.0,0.0
10143,full_active,0,-124,1,94,"(50,100]",206,"[100,1k)",93,"[60,120)",587,366-730,0,1,19,625,2.0,0,1,18,256,3,3,0,1.0,0.0,0.0,0.0,0.0,0.0
10153,full_active,0,1,1,93,"(50,100]",13,"[10,100)",0,0,631,366-730,1,4,10,1025,3.0,0,1,44,121,5,4,0,1.0,0.0,0.0,0.0,0.0,0.0
10163,full_active,0,1,1,2697,500+,253,"[100,1k)",25,"[5,30)",1180,730+,1,4,10,137,1.0,0,1,8,209,6,2,0,1.0,0.0,1.0,0.0,0.0,0.0
10167,middle_active,0,-124,1,1,"(0,10]",3,"[1,10)",1,"[1,5)",18,15-30,1,5,2,1158,5.0,0,1,0,437,6,2,2,1.0,0.0,0.0,0.0,0.0,0.0
10171,full_active,0,-124,1,138,"(100,150]",30,"[10,100)",16,"[5,30)",738,730+,0,6,28,723,,0,0,14,116,5,0,0,0.0,0.0,0.0,0.0,0.0,0.0
10180,full_active,0,-124,1,2000,500+,78,"[10,100)",46,"[30,60)",1524,730+,0,6,19,514,0.0,0,0,19,396,3,3,0,,,,,,
10181,full_active,0,-124,0,41,"(10,50]",1,"[1,10)",1,"[1,5)",835,730+,1,4,19,595,1.0,0,0,38,139,4,2,0,0.0,0.0,0.0,0.0,0.0,0.0
10191,high_active,0,-124,1,152,"(150,250]",16,"[10,100)",8,"[5,30)",1634,730+,1,4,10,137,1.0,0,0,33,227,3,3,0,1.0,0.0,0.0,0.0,0.0,0.0
10193,full_active,0,-124,0,63,"(50,100]",29,"[10,100)",4,"[1,5)",775,730+,0,4,10,763,3.0,0,0,24,410,3,2,0,0.0,0.0,0.0,0.0,0.0,0.0
10202,full_active,0,-124,1,4077,500+,1451,"[1k,5k)",1267,250+,1523,730+,1,6,43,43,0.0,0,1,8,349,3,3,0,1.0,0.0,0.0,0.0,0.0,0.0
10208,high_active,0,-124,1,730,500+,26,"[10,100)",7,"[5,30)",2143,730+,1,4,10,841,1.0,0,0,15,438,3,3,0,1.0,0.0,0.0,0.0,0.0,1.0
10219,full_active,0,-124,1,184,"(150,250]",325,"[100,1k)",178,"[120,250)",1666,730+,0,2,28,210,,0,1,43,221,4,4,0,0.0,0.0,0.0,0.0,0.0,0.0
10220,full_active,0,-124,1,82,"(50,100]",7,"[1,10)",0,0,907,730+,1,2,2,1165,6.0,0,1,43,221,4,2,2,1.0,0.0,0.0,0.0,0.0,0.0
10233,full_active,0,-124,1,59,"(50,100]",69,"[10,100)",31,"[30,60)",1419,730+,1,4,29,1324,1.0,0,0,13,361,1,3,0,1.0,0.0,0.0,0.0,0.0,0.0
10238,high_active,0,-124,1,211,"(150,250]",1,"[1,10)",1,"[1,5)",1101,730+,1,1,33,956,2.0,0,1,21,34,6,4,0,1.0,0.0,0.0,0.0,0.0,0.0
10241,high_active,0,-124,1,22,"(10,50]",30,"[10,100)",12,"[5,30)",775,730+,1,1,29,924,3.0,0,0,31,343,3,3,0,0.0,0.0,0.0,0.0,0.0,0.0
10256,full_active,0,1,1,2182,500+,171,"[100,1k)",162,"[120,250)",265,181-365,0,2,2,1179,2.0,0,0,14,116,5,4,2,1.0,0.0,0.0,0.0,0.0,0.0
10258,full_active,0,-124,1,22,"(10,50]",70,"[10,100)",22,"[5,30)",1162,730+,0,3,2,1165,6.0,0,1,21,205,3,0,2,1.0,0.0,0.0,0.0,0.0,0.0
10260,full_active,0,-124,1,20,"(10,50]",80,"[10,100)",20,"[5,30)",1714,730+,0,2,19,583,1.0,0,0,33,234,1,2,0,1.0,0.0,0.0,0.0,0.0,0.0
10280,full_active,0,-124,0,344,"(250,500]",16,"[10,100)",4,"[1,5)",793,730+,1,6,19,594,1.0,0,0,22,186,3,2,0,1.0,0.0,0.0,0.0,0.0,0.0
10297,full_active,0,-124,1,109,"(100,150]",20,"[10,100)",13,"[5,30)",519,366-730,0,1,29,917,0.0,0,0,42,112,1,3,0,1.0,0.0,0.0,0.0,0.0,0.0
10303,full_active,0,-124,1,36,"(10,50]",94,"[10,100)",23,"[5,30)",1709,730+,0,2,10,855,1.0,0,1,10,450,3,2,0,1.0,0.0,0.0,0.0,0.0,0.0
10314,full_active,0,-124,1,16,"(10,50]",13,"[10,100)",0,0,763,730+,0,6,19,620,1.0,0,0,13,267,6,3,0,1.0,0.0,0.0,0.0,0.0,0.0
10318,full_active,0,-124,1,382,"(250,500]",167,"[100,1k)",165,"[120,250)",55,31-60,0,1,19,583,1.0,0,1,8,301,6,2,0,1.0,0.0,0.0,0.0,0.0,0.0
10319,full_active,0,-124,1,67,"(50,100]",174,"[100,1k)",65,"[60,120)",796,730+,1,1,2,1158,5.0,0,0,15,69,6,2,2,0.0,0.0,0.0,0.0,0.0,0.0
10324,full_active,0,-124,1,72,"(50,100]",231,"[100,1k)",71,"[60,120)",1027,730+,0,1,19,1258,1.0,0,1,43,211,1,3,0,0.0,0.0,1.0,0.0,0.0,0.0
10325,full_active,0,-124,0,337,"(250,500]",91,"[10,100)",79,"[60,120)",52,31-60,1,1,2,1139,2.0,0,1,0,437,6,2,1,0.0,0.0,0.0,0.0,0.0,0.0
10330,high_active,0,-124,1,86,"(50,100]",1,"[1,10)",1,"[1,5)",1433,730+,1,2,2,1152,3.0,0,0,31,220,3,2,2,0.0,0.0,0.0,0.0,1.0,0.0
10342,full_active,0,-124,1,34,"(10,50]",14,"[10,100)",3,"[1,5)",2381,730+,0,2,31,385,2.0,0,1,0,446,3,3,0,0.0,0.0,0.0,0.0,0.0,0.0
10346,full_active,0,-124,1,4986,500+,3391,"[1k,5k)",3012,250+,966,730+,1,5,29,951,3.0,0,0,15,304,1,2,0,1.0,0.0,1.0,0.0,0.0,0.0
10349,full_active,0,-124,1,105,"(100,150]",11,"[10,100)",1,"[1,5)",2126,730+,0,3,2,1169,8.0,0,1,8,64,5,2,2,1.0,0.0,0.0,0.0,0.0,0.0
10351,full_active,0,1,1,2,"(0,10]",607,"[100,1k)",2,"[1,5)",2630,730+,0,2,2,1165,6.0,0,0,15,306,3,2,2,1.0,0.0,0.0,0.0,0.0,0.0
10368,full_active,0,1,1,794,500+,359,"[100,1k)",24,"[5,30)",1974,730+,1,2,31,376,2.0,0,1,17,253,4,2,0,1.0,0.0,0.0,1.0,1.0,0.0
10369,full_active,0,1,1,5,"(0,10]",796,"[100,1k)",3,"[1,5)",2683,730+,1,2,2,1171,5.0,0,0,15,394,4,3,2,1.0,0.0,0.0,0.0,0.0,0.0
10371,full_active,0,-124,1,311,"(250,500]",3,"[1,10)",1,"[1,5)",1586,730+,1,2,10,230,1.0,0,1,20,348,4,2,0,0.0,0.0,0.0,1.0,0.0,0.0
10375,high_active,0,-124,1,280,"(250,500]",90,"[10,100)",46,"[30,60)",1974,730+,1,4,19,528,1.0,0,0,13,330,5,4,0,1.0,0.0,0.0,0.0,0.0,0.0
10385,full_active,0,-124,0,37,"(10,50]",2,"[1,10)",2,"[1,5)",984,730+,1,5,2,1174,2.0,0,0,24,206,1,3,2,1.0,0.0,0.0,0.0,0.0,0.0
10393,full_active,0,-124,1,240,"(150,250]",88,"[10,100)",54,"[30,60)",1542,730+,0,4,28,68,,0,0,31,343,3,0,0,1.0,0.0,0.0,0.0,0.0,0.0
10402,middle_active,0,1,1,351,"(250,500]",456,"[100,1k)",331,250+,1330,730+,0,2,2,1152,4.0,0,0,28,311,1,2,2,1.0,0.0,0.0,0.0,0.0,0.0
10403,full_active,0,-124,1,2829,500+,829,"[100,1k)",633,250+,856,730+,1,4,2,1173,1.0,0,1,9,372,1,2,2,1.0,0.0,0.0,0.0,0.0,0.0
10408,full_active,0,-124,1,27,"(10,50]",3,"[1,10)",2,"[1,5)",441,366-730,1,2,2,1156,5.0,0,0,42,331,1,3,2,1.0,0.0,1.0,1.0,0.0,0.0
10416,high_active,0,-124,1,412,"(250,500]",362,"[100,1k)",285,250+,1494,730+,1,4,2,1153,4.0,0,0,22,239,1,4,2,1.0,0.0,0.0,0.0,0.0,0.0
10419,full_active,0,1,1,846,500+,81,"[10,100)",75,"[60,120)",1749,730+,1,5,29,947,1.0,0,0,13,392,6,3,0,0.0,0.0,0.0,0.0,1.0,0.0
10433,high_active,0,1,1,21,"(10,50]",0,0,0,0,1664,730+,1,3,10,73,1.0,0,1,9,402,1,3,0,0.0,0.0,0.0,1.0,0.0,0.0
10453,full_active,0,-124,1,179,"(150,250]",24,"[10,100)",8,"[5,30)",2599,730+,0,3,2,1160,4.0,0,1,0,360,6,0,2,1.0,0.0,0.0,0.0,0.0,0.0
10454,high_active,0,-124,1,16,"(10,50]",6,"[1,10)",0,0,33,31-60,1,3,29,916,3.0,0,0,7,122,1,2,0,1.0,0.0,0.0,0.0,0.0,1.0
10458,high_active,0,-124,0,5,"(0,10]",0,0,0,0,108,91-180,1,2,2,1157,5.0,0,1,8,287,2,2,2,1.0,0.0,0.0,0.0,0.0,0.0
10462,full_active,0,1,1,80,"(50,100]",86,"[10,100)",19,"[5,30)",1841,730+,1,2,31,378,3.0,0,1,8,419,3,2,0,1.0,0.0,0.0,0.0,0.0,0.0
10463,full_active,0,1,1,1126,500+,270,"[100,1k)",153,"[120,250)",2198,730+,1,3,29,924,3.0,0,0,7,77,5,4,0,1.0,0.0,0.0,0.0,0.0,0.0
10467,full_active,0,1,1,1309,500+,70,"[10,100)",16,"[5,30)",2563,730+,1,3,2,1153,4.0,0,0,1,82,2,4,2,0.0,0.0,0.0,0.0,0.0,0.0
10470,full_active,0,-124,1,215,"(150,250]",8,"[1,10)",5,"[5,30)",643,366-730,1,5,19,510,1.0,0,0,26,38,1,4,0,0.0,0.0,1.0,0.0,0.0,0.0
10480,full_active,0,-124,1,14,"(10,50]",2,"[1,10)",0,0,99,91-180,1,1,29,908,1.0,0,1,34,201,4,2,0,0.0,0.0,0.0,0.0,0.0,0.0
10489,high_active,0,-124,1,147,"(100,150]",260,"[100,1k)",119,"[60,120)",1170,730+,0,1,19,516,0.0,0,1,34,52,3,4,0,0.0,0.0,0.0,0.0,0.0,0.0
10490,full_active,0,1,0,73,"(50,100]",25,"[10,100)",4,"[1,5)",1919,730+,0,5,9,1041,3.0,0,0,14,116,5,4,0,0.0,1.0,0.0,0.0,0.0,0.0
10505,full_active,0,1,1,399,"(250,500]",191,"[100,1k)",85,"[60,120)",550,366-730,0,3,2,1162,10.0,2,2,40,20,0,0,2,1.0,0.0,0.0,0.0,0.0,0.0
10506,full_active,0,-124,1,12,"(10,50]",221,"[100,1k)",3,"[1,5)",1640,730+,0,2,10,241,1.0,0,0,19,387,1,3,0,0.0,0.0,0.0,0.0,0.0,0.0
10520,high_active,0,-124,1,127,"(100,150]",71,"[10,100)",40,"[30,60)",1731,730+,1,5,19,567,0.0,0,0,19,48,1,3,0,1.0,0.0,0.0,0.0,0.0,0.0
10521,full_active,0,-124,1,32,"(10,50]",10,"[10,100)",4,"[1,5)",1857,730+,1,4,29,1369,2.0,0,1,20,191,5,3,0,1.0,1.0,1.0,0.0,0.0,0.0
10522,full_active,0,-124,1,433,"(250,500]",813,"[100,1k)",425,250+,1585,730+,0,3,2,1158,7.0,0,1,8,36,4,4,2,1.0,0.0,0.0,0.0,0.0,0.0
10523,full_active,0,-124,0,10,"(0,10]",0,0,0,0,219,181-365,1,2,19,620,1.0,0,1,8,181,2,0,0,0.0,0.0,0.0,0.0,0.0,0.0
10528,full_active,0,-124,1,843,500+,329,"[100,1k)",29,"[5,30)",2739,730+,1,2,2,1160,4.0,0,0,15,151,3,3,2,1.0,0.0,0.0,0.0,0.0,0.0
10529,full_active,0,-124,1,366,"(250,500]",124,"[100,1k)",113,"[60,120)",411,366-730,0,4,19,634,2.0,0,0,19,111,6,2,0,1.0,0.0,0.0,0.0,0.0,0.0
10537,full_active,0,-124,1,174,"(150,250]",12,"[10,100)",4,"[1,5)",647,366-730,0,4,29,953,2.0,0,0,13,390,3,4,0,1.0,0.0,0.0,0.0,0.0,0.0
10558,full_active,0,1,1,3700,500+,3873,"[1k,5k)",3658,250+,2015,730+,1,5,19,645,3.0,0,0,19,409,1,3,0,1.0,0.0,0.0,0.0,0.0,0.0
10566,high_active,0,-124,1,736,500+,1159,"[1k,5k)",735,250+,1043,730+,0,1,2,1153,4.0,0,1,21,103,3,3,2,1.0,0.0,0.0,0.0,0.0,0.0
10567,middle_active,0,-124,1,169,"(150,250]",70,"[10,100)",61,"[60,120)",275,181-365,0,1,29,964,1.0,0,0,15,371,3,3,0,1.0,0.0,0.0,0.0,0.0,0.0
10570,full_active,0,-124,1,588,500+,243,"[100,1k)",133,"[120,250)",1996,730+,1,2,2,1171,5.0,0,0,19,111,6,2,2,0.0,0.0,0.0,0.0,0.0,0.0
10577,full_active,0,-124,1,64,"(50,100]",100,"[100,1k)",57,"[30,60)",2424,730+,1,2,2,1160,4.0,0,1,12,29,6,4,2,1.0,0.0,0.0,0.0,0.0,0.0
10583,high_active,0,-124,0,292,"(250,500]",7,"[1,10)",1,"[1,5)",1073,730+,1,4,10,400,0.0,0,1,2,399,4,2,0,1.0,0.0,1.0,0.0,0.0,0.0
10584,full_active,0,-124,1,1064,500+,109,"[100,1k)",48,"[30,60)",1014,730+,0,4,19,582,2.0,0,1,8,344,6,3,0,1.0,0.0,0.0,0.0,0.0,0.0
10587,full_active,0,-124,1,2949,500+,671,"[100,1k)",670,250+,1968,730+,0,5,19,558,2.0,0,0,24,403,1,4,0,0.0,0.0,0.0,0.0,0.0,0.0
10595,full_active,0,-124,0,654,500+,14,"[10,100)",12,"[5,30)",1039,730+,1,3,19,582,2.0,0,0,31,276,6,3,0,1.0,0.0,0.0,0.0,0.0,0.0
10598,middle_active,0,1,1,562,500+,615,"[100,1k)",415,250+,218,181-365,1,1,48,695,1.0,0,1,43,136,3,3,0,0.0,0.0,0.0,0.0,0.0,0.0
10611,full_active,0,-124,1,91,"(50,100]",50,"[10,100)",26,"[5,30)",2685,730+,1,3,28,989,,0,1,8,36,4,4,0,0.0,0.0,0.0,1.0,1.0,0.0
10612,full_active,0,-124,0,2110,500+,3,"[1,10)",2,"[1,5)",2716,730+,1,3,10,271,3.0,0,1,44,238,4,2,0,1.0,0.0,0.0,0.0,0.0,0.0
10617,full_active,0,1,1,42,"(10,50]",38,"[10,100)",14,"[5,30)",1633,730+,1,3,10,765,2.0,0,0,7,427,1,4,0,1.0,0.0,0.0,0.0,0.0,0.0
10619,full_active,0,1,1,1,"(0,10]",1,"[1,10)",1,"[1,5)",1871,730+,0,2,19,596,2.0,0,0,28,278,1,4,0,1.0,0.0,0.0,0.0,0.0,0.0
10624,full_active,0,1,1,201,"(150,250]",1586,"[1k,5k)",49,"[30,60)",2099,730+,1,3,48,689,2.0,0,1,8,36,4,4,0,0.0,0.0,0.0,0.0,0.0,0.0
10635,full_active,0,1,1,97,"(50,100]",312,"[100,1k)",69,"[60,120)",1423,730+,1,3,19,594,1.0,0,0,14,339,3,4,0,0.0,0.0,0.0,0.0,0.0,0.0
10638,high_active,0,-124,1,38,"(10,50]",14,"[10,100)",10,"[5,30)",636,366-730,1,5,2,1152,4.0,0,0,14,96,1,2,2,1.0,0.0,0.0,0.0,0.0,0.0
10640,high_active,0,-124,1,206,"(150,250]",146,"[100,1k)",21,"[5,30)",473,366-730,1,0,19,569,1.0,0,1,43,336,3,3,0,1.0,0.0,0.0,0.0,0.0,0.0
10649,full_active,0,-124,0,101,"(100,150]",23,"[10,100)",11,"[5,30)",1479,730+,0,3,29,904,2.0,0,0,7,176,1,4,0,0.0,0.0,0.0,0.0,0.0,0.0
10660,full_active,0,-124,1,24,"(10,50]",229,"[100,1k)",24,"[5,30)",2494,730+,1,2,2,1160,4.0,0,0,15,394,4,2,2,1.0,0.0,0.0,0.0,0.0,0.0
10665,full_active,0,-124,1,961,500+,7,"[1,10)",5,"[5,30)",1009,730+,1,1,24,797,0.0,0,0,22,379,1,3,0,,,,,,
10666,full_active,0,-124,1,101,"(100,150]",9,"[1,10)",1,"[1,5)",960,730+,1,6,29,1297,1.0,0,0,26,408,6,2,0,1.0,0.0,0.0,0.0,0.0,0.0
10673,full_active,0,-124,1,546,500+,574,"[100,1k)",467,250+,784,730+,1,1,2,1153,5.0,0,1,18,196,3,3,2,0.0,0.0,0.0,0.0,0.0,0.0
10675,full_active,0,-124,1,239,"(150,250]",8,"[1,10)",6,"[5,30)",519,366-730,1,1,20,505,1.0,0,1,18,196,3,3,0,0.0,0.0,0.0,1.0,0.0,0.0
10679,high_active,0,1,1,2682,500+,1671,"[1k,5k)",1442,250+,1901,730+,1,2,29,906,1.0,0,1,44,400,5,2,0,1.0,0.0,0.0,0.0,0.0,0.0
10693,full_active,0,-124,1,2,"(0,10]",0,0,0,0,2156,730+,1,2,29,904,2.0,0,1,12,281,5,3,0,1.0,0.0,0.0,0.0,0.0,0.0
10702,full_active,0,1,1,100,"(50,100]",228,"[100,1k)",93,"[60,120)",1599,730+,1,2,2,1122,2.0,0,1,34,80,1,3,1,1.0,0.0,0.0,0.0,0.0,0.0
10713,high_active,0,-124,0,90,"(50,100]",11,"[10,100)",8,"[5,30)",1233,730+,0,4,2,1177,2.0,0,0,31,296,3,3,2,,,,,,
10714,middle_active,0,-124,1,29,"(10,50]",3,"[1,10)",0,0,449,366-730,1,4,19,578,1.0,0,0,42,125,1,3,0,1.0,0.0,1.0,0.0,0.0,0.0
10718,full_active,0,-124,0,34,"(10,50]",6,"[1,10)",5,"[5,30)",909,730+,0,4,10,1008,3.0,0,0,13,330,5,0,0,1.0,0.0,0.0,0.0,0.0,0.0
10727,full_active,0,1,1,195,"(150,250]",342,"[100,1k)",43,"[30,60)",2227,730+,1,2,2,1153,5.0,0,1,9,167,1,2,2,1.0,0.0,0.0,0.0,0.0,0.0
10730,full_active,0,-124,1,705,500+,788,"[100,1k)",657,250+,659,366-730,0,1,29,1299,1.0,0,0,31,42,6,3,0,1.0,0.0,0.0,0.0,0.0,0.0
10736,full_active,0,-124,1,304,"(250,500]",1159,"[1k,5k)",302,250+,1065,730+,0,1,2,1152,3.0,0,1,2,399,4,3,2,1.0,0.0,0.0,0.0,0.0,0.0
10742,full_active,0,-124,1,164,"(150,250]",10,"[10,100)",3,"[1,5)",1738,730+,1,3,2,1202,4.0,0,1,9,83,3,3,2,1.0,0.0,0.0,0.0,0.0,0.0
10746,middle_active,0,-124,0,22,"(10,50]",0,0,0,0,176,91-180,1,1,48,706,2.0,0,1,44,147,4,0,0,0.0,0.0,0.0,0.0,0.0,0.0
10751,full_active,0,1,1,62,"(50,100]",80,"[10,100)",36,"[30,60)",1709,730+,1,3,29,1304,3.0,0,0,33,107,1,3,0,0.0,0.0,0.0,0.0,0.0,0.0
10752,high_active,0,-124,1,81,"(50,100]",26,"[10,100)",14,"[5,30)",113,91-180,0,4,19,513,0.0,0,0,19,110,1,3,0,0.0,0.0,0.0,0.0,0.0,0.0
10756,full_active,0,-124,1,1803,500+,953,"[100,1k)",949,250+,885,730+,1,5,29,937,3.0,0,0,7,427,1,3,0,1.0,0.0,1.0,0.0,0.0,0.0
10765,high_active,0,-124,0,100,"(50,100]",3,"[1,10)",3,"[1,5)",756,730+,0,4,2,1159,3.0,0,0,15,151,3,0,2,1.0,0.0,0.0,0.0,0.0,0.0
10767,full_active,0,-124,1,531,500+,174,"[100,1k)",161,"[120,250)",1961,730+,0,4,29,889,2.0,0,0,31,42,6,3,0,1.0,0.0,0.0,0.0,0.0,0.0
10773,low_active,0,-124,0,63,"(50,100]",6,"[1,10)",1,"[1,5)",835,730+,0,4,2,1180,4.0,0,1,32,33,2,2,2,1.0,0.0,0.0,0.0,0.0,0.0
10774,high_active,0,-124,1,192,"(150,250]",58,"[10,100)",36,"[30,60)",2614,730+,0,2,2,1167,9.0,0,0,15,187,3,4,2,1.0,0.0,0.0,0.0,0.0,0.0
10783,full_active,0,-124,1,67,"(50,100]",21,"[10,100)",8,"[5,30)",1699,730+,1,4,29,904,2.0,0,0,19,111,6,3,0,1.0,0.0,0.0,0.0,0.0,0.0
10789,low_active,0,-124,1,43,"(10,50]",9,"[1,10)",1,"[1,5)",1738,730+,0,1,29,964,1.0,0,0,31,42,6,3,0,1.0,0.0,0.0,0.0,0.0,0.0
10791,high_active,0,-124,1,180,"(150,250]",71,"[10,100)",57,"[30,60)",1308,730+,1,5,19,558,2.0,0,0,24,264,4,3,0,0.0,0.0,0.0,0.0,0.0,0.0
10792,full_active,0,1,1,1693,500+,418,"[100,1k)",354,250+,1810,730+,1,4,19,578,1.0,0,1,34,201,4,2,0,1.0,0.0,0.0,0.0,0.0,0.0
10795,middle_active,0,-124,1,329,"(250,500]",12,"[10,100)",2,"[1,5)",942,730+,0,0,2,1171,5.0,0,1,20,272,6,3,2,1.0,0.0,0.0,0.0,0.0,0.0
10799,full_active,0,-124,1,62,"(50,100]",9144,"[5k,1w)",60,"[60,120)",697,366-730,0,6,2,1160,4.0,0,1,8,287,2,2,2,1.0,0.0,0.0,0.0,0.0,0.0
10800,full_active,0,1,1,5,"(0,10]",101,"[100,1k)",2,"[1,5)",1394,730+,1,5,10,852,4.0,0,0,26,108,1,2,0,1.0,0.0,0.0,0.0,0.0,0.0
10801,full_active,0,-124,0,46,"(10,50]",10,"[10,100)",0,0,568,366-730,0,5,10,177,2.0,0,0,1,82,2,2,0,1.0,0.0,0.0,0.0,0.0,0.0
10804,full_active,0,-124,1,692,500+,984,"[100,1k)",624,250+,1558,730+,0,1,2,1159,3.0,0,0,31,354,3,3,2,1.0,0.0,0.0,0.0,0.0,0.0
10805,high_active,0,-124,1,290,"(250,500]",6,"[1,10)",4,"[1,5)",836,730+,0,1,2,1176,2.0,0,1,8,314,5,2,2,0.0,0.0,0.0,0.0,0.0,0.0
10807,full_active,0,1,1,468,"(250,500]",138,"[100,1k)",88,"[60,120)",1920,730+,1,5,10,855,1.0,0,0,13,392,6,3,0,1.0,0.0,0.0,0.0,0.0,0.0
10808,full_active,0,-124,0,10,"(0,10]",0,0,0,0,55,31-60,1,2,2,1167,9.0,0,1,0,347,6,4,2,1.0,0.0,0.0,0.0,0.0,0.0
10809,high_active,0,-124,1,240,"(150,250]",55,"[10,100)",26,"[5,30)",313,181-365,1,5,29,891,1.0,0,0,28,367,3,3,0,0.0,0.0,0.0,0.0,0.0,0.0
10810,high_active,0,-124,0,75,"(50,100]",9,"[1,10)",8,"[5,30)",478,366-730,1,6,10,339,1.0,0,0,31,305,5,3,0,0.0,0.0,0.0,0.0,0.0,0.0
10815,full_active,0,-124,1,503,500+,30,"[10,100)",22,"[5,30)",1325,730+,0,5,19,655,1.0,0,0,42,223,1,0,0,1.0,1.0,1.0,0.0,0.0,0.0
10825,full_active,0,1,1,384,"(250,500]",488,"[100,1k)",158,"[120,250)",451,366-730,1,2,29,926,1.0,0,1,10,76,3,3,0,0.0,0.0,0.0,0.0,0.0,0.0
10829,full_active,0,-124,1,26,"(10,50]",4,"[1,10)",0,0,1340,730+,0,2,19,634,2.0,0,1,10,389,6,2,0,0.0,0.0,0.0,0.0,0.0,0.0
10831,high_active,0,-124,0,1,"(0,10]",0,0,0,0,25,15-30,0,2,29,951,3.0,0,1,17,253,4,0,0,1.0,0.0,0.0,0.0,0.0,0.0
10848,full_active,0,-124,1,102,"(100,150]",91,"[10,100)",20,"[5,30)",727,366-730,0,4,19,527,2.0,0,0,13,392,6,4,0,1.0,0.0,0.0,0.0,0.0,0.0
10849,full_active,0,1,1,1298,500+,929,"[100,1k)",892,250+,1421,730+,0,4,19,622,1.0,0,1,17,253,4,0,0,1.0,0.0,1.0,0.0,0.0,0.0
10851,high_active,0,1,1,52,"(50,100]",57,"[10,100)",18,"[5,30)",1912,730+,1,4,19,625,2.0,0,0,13,267,6,3,0,1.0,1.0,1.0,0.0,1.0,0.0
10854,full_active,0,-124,0,126,"(100,150]",5,"[1,10)",4,"[1,5)",835,730+,1,6,10,215,1.0,0,0,24,264,4,0,0,1.0,1.0,1.0,0.0,0.0,0.0
10855,full_active,0,1,1,116,"(100,150]",2487,"[1k,5k)",35,"[30,60)",381,366-730,1,2,2,1180,2.0,0,1,43,250,1,3,2,0.0,0.0,0.0,0.0,0.0,0.0
10877,full_active,0,1,1,281,"(250,500]",331,"[100,1k)",75,"[60,120)",1659,730+,1,2,30,948,2.0,0,1,43,221,4,3,0,1.0,0.0,0.0,0.0,0.0,0.0
10886,middle_active,0,-124,1,1322,500+,1858,"[1k,5k)",1302,250+,406,366-730,0,1,29,964,1.0,0,0,42,120,1,4,0,0.0,0.0,0.0,0.0,0.0,0.0
10890,2_14_day_new,0,1,1,10,"(0,10]",0,0,0,0,232,181-365,1,3,2,1160,4.0,0,1,8,287,2,2,2,1.0,0.0,0.0,0.0,0.0,0.0
10901,high_active,0,-124,1,383,"(250,500]",292,"[100,1k)",173,"[120,250)",305,181-365,0,0,28,265,,0,1,20,174,5,3,0,0.0,0.0,0.0,0.0,0.0,0.0
10907,full_active,0,-124,1,151,"(150,250]",152,"[100,1k)",148,"[120,250)",809,730+,1,1,29,920,1.0,0,0,31,42,6,2,0,0.0,0.0,0.0,0.0,0.0,0.0
10909,full_active,0,1,1,131,"(100,150]",199,"[100,1k)",49,"[30,60)",800,730+,1,4,9,136,1.0,0,0,31,296,3,3,0,1.0,0.0,0.0,0.0,0.0,0.0
10911,full_active,0,1,1,440,"(250,500]",791,"[100,1k)",236,"[120,250)",1667,730+,0,3,2,1171,5.0,0,0,13,390,3,4,2,1.0,0.0,0.0,0.0,0.0,0.0
10926,full_active,0,-124,0,46,"(10,50]",0,0,0,0,182,181-365,1,4,2,1182,2.0,3,2,23,217,0,0,2,,,,,,
10945,full_active,0,-124,1,936,500+,650,"[100,1k)",583,250+,1686,730+,1,5,10,1025,3.0,0,0,13,117,6,3,0,1.0,0.0,0.0,0.0,0.0,0.0
10955,full_active,0,-124,1,688,500+,62,"[10,100)",58,"[30,60)",1015,730+,0,4,29,951,3.0,0,0,19,81,6,2,0,1.0,0.0,0.0,0.0,0.0,0.0
10957,2_14_day_new,0,-124,1,122,"(100,150]",2,"[1,10)",0,0,947,730+,1,5,28,340,,0,1,32,33,2,4,0,1.0,0.0,0.0,0.0,0.0,0.0
10959,full_active,0,1,1,1075,500+,1165,"[1k,5k)",611,250+,1607,730+,1,5,29,906,1.0,0,0,26,408,6,4,0,0.0,0.0,1.0,0.0,0.0,0.0
10968,full_active,0,1,1,235,"(150,250]",72,"[10,100)",62,"[60,120)",751,730+,1,1,29,885,1.0,0,1,44,363,3,3,0,0.0,0.0,0.0,0.0,0.0,0.0
10974,high_active,0,1,1,4129,500+,54,"[10,100)",26,"[5,30)",2135,730+,1,2,10,666,1.0,0,0,24,137,5,3,0,0.0,0.0,0.0,0.0,1.0,0.0
10998,full_active,0,1,1,568,500+,62,"[10,100)",37,"[30,60)",455,366-730,0,4,19,620,1.0,0,0,33,195,1,3,0,0.0,0.0,0.0,0.0,0.0,0.0
11007,middle_active,0,-124,1,330,"(250,500]",13,"[10,100)",7,"[5,30)",1683,730+,1,5,9,296,0.0,0,0,38,139,4,0,0,1.0,1.0,0.0,0.0,0.0,1.0
11013,middle_active,0,-124,1,1078,500+,472,"[100,1k)",469,250+,75,61-90,1,4,19,606,1.0,0,1,43,197,1,3,0,1.0,1.0,0.0,0.0,0.0,0.0
11019,full_active,0,-124,1,68,"(50,100]",24,"[10,100)",5,"[5,30)",2437,730+,0,2,19,656,2.0,0,1,43,221,4,2,0,1.0,0.0,0.0,0.0,0.0,0.0
11024,full_active,0,-124,1,3346,500+,4080,"[1k,5k)",2406,250+,670,366-730,0,3,19,527,2.0,0,1,8,287,2,2,0,1.0,0.0,0.0,0.0,0.0,0.0
11037,full_active,0,1,1,319,"(250,500]",160,"[100,1k)",48,"[30,60)",1959,730+,1,3,2,1202,4.0,0,1,20,348,4,4,2,1.0,0.0,0.0,0.0,0.0,0.0
11041,full_active,0,-124,0,32,"(10,50]",6,"[1,10)",0,0,321,181-365,1,4,19,634,2.0,0,1,17,140,1,0,0,1.0,0.0,1.0,0.0,0.0,0.0
11046,full_active,0,-124,1,277,"(250,500]",207,"[100,1k)",174,"[120,250)",1584,730+,1,3,9,478,2.0,0,0,7,323,1,4,0,0.0,0.0,0.0,0.0,0.0,0.0
11050,full_active,0,-124,0,73,"(50,100]",16,"[10,100)",0,0,1422,730+,1,5,31,731,0.0,0,0,24,357,3,3,0,0.0,1.0,0.0,0.0,0.0,0.0
11053,middle_active,0,-124,1,1589,500+,33,"[10,100)",2,"[1,5)",891,730+,0,2,10,287,1.0,0,0,13,117,6,0,0,,,,,,
11063,full_active,0,-124,1,94,"(50,100]",1806,"[1k,5k)",85,"[60,120)",1109,730+,0,5,29,920,1.0,0,0,24,327,3,0,0,1.0,0.0,0.0,0.0,0.0,0.0
11065,high_active,0,-124,0,53,"(50,100]",2,"[1,10)",1,"[1,5)",260,181-365,1,1,29,880,1.0,0,1,10,373,5,2,0,1.0,0.0,0.0,0.0,0.0,0.0
11074,full_active,0,1,1,24,"(10,50]",101,"[100,1k)",16,"[5,30)",1593,730+,0,5,19,571,1.0,0,0,33,41,3,0,0,1.0,0.0,0.0,0.0,0.0,0.0
11078,full_active,0,-124,1,467,"(250,500]",131,"[100,1k)",95,"[60,120)",1583,730+,1,4,19,625,2.0,0,0,13,330,5,4,0,1.0,0.0,0.0,0.0,0.0,0.0
11080,full_active,0,-124,0,30,"(10,50]",0,0,0,0,195,181-365,1,4,9,136,1.0,0,1,10,389,6,2,0,0.0,0.0,0.0,0.0,0.0,0.0
11081,full_active,0,-124,1,286,"(250,500]",22,"[10,100)",14,"[5,30)",1251,730+,0,1,19,513,0.0,0,0,31,242,3,2,0,1.0,0.0,0.0,0.0,0.0,0.0
11089,high_active,0,1,1,142,"(100,150]",178,"[100,1k)",133,"[120,250)",532,366-730,1,2,10,172,1.0,0,1,43,47,3,2,0,1.0,0.0,0.0,0.0,0.0,0.0
11094,middle_active,0,-124,1,1,"(0,10]",0,0,0,0,2630,730+,1,2,2,1168,7.0,0,1,32,33,2,2,2,1.0,0.0,0.0,0.0,0.0,0.0
11097,full_active,0,-124,1,889,500+,156,"[100,1k)",134,"[120,250)",494,366-730,1,5,2,1165,6.0,2,2,59,233,0,0,2,1.0,0.0,1.0,0.0,0.0,0.0
11098,high_active,0,-124,0,216,"(150,250]",7,"[1,10)",2,"[1,5)",990,730+,0,4,29,1302,1.0,0,1,9,310,3,3,0,1.0,0.0,0.0,0.0,0.0,0.0
11101,high_active,0,-124,1,80,"(50,100]",3,"[1,10)",2,"[1,5)",135,91-180,0,0,19,620,1.0,0,1,18,175,3,2,0,1.0,0.0,1.0,0.0,0.0,0.0
11118,2_14_day_new,0,-124,0,16,"(10,50]",0,0,0,0,35,31-60,1,1,19,513,0.0,0,0,15,438,3,3,0,0.0,0.0,0.0,0.0,0.0,0.0
11122,full_active,0,1,1,13,"(10,50]",676,"[100,1k)",2,"[1,5)",1357,730+,0,3,2,1169,8.0,0,1,17,113,3,2,2,1.0,0.0,0.0,0.0,0.0,0.0
11123,high_active,0,-124,1,39,"(10,50]",2,"[1,10)",1,"[1,5)",1723,730+,1,4,10,1022,1.0,0,0,1,82,2,3,0,0.0,0.0,1.0,0.0,0.0,0.0
11126,full_active,0,-124,0,1,"(0,10]",0,0,0,0,1466,730+,1,4,31,375,3.0,0,1,0,263,1,3,0,0.0,0.0,0.0,1.0,0.0,1.0
11130,full_active,0,-124,0,21,"(10,50]",7,"[1,10)",4,"[1,5)",431,366-730,0,5,10,111,,0,0,31,20,0,0,0,0.0,0.0,0.0,0.0,0.0,0.0
11134,full_active,0,1,1,22,"(10,50]",65,"[10,100)",12,"[5,30)",2505,730+,1,3,29,926,1.0,0,1,8,36,4,4,0,1.0,0.0,0.0,0.0,0.0,0.0
11137,high_active,0,1,1,36,"(10,50]",29,"[10,100)",11,"[5,30)",886,730+,1,3,19,573,1.0,0,0,42,120,1,2,0,1.0,0.0,0.0,0.0,0.0,0.0
11138,full_active,0,1,1,844,500+,202,"[100,1k)",139,"[120,250)",1406,730+,1,2,29,950,1.0,0,0,24,359,1,3,0,0.0,0.0,0.0,0.0,0.0,0.0
11144,full_active,0,-124,1,131,"(100,150]",323,"[100,1k)",112,"[60,120)",2541,730+,1,1,10,854,1.0,0,0,1,82,2,3,0,1.0,0.0,0.0,0.0,0.0,0.0
11146,high_active,0,1,1,697,500+,45,"[10,100)",15,"[5,30)",1614,730+,1,4,29,936,1.0,0,0,30,185,1,3,0,0.0,0.0,0.0,0.0,0.0,0.0
11153,high_active,0,-124,1,14,"(10,50]",108,"[100,1k)",6,"[5,30)",1905,730+,0,2,10,854,1.0,0,1,34,194,3,2,0,1.0,0.0,0.0,0.0,0.0,0.0
11154,full_active,0,-124,1,4490,500+,2165,"[1k,5k)",2147,250+,1648,730+,1,4,2,1152,3.0,0,0,1,82,2,3,2,1.0,0.0,1.0,0.0,0.0,0.0
11156,full_active,0,-124,1,763,500+,29,"[10,100)",19,"[5,30)",680,366-730,1,3,29,1320,1.0,0,1,10,254,3,3,0,0.0,0.0,0.0,0.0,0.0,0.0
11159,middle_active,0,1,1,692,500+,229,"[100,1k)",199,"[120,250)",2338,730+,1,3,10,272,3.0,0,0,26,408,6,3,0,0.0,0.0,0.0,0.0,0.0,0.0
11160,high_active,0,-124,0,17,"(10,50]",1,"[1,10)",1,"[1,5)",100,91-180,0,4,19,641,1.0,0,1,18,413,4,0,0,1.0,0.0,0.0,0.0,0.0,0.0
11166,full_active,0,-124,1,644,500+,133,"[100,1k)",97,"[60,120)",1542,730+,1,1,19,583,1.0,0,0,31,283,6,3,2,0.0,0.0,0.0,0.0,0.0,0.0
11173,full_active,0,-124,1,630,500+,628,"[100,1k)",405,250+,1526,730+,1,2,10,230,1.0,0,0,13,117,6,0,0,1.0,0.0,0.0,0.0,0.0,0.0
11176,full_active,0,-124,1,56,"(50,100]",27,"[10,100)",4,"[1,5)",1795,730+,0,4,2,1165,6.0,0,0,19,378,3,0,2,1.0,0.0,0.0,0.0,0.0,0.0
11186,high_active,0,-124,1,16,"(10,50]",5,"[1,10)",2,"[1,5)",889,730+,1,5,10,320,6.0,0,1,44,289,5,3,0,1.0,1.0,0.0,0.0,0.0,0.0
11189,full_active,0,1,1,182,"(150,250]",282,"[100,1k)",177,"[120,250)",2179,730+,1,2,2,1158,5.0,0,1,10,76,3,2,2,1.0,0.0,0.0,0.0,0.0,0.0
11194,full_active,0,-124,1,13,"(10,50]",0,0,0,0,945,730+,1,5,29,926,1.0,0,0,15,118,6,2,0,1.0,0.0,0.0,0.0,0.0,0.0
11202,high_active,0,-124,0,97,"(50,100]",2,"[1,10)",1,"[1,5)",1383,730+,1,3,29,958,1.0,0,1,20,174,5,0,0,1.0,0.0,0.0,0.0,0.0,0.0
11210,high_active,0,-124,1,132,"(100,150]",107,"[100,1k)",49,"[30,60)",2642,730+,1,4,29,942,2.0,0,0,13,330,5,4,0,0.0,0.0,0.0,0.0,0.0,0.0
11212,high_active,0,-124,1,96,"(50,100]",4,"[1,10)",0,0,50,31-60,1,0,29,1296,1.0,0,1,8,344,6,3,0,0.0,0.0,0.0,0.0,0.0,0.0
11214,full_active,0,-124,1,154,"(150,250]",255,"[100,1k)",17,"[5,30)",1188,730+,1,2,22,372,2.0,0,0,31,354,3,3,0,1.0,0.0,0.0,0.0,0.0,0.0
11218,full_active,0,-124,1,140,"(100,150]",126,"[100,1k)",40,"[30,60)",1768,730+,0,4,19,578,1.0,0,0,30,368,4,2,0,1.0,0.0,0.0,0.0,0.0,0.0
11220,full_active,0,-124,1,842,500+,500,"[100,1k)",374,250+,1973,730+,1,5,10,844,1.0,0,0,19,387,1,3,0,0.0,0.0,1.0,0.0,0.0,0.0
11221,full_active,0,-124,1,549,500+,21,"[10,100)",21,"[5,30)",1649,730+,0,3,29,882,1.0,0,1,0,284,1,3,0,1.0,0.0,0.0,0.0,0.0,0.0
11224,full_active,0,1,1,0,0,970,"[100,1k)",0,0,1874,730+,0,2,2,1160,4.0,0,1,34,388,1,3,2,1.0,0.0,0.0,0.0,0.0,0.0
11226,full_active,0,1,1,53,"(50,100]",73,"[10,100)",9,"[5,30)",1720,730+,0,3,2,1152,3.0,0,1,20,92,5,2,2,0.0,0.0,0.0,0.0,0.0,0.0
11227,full_active,0,1,1,1046,500+,179,"[100,1k)",42,"[30,60)",2497,730+,1,4,31,741,1.0,0,0,24,137,5,3,0,1.0,0.0,0.0,0.0,0.0,0.0
11238,low_active,0,-124,1,71,"(50,100]",76,"[10,100)",59,"[30,60)",370,366-730,1,1,2,1179,2.0,0,0,42,131,1,3,2,0.0,0.0,0.0,0.0,0.0,0.0
11244,full_active,0,-124,1,1998,500+,841,"[100,1k)",640,250+,176,91-180,1,1,9,296,0.0,0,1,43,43,1,0,0,1.0,0.0,0.0,0.0,0.0,0.0
11246,full_active,0,-124,1,1424,500+,669,"[100,1k)",421,250+,1283,730+,1,5,31,741,1.0,0,0,14,116,5,2,0,0.0,0.0,0.0,0.0,0.0,0.0
11249,full_active,0,1,1,2138,500+,614,"[100,1k)",611,250+,1809,730+,1,3,29,920,1.0,0,0,13,361,1,3,0,1.0,0.0,0.0,0.0,0.0,0.0
11259,high_active,0,-124,1,73,"(50,100]",416,"[100,1k)",72,"[60,120)",1142,730+,0,1,2,1153,5.0,0,1,5,352,6,3,2,1.0,0.0,0.0,0.0,0.0,0.0
11260,high_active,0,1,1,30,"(10,50]",15119,"[1w,10w)",0,0,1659,730+,1,2,28,387,,0,0,33,41,3,3,0,1.0,0.0,0.0,0.0,0.0,0.0
11268,full_active,0,-124,0,30,"(10,50]",3,"[1,10)",0,0,681,366-730,1,4,2,1177,2.0,0,1,8,287,2,0,2,1.0,0.0,1.0,0.0,0.0,0.0
11270,low_active,0,-124,0,95,"(50,100]",1,"[1,10)",1,"[1,5)",161,91-180,0,6,2,1139,2.0,0,1,21,34,6,3,1,1.0,0.0,0.0,0.0,0.0,0.0
11274,full_active,0,-124,1,131,"(100,150]",123,"[100,1k)",71,"[60,120)",276,181-365,0,4,29,977,2.0,0,1,43,136,3,3,0,1.0,0.0,0.0,0.0,0.0,0.0
11275,full_active,0,1,1,492,"(250,500]",1354,"[1k,5k)",206,"[120,250)",1235,730+,1,5,29,909,1.0,0,0,7,182,1,3,0,1.0,0.0,0.0,0.0,0.0,0.0
11276,full_active,0,-124,1,219,"(150,250]",132,"[100,1k)",81,"[60,120)",1585,730+,1,5,31,386,1.0,0,0,7,77,5,3,0,1.0,0.0,0.0,0.0,0.0,0.0
11288,low_active,0,1,1,581,500+,178,"[100,1k)",100,"[60,120)",1744,730+,1,2,19,578,1.0,0,1,43,336,3,3,0,1.0,0.0,0.0,0.0,0.0,0.0
11296,full_active,0,-124,0,68,"(50,100]",4,"[1,10)",1,"[1,5)",151,91-180,1,4,10,103,0.0,0,0,22,412,5,2,0,1.0,0.0,0.0,0.0,0.0,0.0
11298,high_active,0,-124,1,221,"(150,250]",37,"[10,100)",25,"[5,30)",434,366-730,1,4,19,622,1.0,0,1,9,324,3,3,0,1.0,0.0,1.0,0.0,0.0,0.0
11306,full_active,0,1,1,390,"(250,500]",663,"[100,1k)",386,250+,1652,730+,1,2,2,1165,6.0,0,0,31,37,3,4,2,1.0,0.0,0.0,0.0,0.0,0.0
11310,middle_active,0,-124,0,35,"(10,50]",5,"[1,10)",3,"[1,5)",1347,730+,0,1,31,365,1.0,0,1,5,31,6,0,0,1.0,0.0,0.0,0.0,0.0,0.0
11312,full_active,0,-124,1,1789,500+,69,"[10,100)",26,"[5,30)",1822,730+,0,4,19,578,1.0,0,0,13,188,3,3,0,1.0,0.0,0.0,0.0,0.0,0.0
11316,high_active,0,-124,1,41,"(10,50]",3709,"[1k,5k)",7,"[5,30)",1157,730+,0,2,19,594,1.0,0,1,20,174,5,0,0,0.0,0.0,0.0,0.0,0.0,0.0
11323,full_active,0,1,1,41,"(10,50]",111,"[100,1k)",8,"[5,30)",1705,730+,0,4,29,1301,1.0,0,0,26,108,1,3,0,0.0,0.0,0.0,0.0,0.0,0.0
11326,high_active,0,-124,1,646,500+,231,"[100,1k)",230,"[120,250)",51,31-60,1,1,29,1332,0.0,0,1,10,449,3,3,0,,,,,,
11330,full_active,0,1,1,141,"(100,150]",198,"[100,1k)",76,"[60,120)",1712,730+,1,2,2,1159,3.0,0,1,8,181,2,2,2,1.0,0.0,0.0,1.0,1.0,0.0
11335,full_active,0,-124,1,44,"(10,50]",12,"[10,100)",8,"[5,30)",2374,730+,1,3,29,919,1.0,0,0,13,330,5,4,0,1.0,0.0,0.0,0.0,0.0,0.0
11344,high_active,0,1,1,1759,500+,1667,"[1k,5k)",636,250+,1613,730+,0,5,29,924,3.0,0,1,34,430,1,2,0,1.0,1.0,1.0,0.0,0.0,1.0
11351,full_active,0,-124,0,1,"(0,10]",29,"[10,100)",0,0,1734,730+,0,4,10,765,2.0,0,0,13,267,6,2,0,1.0,0.0,0.0,0.0,0.0,0.0
11355,high_active,0,-124,0,104,"(100,150]",2,"[1,10)",0,0,1108,730+,0,5,2,1165,6.0,0,0,31,37,3,0,2,1.0,0.0,0.0,0.0,0.0,0.0
11356,high_active,0,-124,1,4,"(0,10]",3,"[1,10)",1,"[1,5)",752,730+,0,0,29,1320,1.0,0,0,15,118,6,3,0,1.0,0.0,0.0,0.0,0.0,0.0
11363,middle_active,0,-124,0,1,"(0,10]",0,0,0,0,28,15-30,0,1,29,955,3.0,0,1,18,393,3,0,0,1.0,1.0,1.0,0.0,0.0,0.0
11370,high_active,0,-124,0,8,"(0,10]",0,0,0,0,288,181-365,1,1,2,1220,2.0,0,1,12,29,6,2,2,0.0,0.0,0.0,0.0,0.0,0.0
11371,full_active,0,1,1,188,"(150,250]",209,"[100,1k)",104,"[60,120)",2291,730+,1,2,2,1162,8.0,0,0,13,267,6,3,2,1.0,0.0,0.0,0.0,0.0,0.0
11372,full_active,0,-124,1,121,"(100,150]",506,"[100,1k)",91,"[60,120)",131,91-180,0,6,8,237,0.0,0,0,14,339,3,4,0,0.0,0.0,1.0,0.0,0.0,0.0
11373,full_active,0,-124,1,11,"(10,50]",9,"[1,10)",1,"[1,5)",2240,730+,1,3,10,604,2.0,0,1,34,201,4,2,0,1.0,0.0,0.0,1.0,1.0,0.0
11376,high_active,0,-124,1,713,500+,17,"[10,100)",16,"[5,30)",872,730+,0,2,10,865,0.0,0,1,8,181,2,3,0,1.0,0.0,0.0,0.0,0.0,0.0
11377,full_active,0,-124,1,137,"(100,150]",44,"[10,100)",26,"[5,30)",821,730+,1,4,10,765,2.0,0,0,7,401,1,0,0,1.0,0.0,0.0,0.0,0.0,0.0
11379,full_active,0,-124,1,188,"(150,250]",205,"[100,1k)",104,"[60,120)",698,366-730,1,5,29,906,1.0,0,0,14,135,6,4,0,0.0,0.0,0.0,0.0,0.0,0.0
11382,full_active,0,1,1,130,"(100,150]",241,"[100,1k)",6,"[5,30)",2130,730+,0,4,2,1166,9.0,0,0,42,50,6,2,2,1.0,0.0,0.0,0.0,0.0,0.0
11383,middle_active,0,-124,1,66,"(50,100]",10,"[10,100)",0,0,285,181-365,0,1,10,127,2.0,0,0,19,396,3,0,0,0.0,0.0,0.0,0.0,0.0,0.0
11385,high_active,0,-124,0,655,500+,16,"[10,100)",5,"[5,30)",1217,730+,1,4,24,789,1.0,0,0,33,141,5,2,0,,,,,,
11387,high_active,0,-124,1,464,"(250,500]",4,"[1,10)",1,"[1,5)",2537,730+,1,3,10,61,1.0,0,1,8,314,5,2,0,1.0,0.0,0.0,0.0,0.0,0.0
11388,full_active,0,1,1,23,"(10,50]",26,"[10,100)",4,"[1,5)",1065,730+,0,4,19,615,2.0,0,0,15,304,1,2,0,1.0,0.0,0.0,0.0,0.0,0.0
11398,full_active,0,-124,1,22,"(10,50]",10,"[10,100)",1,"[1,5)",722,366-730,1,4,10,127,2.0,0,1,8,181,2,3,0,1.0,1.0,0.0,0.0,0.0,0.0
11401,full_active,0,-124,1,252,"(250,500]",47,"[10,100)",18,"[5,30)",1515,730+,0,3,48,692,1.0,0,1,43,47,3,0,0,1.0,0.0,1.0,0.0,0.0,0.0
11410,high_active,0,-124,0,1102,500+,2,"[1,10)",1,"[1,5)",1037,730+,0,1,19,535,1.0,0,1,20,272,6,3,0,1.0,0.0,0.0,0.0,0.0,0.0
11411,full_active,0,-124,1,372,"(250,500]",115,"[100,1k)",115,"[60,120)",726,366-730,0,4,19,571,1.0,0,1,0,295,6,3,0,0.0,0.0,0.0,0.0,0.0,0.0
11413,full_active,0,-124,1,113,"(100,150]",51,"[10,100)",10,"[5,30)",1667,730+,0,1,2,1179,2.0,0,1,20,174,5,0,2,1.0,0.0,0.0,0.0,0.0,0.0
11426,high_active,0,-124,1,168,"(150,250]",55,"[10,100)",37,"[30,60)",2542,730+,0,2,19,590,1.0,0,0,15,304,1,0,0,1.0,0.0,0.0,0.0,0.0,0.0
11429,full_active,0,-124,1,124,"(100,150]",7,"[1,10)",4,"[1,5)",1598,730+,1,5,19,640,1.0,0,0,38,139,4,3,0,1.0,0.0,0.0,0.0,0.0,0.0
11443,full_active,0,-124,1,335,"(250,500]",584,"[100,1k)",334,250+,1436,730+,0,1,10,663,0.0,0,1,34,86,3,3,0,1.0,0.0,0.0,0.0,0.0,0.0
11444,high_active,0,-124,1,31,"(10,50]",4,"[1,10)",1,"[1,5)",1058,730+,1,4,10,174,3.0,0,1,43,221,4,2,0,1.0,0.0,1.0,0.0,0.0,0.0
11451,full_active,0,-124,1,1116,500+,269,"[100,1k)",231,"[120,250)",947,730+,1,2,19,620,1.0,0,0,15,109,3,3,0,0.0,0.0,0.0,0.0,0.0,0.0
11457,high_active,0,-124,0,86,"(50,100]",0,0,0,0,903,730+,1,0,19,1232,0.0,0,1,0,160,3,4,0,1.0,0.0,0.0,0.0,0.0,0.0
11462,high_active,0,-124,1,127,"(100,150]",4,"[1,10)",3,"[1,5)",230,181-365,1,2,19,569,1.0,0,0,7,252,1,2,0,1.0,0.0,0.0,0.0,0.0,0.0
11465,full_active,0,-124,1,137,"(100,150]",25,"[10,100)",8,"[5,30)",1402,730+,1,6,10,143,1.0,0,0,7,252,1,4,0,1.0,0.0,1.0,0.0,0.0,0.0
11470,high_active,0,-124,1,2544,500+,87,"[10,100)",42,"[30,60)",1567,730+,1,4,19,578,1.0,0,0,22,123,1,3,0,0.0,1.0,0.0,0.0,0.0,0.0
11473,high_active,0,-124,0,52,"(50,100]",9,"[1,10)",5,"[5,30)",1238,730+,0,4,29,920,1.0,0,1,0,58,1,0,0,1.0,0.0,1.0,0.0,0.0,0.0
11483,full_active,0,-124,0,44,"(10,50]",4,"[1,10)",3,"[1,5)",417,366-730,1,0,29,1320,1.0,0,0,31,42,6,0,0,0.0,0.0,0.0,0.0,0.0,0.0
11493,full_active,0,-124,0,1032,500+,147,"[100,1k)",147,"[120,250)",891,730+,1,2,19,634,2.0,0,1,21,443,3,2,0,0.0,0.0,0.0,0.0,0.0,0.0
11495,full_active,0,-124,1,268,"(250,500]",9,"[1,10)",4,"[1,5)",2733,730+,1,2,19,599,2.0,0,0,31,276,6,3,0,0.0,0.0,0.0,1.0,1.0,0.0
11501,full_active,0,-124,1,468,"(250,500]",52,"[10,100)",8,"[5,30)",1915,730+,0,2,29,908,1.0,0,1,44,147,4,2,0,1.0,0.0,0.0,0.0,0.0,0.0
11506,high_active,0,-124,1,963,500+,15,"[10,100)",14,"[5,30)",1486,730+,1,4,29,951,3.0,0,0,31,271,6,2,0,1.0,0.0,0.0,0.0,0.0,0.0
11507,high_active,0,1,1,37,"(10,50]",42,"[10,100)",3,"[1,5)",1715,730+,1,2,19,633,2.0,0,0,1,82,2,2,0,1.0,0.0,0.0,0.0,0.0,0.0
11522,full_active,0,-124,1,694,500+,18,"[10,100)",15,"[5,30)",1524,730+,0,5,29,899,1.0,0,0,13,183,6,2,0,1.0,0.0,0.0,0.0,0.0,0.0
11533,full_active,0,-124,1,25,"(10,50]",3,"[1,10)",0,0,292,181-365,1,2,2,1171,5.0,0,1,20,348,4,2,2,1.0,0.0,0.0,0.0,0.0,1.0
11536,full_active,0,-124,0,15,"(10,50]",0,0,0,0,1283,730+,1,4,10,111,,0,0,1,82,2,0,0,1.0,1.0,0.0,0.0,0.0,0.0
11548,full_active,0,-124,0,45,"(10,50]",0,0,0,0,268,181-365,1,3,29,942,2.0,0,1,43,221,4,3,0,1.0,0.0,0.0,0.0,0.0,0.0
11552,high_active,0,-124,1,39,"(10,50]",71,"[10,100)",39,"[30,60)",785,730+,0,1,29,908,1.0,0,1,9,268,1,3,0,1.0,0.0,0.0,0.0,0.0,0.0
11557,high_active,0,-124,0,368,"(250,500]",10,"[10,100)",8,"[5,30)",809,730+,1,3,29,878,0.0,0,0,24,380,1,2,0,1.0,0.0,0.0,0.0,0.0,0.0
11564,middle_active,0,-124,0,445,"(250,500]",2,"[1,10)",1,"[1,5)",287,181-365,0,0,19,569,1.0,0,1,9,324,3,0,0,0.0,1.0,0.0,0.0,0.0,0.0
11565,full_active,0,-124,1,24,"(10,50]",213,"[100,1k)",14,"[5,30)",1714,730+,0,3,2,1211,12.0,0,0,19,378,3,0,2,1.0,0.0,0.0,0.0,0.0,0.0
11567,full_active,0,-124,1,143,"(100,150]",149,"[100,1k)",51,"[30,60)",1259,730+,1,4,10,851,3.0,0,0,31,42,6,4,0,1.0,0.0,0.0,0.0,0.0,0.0
11573,middle_active,0,1,1,465,"(250,500]",97,"[10,100)",3,"[1,5)",2501,730+,0,4,2,1180,2.0,0,0,24,416,1,2,2,1.0,0.0,0.0,0.0,0.0,0.0
11574,full_active,0,-124,1,177,"(150,250]",16,"[10,100)",3,"[1,5)",1612,730+,0,6,19,646,3.0,0,0,22,412,5,0,0,1.0,0.0,1.0,0.0,0.0,0.0
11577,full_active,0,-124,1,528,500+,10,"[10,100)",3,"[1,5)",546,366-730,0,0,31,433,1.0,0,1,5,298,6,4,0,0.0,0.0,0.0,0.0,0.0,0.0
11578,full_active,0,-124,1,313,"(250,500]",652,"[100,1k)",312,250+,830,730+,0,1,19,580,1.0,0,0,30,251,3,0,0,1.0,0.0,0.0,0.0,0.0,0.0
11579,full_active,0,-124,0,787,500+,322,"[100,1k)",92,"[60,120)",539,366-730,0,5,10,844,1.0,0,0,7,182,1,3,0,0.0,0.0,0.0,0.0,0.0,0.0
11591,full_active,0,1,1,3065,500+,1600,"[1k,5k)",1495,250+,1455,730+,1,6,29,882,1.0,0,1,20,92,5,2,0,1.0,0.0,0.0,0.0,0.0,0.0
11593,full_active,0,-124,0,46,"(10,50]",8,"[1,10)",2,"[1,5)",198,181-365,1,5,10,245,1.0,0,1,8,36,4,4,0,1.0,0.0,0.0,0.0,0.0,0.0
11604,full_active,0,1,1,135,"(100,150]",102,"[100,1k)",17,"[5,30)",1548,730+,0,4,28,1430,,0,1,20,348,4,2,0,0.0,0.0,1.0,0.0,0.0,0.0
11612,full_active,0,1,1,690,500+,1075,"[1k,5k)",198,"[120,250)",875,730+,1,1,28,995,,0,1,43,230,1,3,0,0.0,0.0,0.0,0.0,0.0,0.0
11635,high_active,0,-124,1,178,"(150,250]",325,"[100,1k)",173,"[120,250)",645,366-730,0,1,19,544,2.0,0,1,18,395,6,3,0,1.0,0.0,0.0,0.0,0.0,0.0
11639,2_14_day_new,0,1,1,160,"(150,250]",1276,"[1k,5k)",145,"[120,250)",1682,730+,0,2,2,1157,5.0,0,0,31,354,3,3,2,1.0,0.0,0.0,0.0,0.0,0.0
11641,high_active,0,1,1,111,"(100,150]",178,"[100,1k)",64,"[60,120)",1673,730+,0,2,2,1210,11.0,0,0,31,271,6,3,2,1.0,0.0,0.0,0.0,0.0,0.0
11645,full_active,0,-124,1,203,"(150,250]",51,"[10,100)",37,"[30,60)",2191,730+,1,2,10,1037,0.0,0,1,8,287,2,2,0,1.0,0.0,0.0,0.0,0.0,0.0
11662,full_active,0,1,1,195,"(150,250]",314,"[100,1k)",24,"[5,30)",1512,730+,0,3,2,1153,5.0,0,0,30,158,3,3,2,0.0,0.0,0.0,0.0,0.0,0.0
11679,full_active,0,-124,1,111,"(100,150]",130,"[100,1k)",63,"[60,120)",776,730+,0,1,2,1137,3.0,0,1,0,284,1,0,1,1.0,0.0,0.0,0.0,0.0,0.0
11683,high_active,0,-124,0,3,"(0,10]",0,0,0,0,78,61-90,1,1,9,296,0.0,0,1,10,254,3,3,0,0.0,0.0,0.0,0.0,0.0,0.0
11684,high_active,0,-124,0,34,"(10,50]",5,"[1,10)",4,"[1,5)",947,730+,1,5,29,1302,1.0,0,0,14,26,1,2,0,1.0,1.0,0.0,0.0,0.0,0.0
11691,full_active,0,-124,1,31,"(10,50]",10,"[10,100)",3,"[1,5)",776,730+,1,3,2,1153,4.0,0,1,32,33,2,2,2,1.0,0.0,0.0,0.0,0.0,0.0
11697,full_active,0,-124,0,139,"(100,150]",26,"[10,100)",16,"[5,30)",938,730+,1,6,10,215,1.0,0,0,19,111,6,0,0,1.0,0.0,0.0,0.0,0.0,0.0
11707,full_active,0,1,1,48,"(10,50]",106,"[100,1k)",47,"[30,60)",1384,730+,1,2,2,1171,5.0,0,0,42,50,6,2,2,1.0,0.0,0.0,0.0,0.0,0.0
11712,high_active,0,1,1,165,"(150,250]",122,"[100,1k)",93,"[60,120)",1537,730+,0,4,29,959,3.0,0,0,31,42,6,3,0,1.0,0.0,0.0,0.0,0.0,0.0
11715,full_active,0,-124,1,170,"(150,250]",43,"[10,100)",37,"[30,60)",1902,730+,1,3,19,647,1.0,0,1,20,218,5,2,0,0.0,0.0,0.0,1.0,1.0,0.0
11719,full_active,0,-124,1,76,"(50,100]",90,"[10,100)",67,"[60,120)",732,730+,0,1,31,730,0.0,0,0,13,67,6,3,0,1.0,0.0,0.0,0.0,0.0,0.0
11722,full_active,0,-124,1,135,"(100,150]",70,"[10,100)",6,"[5,30)",946,730+,0,1,19,509,0.0,0,0,7,40,1,2,0,0.0,0.0,1.0,0.0,0.0,0.0
11727,full_active,0,-124,1,1596,500+,2816,"[1k,5k)",1596,250+,1135,730+,1,1,2,1159,3.0,0,1,44,147,4,2,2,1.0,0.0,0.0,0.0,0.0,0.0
11730,full_active,0,-124,1,2571,500+,56,"[10,100)",27,"[5,30)",2094,730+,1,4,29,1302,1.0,0,1,0,160,3,3,0,1.0,0.0,0.0,0.0,0.0,0.0
11732,middle_active,0,1,1,19,"(10,50]",95,"[10,100)",2,"[1,5)",1185,730+,1,6,29,1297,1.0,0,0,15,151,3,2,0,1.0,0.0,0.0,0.0,0.0,0.0
11741,full_active,0,1,1,70,"(50,100]",5,"[1,10)",1,"[1,5)",1265,730+,1,3,10,852,4.0,0,0,31,42,6,2,0,1.0,0.0,1.0,0.0,0.0,0.0
11744,high_active,0,-124,1,63,"(50,100]",29,"[10,100)",16,"[5,30)",800,730+,0,4,29,926,1.0,0,0,7,138,1,2,0,1.0,1.0,0.0,0.0,0.0,0.0
11766,full_active,0,1,1,39,"(10,50]",45,"[10,100)",8,"[5,30)",3502,730+,1,3,2,1159,3.0,0,0,38,139,4,2,2,1.0,0.0,0.0,0.0,0.0,0.0
11767,full_active,0,-124,1,219,"(150,250]",246,"[100,1k)",196,"[120,250)",623,366-730,1,1,48,695,1.0,0,1,34,179,1,3,0,1.0,0.0,0.0,0.0,0.0,0.0
11769,high_active,0,1,1,447,"(250,500]",764,"[100,1k)",61,"[60,120)",1178,730+,1,6,24,792,1.0,0,0,13,330,5,2,0,1.0,0.0,0.0,0.0,0.0,0.0
11771,full_active,0,1,1,158,"(150,250]",415,"[100,1k)",119,"[60,120)",1840,730+,0,2,2,1160,4.0,0,1,44,121,5,2,2,1.0,0.0,0.0,0.0,0.0,0.0
11778,full_active,0,1,1,9,"(0,10]",62,"[10,100)",3,"[1,5)",79,61-90,1,4,10,238,3.0,0,0,30,290,3,2,0,1.0,0.0,0.0,0.0,0.0,0.0
11791,full_active,0,-124,1,220,"(150,250]",209,"[100,1k)",186,"[120,250)",639,366-730,0,1,29,947,1.0,0,1,8,287,2,2,0,0.0,0.0,0.0,0.0,0.0,0.0
11795,full_active,0,-124,1,39,"(10,50]",697,"[100,1k)",27,"[5,30)",1984,730+,1,2,19,595,1.0,0,0,24,433,6,2,0,1.0,1.0,0.0,0.0,0.0,0.0
11804,2_14_day_new,0,1,1,266,"(250,500]",679,"[100,1k)",63,"[60,120)",2045,730+,0,4,48,700,1.0,0,0,33,107,1,2,0,1.0,0.0,0.0,0.0,0.0,0.0
11815,high_active,0,-124,0,178,"(150,250]",2,"[1,10)",0,0,648,366-730,1,4,2,1158,7.0,0,1,44,289,5,2,2,1.0,0.0,0.0,0.0,0.0,0.0
11822,full_active,0,-124,0,0,0,0,0,0,0,2535,730+,1,2,10,268,2.0,0,1,20,326,6,3,0,1.0,0.0,0.0,0.0,0.0,0.0
11823,full_active,0,-124,1,67,"(50,100]",88,"[10,100)",56,"[30,60)",211,181-365,1,1,29,949,1.0,0,0,7,176,1,4,0,1.0,0.0,0.0,0.0,0.0,0.0
11828,full_active,0,1,1,302,"(250,500]",64,"[10,100)",38,"[30,60)",2016,730+,0,2,31,386,2.0,0,0,19,396,3,4,0,1.0,0.0,0.0,0.0,0.0,0.0
11831,full_active,0,-124,1,3862,500+,212,"[100,1k)",140,"[120,250)",1003,730+,0,6,10,243,0.0,0,0,14,448,1,4,0,0.0,0.0,0.0,0.0,0.0,0.0
11833,high_active,0,-124,1,19,"(10,50]",8,"[1,10)",5,"[5,30)",49,31-60,1,4,19,581,1.0,0,0,24,137,5,0,0,1.0,0.0,1.0,0.0,0.0,0.0
11843,full_active,0,-124,1,77,"(50,100]",104,"[100,1k)",72,"[60,120)",390,366-730,1,1,2,1177,2.0,0,1,21,157,3,2,2,1.0,0.0,0.0,0.0,0.0,0.0
11846,full_active,0,1,1,178,"(150,250]",481,"[100,1k)",87,"[60,120)",1952,730+,1,4,29,920,1.0,0,0,26,124,1,3,0,0.0,0.0,0.0,0.0,0.0,0.0
11847,high_active,0,-124,1,1528,500+,1187,"[1k,5k)",900,250+,826,730+,0,1,10,230,1.0,0,0,31,354,3,3,0,0.0,0.0,0.0,0.0,0.0,0.0
11853,full_active,0,-124,1,50,"(10,50]",10,"[10,100)",1,"[1,5)",670,366-730,0,3,19,547,2.0,0,1,9,402,1,3,0,1.0,0.0,0.0,0.0,0.0,0.0
11859,full_active,0,-124,1,669,500+,2027,"[1k,5k)",661,250+,1537,730+,0,1,2,1159,3.0,0,0,15,118,6,3,2,1.0,0.0,0.0,0.0,0.0,0.0
11862,middle_active,0,-124,1,18,"(10,50]",4,"[1,10)",1,"[1,5)",451,366-730,1,1,2,1177,2.0,0,1,12,281,5,2,2,0.0,0.0,0.0,0.0,0.0,0.0
11863,middle_active,0,1,1,37,"(10,50]",35,"[10,100)",7,"[5,30)",1186,730+,1,6,10,129,2.0,0,1,43,230,1,3,0,1.0,0.0,1.0,0.0,0.0,1.0
11865,middle_active,0,-124,1,735,500+,1927,"[1k,5k)",728,250+,838,730+,0,1,19,642,1.0,0,1,9,243,6,3,0,0.0,0.0,0.0,0.0,0.0,0.0
11875,full_active,0,-124,0,32,"(10,50]",9,"[1,10)",0,0,1266,730+,1,4,31,754,1.0,0,1,21,34,6,4,0,1.0,0.0,0.0,0.0,0.0,0.0
11883,middle_active,0,-124,0,64,"(50,100]",0,0,0,0,1834,730+,0,1,10,230,1.0,0,1,18,196,3,0,0,1.0,0.0,0.0,0.0,0.0,0.0
11897,full_active,0,1,1,144,"(100,150]",3284,"[1k,5k)",0,0,186,181-365,1,3,31,419,1.0,0,1,5,146,6,0,0,1.0,0.0,0.0,0.0,0.0,0.0
11902,full_active,0,1,1,1107,500+,204,"[100,1k)",108,"[60,120)",1815,730+,0,2,2,1165,6.0,0,1,20,411,6,4,2,1.0,0.0,0.0,0.0,0.0,0.0
11911,full_active,0,-124,0,2,"(0,10]",0,0,0,0,1553,730+,0,1,19,513,0.0,0,0,7,252,1,3,0,0.0,0.0,0.0,0.0,0.0,0.0
11923,full_active,0,-124,1,533,500+,125,"[100,1k)",73,"[60,120)",2082,730+,1,4,29,1320,1.0,0,0,13,330,5,0,0,,,,,,
11927,full_active,0,1,1,354,"(250,500]",691,"[100,1k)",19,"[5,30)",2535,730+,1,2,2,1165,6.0,0,1,2,399,4,2,2,1.0,0.0,0.0,0.0,0.0,0.0
11932,high_active,0,1,1,154,"(150,250]",130,"[100,1k)",24,"[5,30)",2113,730+,0,3,2,1171,5.0,0,0,30,368,4,2,2,1.0,0.0,0.0,0.0,0.0,0.0
11936,high_active,0,-124,1,138,"(100,150]",66,"[10,100)",40,"[30,60)",175,91-180,1,2,10,252,1.0,0,1,43,312,1,2,0,1.0,0.0,0.0,0.0,0.0,0.0
11939,full_active,0,-124,1,71,"(50,100]",19,"[10,100)",16,"[5,30)",757,730+,1,2,29,906,1.0,0,0,42,120,1,3,0,1.0,0.0,1.0,0.0,0.0,0.0
11946,full_active,0,-124,1,14,"(10,50]",20,"[10,100)",1,"[1,5)",856,730+,0,1,31,375,3.0,0,1,2,399,4,2,0,1.0,0.0,0.0,0.0,0.0,0.0
11959,full_active,0,-124,1,3044,500+,195,"[100,1k)",134,"[120,250)",761,730+,1,1,29,906,1.0,0,0,13,392,6,3,0,1.0,0.0,1.0,0.0,0.0,0.0
11961,full_active,0,1,1,2005,500+,3181,"[1k,5k)",658,250+,2329,730+,0,4,19,645,3.0,0,0,14,339,3,3,0,1.0,1.0,0.0,0.0,0.0,0.0
11967,full_active,0,1,1,69,"(50,100]",155,"[100,1k)",33,"[30,60)",2497,730+,0,2,10,129,2.0,0,0,33,234,1,3,0,1.0,0.0,0.0,0.0,0.0,0.0
11988,full_active,0,-124,1,34,"(10,50]",3,"[1,10)",2,"[1,5)",125,91-180,1,1,29,955,3.0,0,1,12,281,5,2,0,0.0,0.0,0.0,0.0,0.0,0.0
11998,full_active,0,1,1,753,500+,294,"[100,1k)",86,"[60,120)",994,730+,1,6,48,698,1.0,0,0,24,137,5,2,0,1.0,1.0,0.0,0.0,0.0,0.0
12000,high_active,0,1,1,44,"(10,50]",20,"[10,100)",4,"[1,5)",1602,730+,1,2,33,975,2.0,0,1,12,281,5,3,0,1.0,0.0,0.0,0.0,0.0,0.0
12002,full_active,0,-124,1,113,"(100,150]",9,"[1,10)",5,"[5,30)",1436,730+,0,4,19,573,1.0,0,1,17,253,4,0,0,0.0,1.0,1.0,0.0,0.0,0.0
12004,full_active,0,-124,1,211,"(150,250]",641,"[100,1k)",198,"[120,250)",1311,730+,1,2,2,1159,3.0,0,1,21,377,6,4,2,1.0,0.0,1.0,0.0,0.0,0.0
12014,high_active,0,-124,0,27,"(10,50]",0,0,0,0,610,366-730,1,3,19,558,2.0,0,0,38,139,4,0,0,0.0,0.0,0.0,0.0,0.0,0.0
12015,full_active,0,-124,1,42,"(10,50]",31,"[10,100)",9,"[5,30)",1074,730+,0,0,31,377,2.0,0,0,15,394,4,2,0,0.0,0.0,0.0,0.0,0.0,0.0
12029,middle_active,0,-124,1,626,500+,337,"[100,1k)",68,"[60,120)",1220,730+,1,1,10,230,1.0,0,1,17,198,3,2,0,1.0,0.0,0.0,0.0,0.0,0.0
12033,full_active,0,-124,1,321,"(250,500]",130,"[100,1k)",103,"[60,120)",924,730+,1,1,19,620,1.0,0,1,43,43,1,3,0,1.0,0.0,0.0,0.0,0.0,0.0
12038,high_active,0,-124,0,11,"(10,50]",6,"[1,10)",1,"[1,5)",1824,730+,1,5,29,882,1.0,0,0,14,452,3,3,0,1.0,1.0,1.0,0.0,0.0,0.0
12043,middle_active,0,-124,0,10,"(0,10]",7,"[1,10)",5,"[5,30)",157,91-180,0,1,29,909,1.0,0,1,8,54,1,3,0,0.0,0.0,0.0,0.0,0.0,0.0
12047,full_active,0,-124,0,14,"(10,50]",0,0,0,0,254,181-365,1,3,19,559,2.0,0,0,42,422,1,0,0,1.0,0.0,0.0,0.0,0.0,0.0
12057,full_active,0,1,1,2241,500+,2563,"[1k,5k)",2160,250+,1538,730+,1,4,2,1179,3.0,0,1,44,147,4,3,2,1.0,0.0,0.0,0.0,0.0,0.0
12059,full_active,0,-124,1,7,"(0,10]",89,"[10,100)",5,"[5,30)",152,91-180,1,4,29,964,1.0,0,1,43,230,1,3,0,1.0,0.0,1.0,0.0,0.0,0.0
12060,full_active,0,-124,0,77,"(50,100]",2,"[1,10)",0,0,357,181-365,0,6,10,70,1.0,0,0,1,82,2,0,0,1.0,0.0,0.0,0.0,0.0,0.0
12069,high_active,0,-124,1,4000,500+,136,"[100,1k)",93,"[60,120)",715,366-730,0,1,29,1403,3.0,0,0,30,251,3,0,0,,,,,,
12082,full_active,0,1,1,26,"(10,50]",33,"[10,100)",16,"[5,30)",1556,730+,1,2,29,915,4.0,0,0,22,412,5,4,0,1.0,0.0,0.0,0.0,1.0,0.0
12083,full_active,0,-124,1,131,"(100,150]",13,"[10,100)",10,"[5,30)",1522,730+,1,5,10,854,1.0,0,0,30,158,3,3,0,1.0,0.0,0.0,0.0,0.0,0.0
12093,high_active,0,-124,1,19,"(10,50]",26,"[10,100)",8,"[5,30)",217,181-365,0,0,19,540,1.0,0,1,8,288,6,3,0,,,,,,
12097,full_active,0,1,1,2186,500+,305,"[100,1k)",142,"[120,250)",1886,730+,1,4,10,282,2.0,0,0,22,412,5,3,0,1.0,0.0,0.0,0.0,0.0,0.0
12101,middle_active,0,1,1,825,500+,862,"[100,1k)",743,250+,1032,730+,1,1,9,296,0.0,0,0,28,280,1,3,0,0.0,0.0,0.0,0.0,0.0,0.0
12110,full_active,0,-124,0,15,"(10,50]",4,"[1,10)",3,"[1,5)",923,730+,0,3,2,1202,4.0,0,0,24,264,4,2,2,1.0,0.0,0.0,1.0,0.0,0.0
12111,middle_active,0,-124,1,676,500+,375,"[100,1k)",329,250+,826,730+,1,4,28,210,,0,1,12,428,1,4,0,0.0,0.0,0.0,0.0,0.0,0.0
12112,full_active,0,-124,1,59,"(50,100]",39,"[10,100)",25,"[5,30)",64,61-90,0,1,10,772,0.0,0,1,9,249,3,3,0,0.0,0.0,0.0,0.0,0.0,0.0
12128,high_active,0,-124,1,1020,500+,789,"[100,1k)",471,250+,1185,730+,0,1,28,340,,0,0,19,396,3,4,0,1.0,1.0,0.0,0.0,0.0,0.0
12131,full_active,0,-124,1,262,"(250,500]",71,"[10,100)",10,"[5,30)",2105,730+,0,2,2,1153,4.0,0,0,31,354,3,4,2,1.0,0.0,0.0,0.0,0.0,0.0
12133,full_active,0,1,1,123,"(100,150]",2564,"[1k,5k)",104,"[60,120)",1734,730+,1,1,2,1152,3.0,0,1,9,324,3,3,2,0.0,0.0,0.0,0.0,0.0,0.0
12135,full_active,0,1,1,18,"(10,50]",410,"[100,1k)",18,"[5,30)",1829,730+,0,2,2,1160,4.0,0,1,20,348,4,2,2,1.0,0.0,0.0,0.0,0.0,0.0
12139,high_active,0,-124,1,345,"(250,500]",172,"[100,1k)",132,"[120,250)",968,730+,0,5,19,637,1.0,0,1,9,372,1,3,0,0.0,0.0,1.0,0.0,0.0,0.0
12141,full_active,0,-124,1,1199,500+,71,"[10,100)",52,"[30,60)",1251,730+,1,5,10,238,3.0,0,0,30,158,3,3,0,1.0,0.0,0.0,0.0,0.0,0.0
12144,full_active,0,-124,1,492,"(250,500]",75,"[10,100)",25,"[5,30)",1868,730+,1,1,29,965,1.0,0,0,15,178,3,3,0,1.0,0.0,0.0,0.0,0.0,0.0
12145,full_active,0,-124,1,101,"(100,150]",21,"[10,100)",5,"[5,30)",1720,730+,0,6,2,1160,4.0,0,0,31,271,6,4,2,1.0,0.0,0.0,0.0,0.0,0.0
12153,full_active,0,-124,1,474,"(250,500]",40,"[10,100)",4,"[1,5)",1665,730+,0,3,10,852,4.0,0,1,8,259,6,0,0,1.0,0.0,0.0,0.0,0.0,0.0
12163,full_active,0,-124,1,156,"(150,250]",4518,"[1k,5k)",156,"[120,250)",1172,730+,0,1,2,1158,5.0,0,0,26,408,6,3,2,1.0,0.0,0.0,0.0,0.0,0.0
12164,full_active,0,-124,1,1367,500+,1120,"[1k,5k)",1024,250+,1626,730+,1,4,19,617,4.0,0,0,30,290,3,4,0,1.0,0.0,1.0,0.0,0.0,0.0
12170,high_active,0,1,1,1700,500+,189,"[100,1k)",138,"[120,250)",2518,730+,1,4,29,897,2.0,0,0,15,109,3,2,0,1.0,0.0,0.0,0.0,1.0,0.0
12175,full_active,0,-124,1,916,500+,221,"[100,1k)",133,"[120,250)",1536,730+,0,1,2,1152,4.0,0,0,38,139,4,3,2,1.0,0.0,0.0,0.0,0.0,0.0
12196,middle_active,0,-124,1,255,"(250,500]",523,"[100,1k)",230,"[120,250)",1449,730+,0,1,2,1180,2.0,0,0,15,274,6,4,2,1.0,0.0,0.0,0.0,0.0,0.0
12203,full_active,0,-124,0,2,"(0,10]",0,0,0,0,2278,730+,1,2,31,368,1.0,0,1,20,20,0,0,0,1.0,0.0,0.0,0.0,0.0,0.0
12207,full_active,0,1,1,1182,500+,458,"[100,1k)",278,250+,2344,730+,1,4,29,926,1.0,0,0,22,379,1,3,0,1.0,0.0,0.0,0.0,0.0,0.0
12212,full_active,0,-124,0,3309,500+,31,"[10,100)",28,"[5,30)",516,366-730,0,6,29,936,1.0,0,0,24,403,1,0,0,1.0,1.0,0.0,0.0,0.0,0.0
12215,full_active,0,-124,0,1264,500+,12,"[10,100)",7,"[5,30)",1181,730+,0,5,29,1321,1.0,0,1,20,191,5,0,0,1.0,0.0,0.0,0.0,0.0,0.0
12220,high_active,0,-124,1,47,"(10,50]",198,"[100,1k)",43,"[30,60)",1000,730+,1,1,2,1160,4.0,0,0,30,258,1,3,2,0.0,0.0,0.0,0.0,0.0,0.0
12222,high_active,0,-124,1,54,"(50,100]",13,"[10,100)",12,"[5,30)",223,181-365,1,5,29,1305,1.0,0,1,43,136,3,0,0,1.0,0.0,0.0,0.0,0.0,0.0
12223,full_active,0,1,1,2003,500+,455,"[100,1k)",198,"[120,250)",1608,730+,0,5,19,647,1.0,0,0,30,251,3,3,0,0.0,0.0,0.0,0.0,0.0,0.0
12226,full_active,0,-124,1,93,"(50,100]",38,"[10,100)",16,"[5,30)",998,730+,0,5,19,590,1.0,0,0,31,42,6,3,0,0.0,0.0,0.0,0.0,0.0,0.0
12230,full_active,0,1,1,1662,500+,438,"[100,1k)",318,250+,1560,730+,1,5,29,958,1.0,0,0,14,452,3,0,0,1.0,0.0,0.0,0.0,0.0,0.0
12232,full_active,0,1,1,990,500+,468,"[100,1k)",449,250+,1265,730+,0,5,29,1355,0.0,0,0,13,330,5,0,0,1.0,0.0,0.0,0.0,0.0,0.0
12237,full_active,0,-124,0,18,"(10,50]",11,"[10,100)",1,"[1,5)",425,366-730,1,6,29,1325,2.0,0,0,38,139,4,3,0,0.0,0.0,0.0,0.0,0.0,0.0
12239,full_active,0,-124,1,402,"(250,500]",61,"[10,100)",29,"[5,30)",456,366-730,0,1,29,955,3.0,0,1,43,211,1,3,0,1.0,1.0,0.0,1.0,0.0,0.0
12240,middle_active,0,1,1,198,"(150,250]",20,"[10,100)",9,"[5,30)",2083,730+,1,3,2,1167,9.0,0,1,2,399,4,4,2,1.0,0.0,0.0,0.0,0.0,0.0
12242,full_active,0,1,1,57,"(50,100]",3,"[1,10)",1,"[1,5)",476,366-730,0,3,19,635,3.0,0,1,20,218,5,2,0,1.0,0.0,0.0,0.0,0.0,0.0
12246,full_active,0,-124,0,48,"(10,50]",2,"[1,10)",2,"[1,5)",101,91-180,1,1,29,906,1.0,0,0,19,110,1,3,0,1.0,1.0,0.0,0.0,0.0,0.0
12254,high_active,0,-124,1,173,"(150,250]",42,"[10,100)",22,"[5,30)",438,366-730,1,4,19,570,0.0,0,0,31,242,3,2,0,0.0,0.0,0.0,0.0,0.0,0.0
12259,full_active,0,-124,0,37,"(10,50]",0,0,0,0,410,366-730,0,3,10,127,2.0,0,1,8,269,3,4,0,1.0,0.0,0.0,0.0,0.0,0.0
12268,full_active,0,1,1,20,"(10,50]",186,"[100,1k)",16,"[5,30)",1925,730+,0,4,19,594,1.0,0,0,28,279,1,4,0,1.0,0.0,0.0,0.0,0.0,0.0
12271,full_active,0,-124,1,298,"(250,500]",504,"[100,1k)",273,250+,1834,730+,0,2,2,1152,3.0,0,1,5,453,6,4,2,0.0,0.0,0.0,0.0,0.0,0.0
12276,full_active,0,-124,1,451,"(250,500]",56,"[10,100)",29,"[5,30)",1160,730+,1,4,10,77,1.0,0,0,13,67,6,3,0,1.0,0.0,1.0,0.0,0.0,0.0
12279,high_active,0,-124,0,73,"(50,100]",0,0,0,0,1026,730+,1,4,19,531,2.0,0,1,43,68,3,2,0,1.0,0.0,0.0,0.0,0.0,0.0
12280,2_14_day_new,0,-124,1,1759,500+,25,"[10,100)",8,"[5,30)",1326,730+,0,5,2,1169,8.0,0,0,24,264,4,2,2,1.0,0.0,0.0,0.0,0.0,0.0
12283,high_active,0,-124,0,16,"(10,50]",0,0,0,0,582,366-730,1,4,31,375,3.0,0,0,1,82,2,2,0,0.0,0.0,0.0,1.0,1.0,0.0
12291,full_active,0,-124,1,33,"(10,50]",20,"[10,100)",13,"[5,30)",1778,730+,0,2,31,381,2.0,0,0,31,42,6,3,0,1.0,0.0,0.0,0.0,0.0,0.0
12303,full_active,0,-124,1,397,"(250,500]",41,"[10,100)",0,0,1583,730+,0,4,31,377,2.0,0,0,30,251,3,4,0,1.0,0.0,1.0,0.0,0.0,0.0
12312,full_active,0,1,1,117,"(100,150]",134,"[100,1k)",78,"[60,120)",1610,730+,1,4,2,1162,8.0,0,0,19,111,6,2,2,1.0,0.0,0.0,0.0,0.0,0.0
12325,full_active,0,-124,0,10,"(0,10]",0,0,0,0,2033,730+,1,2,2,1169,8.0,0,1,0,417,6,3,2,0.0,0.0,0.0,0.0,0.0,0.0
12329,full_active,0,1,1,363,"(250,500]",887,"[100,1k)",191,"[120,250)",1152,730+,1,5,29,904,2.0,0,0,7,252,1,4,0,1.0,0.0,1.0,1.0,0.0,0.0
12344,full_active,0,-124,1,83,"(50,100]",73,"[10,100)",17,"[5,30)",1513,730+,0,4,2,1160,4.0,0,1,18,413,4,2,2,,,,,,
12352,full_active,0,-124,1,195,"(150,250]",38,"[10,100)",10,"[5,30)",1202,730+,1,5,31,438,1.0,0,0,26,38,1,4,0,1.0,0.0,0.0,0.0,0.0,0.0
12355,high_active,0,-124,1,2024,500+,233,"[100,1k)",117,"[60,120)",1912,730+,1,6,29,958,1.0,0,0,22,412,5,3,0,1.0,0.0,0.0,0.0,0.0,0.0
12359,full_active,0,-124,1,174,"(150,250]",30,"[10,100)",22,"[5,30)",1189,730+,0,2,10,111,,0,0,19,378,3,4,0,1.0,0.0,0.0,0.0,0.0,0.0
12361,full_active,0,-124,1,46,"(10,50]",19,"[10,100)",13,"[5,30)",1422,730+,1,1,2,1160,4.0,0,1,18,256,3,4,2,0.0,0.0,0.0,0.0,0.0,0.0
12362,full_active,0,-124,1,2282,500+,83,"[10,100)",40,"[30,60)",1909,730+,0,1,2,1158,7.0,0,0,24,45,3,4,2,1.0,1.0,0.0,0.0,0.0,0.0
12383,full_active,0,-124,1,26,"(10,50]",6,"[1,10)",1,"[1,5)",846,730+,0,3,2,1159,3.0,0,0,38,139,4,3,2,1.0,0.0,0.0,0.0,0.0,0.0
12384,full_active,0,-124,1,3,"(0,10]",5,"[1,10)",1,"[1,5)",67,61-90,0,0,19,606,1.0,0,0,31,354,3,0,0,1.0,0.0,0.0,0.0,0.0,0.0
12389,full_active,0,-124,1,610,500+,40,"[10,100)",30,"[30,60)",100,91-180,1,5,29,950,1.0,0,1,9,324,3,0,0,1.0,0.0,1.0,0.0,0.0,0.0
12398,full_active,0,1,1,337,"(250,500]",584,"[100,1k)",250,250+,1758,730+,1,2,29,958,1.0,0,0,15,93,6,3,0,1.0,0.0,0.0,0.0,0.0,0.0
12400,full_active,0,-124,1,155,"(150,250]",235,"[100,1k)",139,"[120,250)",1141,730+,0,1,2,1179,2.0,0,1,9,249,3,4,2,1.0,0.0,0.0,0.0,0.0,0.0
12402,high_active,0,-124,1,531,500+,764,"[100,1k)",526,250+,1639,730+,0,1,19,622,1.0,0,0,19,78,1,3,0,1.0,0.0,0.0,0.0,0.0,0.0
12403,middle_active,0,-124,0,33,"(10,50]",0,0,0,0,552,366-730,1,6,29,879,0.0,0,1,9,310,3,3,0,1.0,0.0,1.0,0.0,0.0,0.0
12404,full_active,0,-124,1,64,"(50,100]",6,"[1,10)",3,"[1,5)",1247,730+,1,4,10,287,1.0,0,1,10,373,5,0,0,1.0,0.0,0.0,0.0,0.0,0.0
12419,full_active,0,-124,1,505,500+,14,"[10,100)",7,"[5,30)",956,730+,1,2,31,382,3.0,0,1,8,419,3,3,0,1.0,0.0,0.0,0.0,0.0,0.0
12420,full_active,0,1,1,441,"(250,500]",765,"[100,1k)",253,250+,2685,730+,0,2,2,1160,4.0,0,1,43,221,4,3,2,1.0,0.0,0.0,0.0,0.0,0.0
12427,2_14_day_new,0,-124,1,296,"(250,500]",18,"[10,100)",9,"[5,30)",732,730+,0,6,31,364,0.0,0,0,13,188,3,3,0,1.0,0.0,0.0,0.0,0.0,0.0
12433,high_active,0,1,1,88,"(50,100]",170,"[100,1k)",74,"[60,120)",1354,730+,1,2,2,1151,3.0,0,1,20,348,4,2,0,1.0,0.0,0.0,0.0,0.0,0.0
12435,full_active,0,-124,0,255,"(250,500]",2,"[1,10)",0,0,764,730+,0,4,10,474,6.0,0,1,44,121,5,4,0,1.0,0.0,1.0,0.0,0.0,0.0
12446,full_active,0,-124,1,300,"(250,500]",18,"[10,100)",2,"[1,5)",2014,730+,1,4,10,1004,1.0,0,0,13,183,6,0,0,1.0,1.0,0.0,0.0,0.0,0.0
12448,full_active,0,-124,1,702,500+,227,"[100,1k)",195,"[120,250)",572,366-730,1,4,10,215,1.0,0,1,32,33,2,3,0,0.0,1.0,0.0,0.0,0.0,0.0
12450,full_active,0,-124,1,259,"(250,500]",81,"[10,100)",36,"[30,60)",93,91-180,1,1,9,136,1.0,0,1,44,147,4,4,0,,,,,,
12460,low_active,0,-124,1,90,"(50,100]",45,"[10,100)",41,"[30,60)",175,91-180,0,1,19,606,1.0,0,1,43,211,1,3,0,,,,,,
12467,full_active,0,-124,1,205,"(150,250]",18,"[10,100)",14,"[5,30)",1864,730+,1,3,48,698,1.0,0,1,43,366,3,2,0,1.0,0.0,0.0,0.0,0.0,0.0
12477,high_active,0,-124,1,15,"(10,50]",4,"[1,10)",1,"[1,5)",1622,730+,1,3,2,1168,7.0,0,0,30,368,4,0,2,1.0,0.0,0.0,0.0,0.0,0.0
12490,high_active,0,-124,0,129,"(100,150]",2,"[1,10)",0,0,835,730+,1,4,10,166,1.0,0,0,31,220,3,3,0,0.0,0.0,0.0,0.0,0.0,0.0
12491,full_active,0,1,1,3166,500+,855,"[100,1k)",828,250+,2241,730+,1,6,19,620,1.0,0,0,14,135,6,4,0,0.0,1.0,0.0,0.0,0.0,0.0
12495,full_active,0,-124,1,147,"(100,150]",50,"[10,100)",20,"[5,30)",1128,730+,0,3,19,606,1.0,0,1,8,36,4,4,0,1.0,0.0,0.0,0.0,0.0,0.0
12507,high_active,0,-124,0,41,"(10,50]",2,"[1,10)",1,"[1,5)",1467,730+,1,4,19,620,1.0,0,0,13,330,5,4,0,0.0,1.0,0.0,0.0,0.0,0.0
12523,full_active,0,1,1,380,"(250,500]",288,"[100,1k)",94,"[60,120)",1577,730+,1,5,19,605,1.0,0,0,13,183,6,0,0,0.0,0.0,0.0,0.0,0.0,0.0
12527,full_active,0,-124,1,48,"(10,50]",38,"[10,100)",17,"[5,30)",2226,730+,0,2,2,1168,7.0,0,1,21,91,5,4,2,1.0,0.0,0.0,0.0,0.0,0.0
12531,middle_active,0,-124,0,29,"(10,50]",5,"[1,10)",2,"[1,5)",438,366-730,1,1,10,126,3.0,0,0,15,304,1,3,0,1.0,0.0,0.0,0.0,0.0,0.0
12542,high_active,0,-124,1,636,500+,389,"[100,1k)",234,"[120,250)",890,730+,0,1,19,629,1.0,0,1,34,169,1,3,0,1.0,0.0,0.0,0.0,0.0,0.0
12546,full_active,0,-124,0,130,"(100,150]",12,"[10,100)",2,"[1,5)",173,91-180,1,4,29,880,1.0,0,0,33,195,1,2,0,,,,,,
12570,full_active,0,1,1,697,500+,71624,"[1w,10w)",631,250+,1000,730+,0,4,19,602,2.0,0,1,8,181,2,2,0,1.0,0.0,0.0,0.0,0.0,0.0
12580,full_active,0,-124,1,541,500+,14,"[10,100)",14,"[5,30)",1772,730+,0,2,10,1039,1.0,0,0,31,275,5,2,0,1.0,0.0,0.0,0.0,0.0,0.0
12585,full_active,0,-124,1,1267,500+,1226,"[1k,5k)",1206,250+,784,730+,1,6,29,909,1.0,0,0,24,327,3,2,0,0.0,0.0,0.0,0.0,0.0,0.0
12588,full_active,0,1,1,356,"(250,500]",232,"[100,1k)",192,"[120,250)",1866,730+,1,4,10,183,2.0,0,0,33,234,1,2,0,1.0,0.0,0.0,0.0,0.0,0.0
12596,high_active,0,-124,1,18,"(10,50]",281,"[100,1k)",16,"[5,30)",833,730+,0,1,2,1176,2.0,0,1,34,201,4,4,2,1.0,0.0,0.0,0.0,0.0,0.0
12599,full_active,0,-124,1,990,500+,453,"[100,1k)",366,250+,730,366-730,1,5,29,929,2.0,0,0,31,276,6,4,0,1.0,1.0,0.0,0.0,0.0,0.0
12601,full_active,0,-124,0,20,"(10,50]",6,"[1,10)",5,"[5,30)",1456,730+,1,1,28,989,,0,0,31,42,6,3,0,0.0,0.0,0.0,0.0,1.0,0.0
12613,full_active,0,1,1,36,"(10,50]",66,"[10,100)",28,"[5,30)",2402,730+,1,4,29,935,3.0,0,0,31,42,6,3,0,1.0,0.0,0.0,0.0,0.0,0.0
12615,high_active,0,-124,1,370,"(250,500]",86,"[10,100)",19,"[5,30)",1240,730+,0,4,19,543,2.0,0,0,30,185,1,3,0,1.0,0.0,0.0,0.0,0.0,0.0
12616,high_active,0,1,1,87,"(50,100]",49,"[10,100)",39,"[30,60)",1461,730+,1,4,2,1180,2.0,0,0,31,343,3,3,2,1.0,0.0,0.0,0.0,0.0,0.0
12621,high_active,0,-124,1,617,500+,7,"[1,10)",0,0,2474,730+,0,4,10,1076,1.0,0,1,21,443,3,0,0,1.0,0.0,0.0,0.0,0.0,0.0
12625,low_active,0,-124,1,706,500+,747,"[100,1k)",678,250+,1149,730+,1,1,2,1158,5.0,0,1,43,211,1,3,2,0.0,0.0,0.0,0.0,0.0,0.0
12643,full_active,0,-124,1,630,500+,22,"[10,100)",8,"[5,30)",507,366-730,1,5,29,947,1.0,0,0,24,137,5,0,0,1.0,0.0,0.0,0.0,0.0,0.0
12654,full_active,0,-124,1,85,"(50,100]",32,"[10,100)",17,"[5,30)",856,730+,1,1,29,979,2.0,0,1,43,221,4,4,0,1.0,0.0,0.0,0.0,0.0,0.0
12659,high_active,0,-124,1,188,"(150,250]",50,"[10,100)",22,"[5,30)",2478,730+,1,2,19,594,1.0,0,1,20,85,4,2,0,1.0,0.0,0.0,0.0,0.0,0.0
12660,2_14_day_new,0,-124,1,62,"(50,100]",91,"[10,100)",16,"[5,30)",2559,730+,0,2,9,478,2.0,0,1,10,254,3,4,0,1.0,0.0,0.0,0.0,0.0,0.0
12662,middle_active,0,-124,1,292,"(250,500]",232,"[100,1k)",216,"[120,250)",701,366-730,1,2,10,69,1.0,0,0,28,282,1,2,0,1.0,0.0,0.0,0.0,0.0,0.0
12663,full_active,0,-124,1,66,"(50,100]",21,"[10,100)",12,"[5,30)",1672,730+,1,4,10,1008,3.0,0,0,30,251,3,4,0,1.0,0.0,0.0,0.0,0.0,1.0
12671,full_active,0,-124,1,476,"(250,500]",773,"[100,1k)",471,250+,1891,730+,0,2,2,1152,3.0,0,1,10,449,3,2,2,1.0,0.0,1.0,0.0,0.0,0.0
12674,full_active,0,-124,1,464,"(250,500]",395,"[100,1k)",126,"[120,250)",1069,730+,1,1,2,1180,2.0,0,0,26,108,1,3,2,1.0,0.0,0.0,0.0,0.0,0.0
12675,full_active,0,1,1,1969,500+,131,"[100,1k)",50,"[30,60)",1703,730+,0,6,19,606,1.0,0,0,13,392,6,3,0,1.0,0.0,0.0,0.0,0.0,0.0
12678,full_active,0,-124,1,1034,500+,28,"[10,100)",4,"[1,5)",2303,730+,1,4,10,170,1.0,0,1,20,191,5,0,0,,,,,,
12700,high_active,0,-124,0,50,"(10,50]",25,"[10,100)",25,"[5,30)",19,15-30,0,0,2,1213,1.0,0,1,8,344,6,3,2,0.0,0.0,0.0,0.0,0.0,0.0
12704,full_active,0,1,1,938,500+,510,"[100,1k)",369,250+,1791,730+,1,4,19,578,1.0,0,1,2,399,4,2,0,1.0,0.0,0.0,0.0,0.0,0.0
12709,full_active,0,1,1,136,"(100,150]",185,"[100,1k)",125,"[120,250)",2449,730+,1,2,2,1160,4.0,0,1,10,449,3,3,2,1.0,0.0,0.0,0.0,0.0,0.0
12712,full_active,0,-124,1,456,"(250,500]",553,"[100,1k)",440,250+,1671,730+,0,1,28,995,,0,1,0,75,3,3,0,1.0,0.0,0.0,0.0,0.0,0.0
12720,middle_active,0,-124,1,1709,500+,2220,"[1k,5k)",1315,250+,2047,730+,0,4,29,906,1.0,0,1,43,221,4,4,0,0.0,0.0,0.0,0.0,0.0,0.0
12725,full_active,0,-124,0,487,"(250,500]",35,"[10,100)",6,"[5,30)",1083,730+,1,3,19,594,1.0,0,1,0,360,6,3,0,1.0,0.0,0.0,0.0,0.0,0.0
12726,full_active,0,1,1,906,500+,889,"[100,1k)",610,250+,1406,730+,0,5,29,940,1.0,0,1,9,402,1,2,0,0.0,0.0,0.0,0.0,0.0,0.0
12727,full_active,0,-124,1,464,"(250,500]",115,"[100,1k)",60,"[60,120)",1937,730+,0,3,29,888,2.0,0,0,22,412,5,3,0,1.0,0.0,0.0,0.0,0.0,0.0
12728,high_active,0,-124,1,930,500+,1351,"[1k,5k)",785,250+,786,730+,0,1,29,917,0.0,0,1,43,192,3,3,0,1.0,0.0,0.0,0.0,0.0,0.0
12735,full_active,0,1,1,136,"(100,150]",464,"[100,1k)",128,"[120,250)",2115,730+,1,2,29,937,3.0,0,1,8,287,2,2,0,1.0,0.0,1.0,0.0,0.0,0.0
12742,full_active,0,-124,1,501,500+,12,"[10,100)",5,"[5,30)",2010,730+,1,3,2,1166,8.0,0,1,32,33,2,2,2,,,,,,
12749,high_active,0,-124,0,296,"(250,500]",0,0,0,0,182,181-365,1,1,31,416,2.0,0,0,38,139,4,3,0,0.0,0.0,0.0,0.0,0.0,0.0
12756,high_active,0,-124,0,3,"(0,10]",0,0,0,0,1077,730+,0,2,2,1169,8.0,0,1,44,400,5,3,2,0.0,0.0,0.0,0.0,0.0,0.0
12762,high_active,0,-124,1,302,"(250,500]",7,"[1,10)",6,"[5,30)",1103,730+,1,3,10,198,0.0,0,1,43,211,1,3,0,0.0,0.0,1.0,0.0,0.0,0.0
12767,high_active,0,-124,1,406,"(250,500]",107,"[100,1k)",8,"[5,30)",1556,730+,0,4,29,1302,1.0,0,0,13,204,3,4,0,1.0,0.0,0.0,0.0,0.0,0.0
12771,high_active,0,-124,1,604,500+,12,"[10,100)",5,"[5,30)",2749,730+,1,3,2,1158,7.0,0,1,44,289,5,4,2,1.0,0.0,1.0,0.0,0.0,0.0
12773,full_active,0,1,1,4644,500+,2304,"[1k,5k)",2200,250+,1705,730+,1,4,31,25,1.0,0,0,30,185,1,3,0,1.0,0.0,1.0,0.0,0.0,0.0
12774,full_active,0,-124,0,235,"(150,250]",4,"[1,10)",3,"[1,5)",1217,730+,1,1,19,550,2.0,0,0,24,327,3,2,0,1.0,0.0,0.0,0.0,0.0,0.0
12781,full_active,0,-124,0,23,"(10,50]",5,"[1,10)",0,0,1819,730+,1,3,10,271,3.0,0,1,8,269,3,4,0,0.0,0.0,0.0,0.0,0.0,0.0
12782,high_active,0,-124,1,224,"(150,250]",20,"[10,100)",9,"[5,30)",693,366-730,0,4,2,1180,2.0,0,0,33,134,3,0,2,1.0,0.0,0.0,0.0,0.0,0.0
12783,full_active,0,-124,1,1217,500+,750,"[100,1k)",732,250+,1908,730+,1,2,29,953,2.0,0,1,10,405,3,3,0,1.0,0.0,0.0,0.0,0.0,0.0
12797,full_active,0,-124,1,112,"(100,150]",13,"[10,100)",4,"[1,5)",1377,730+,1,3,31,386,1.0,0,0,15,394,4,0,0,1.0,0.0,0.0,0.0,0.0,0.0
12801,full_active,0,-124,1,189,"(150,250]",306,"[100,1k)",140,"[120,250)",1232,730+,0,5,19,622,1.0,0,0,13,392,6,3,0,1.0,0.0,0.0,0.0,0.0,0.0
12802,high_active,0,-124,1,4898,500+,3241,"[1k,5k)",2699,250+,1297,730+,1,4,31,428,2.0,0,1,43,221,4,3,0,0.0,0.0,1.0,0.0,0.0,0.0
12806,full_active,0,1,1,220,"(150,250]",17,"[10,100)",15,"[5,30)",657,366-730,1,2,10,77,1.0,0,0,14,452,3,3,0,0.0,0.0,1.0,0.0,0.0,0.0
12827,full_active,0,-124,1,5,"(0,10]",6,"[1,10)",1,"[1,5)",69,61-90,1,6,10,101,0.0,0,1,10,373,5,0,0,1.0,1.0,0.0,0.0,0.0,0.0
12829,full_active,0,-124,1,20,"(10,50]",24,"[10,100)",11,"[5,30)",793,730+,1,1,19,653,3.0,0,1,20,191,5,3,0,1.0,0.0,0.0,0.0,0.0,0.0
12832,full_active,0,-124,1,1,"(0,10]",5,"[1,10)",0,0,778,730+,0,4,29,955,3.0,0,1,9,402,1,4,0,1.0,0.0,0.0,0.0,0.0,0.0
12834,middle_active,0,-124,1,374,"(250,500]",45,"[10,100)",25,"[5,30)",1798,730+,1,3,2,1167,9.0,0,1,8,287,2,2,2,1.0,0.0,1.0,0.0,0.0,0.0
12847,full_active,0,-124,1,18,"(10,50]",59,"[10,100)",3,"[1,5)",880,730+,1,6,10,1008,3.0,0,0,24,357,3,3,0,1.0,0.0,0.0,0.0,0.0,0.0
12855,full_active,0,-124,0,183,"(150,250]",40,"[10,100)",9,"[5,30)",2272,730+,1,2,31,377,2.0,0,0,15,304,1,4,0,1.0,0.0,0.0,1.0,0.0,0.0
12865,high_active,0,-124,1,263,"(250,500]",104,"[100,1k)",90,"[60,120)",1205,730+,0,4,19,561,0.0,0,0,22,239,1,4,0,1.0,0.0,0.0,0.0,0.0,0.0
12888,full_active,0,-124,1,136,"(100,150]",401,"[100,1k)",133,"[120,250)",1767,730+,1,2,28,210,,0,1,34,86,3,2,0,1.0,0.0,0.0,0.0,0.0,0.0
12892,full_active,0,-124,1,71,"(50,100]",24,"[10,100)",7,"[5,30)",1386,730+,1,3,2,1163,2.0,0,0,33,195,1,3,2,1.0,0.0,0.0,0.0,0.0,0.0
12899,high_active,0,-124,1,4,"(0,10]",8,"[1,10)",0,0,62,61-90,0,3,29,1426,1.0,0,1,5,332,5,0,0,1.0,0.0,0.0,0.0,0.0,0.0
12903,full_active,0,-124,1,420,"(250,500]",12,"[10,100)",4,"[1,5)",1545,730+,1,4,9,136,1.0,0,0,13,204,3,3,0,1.0,1.0,0.0,0.0,0.0,0.0
12905,full_active,0,-124,1,219,"(150,250]",327,"[100,1k)",182,"[120,250)",2066,730+,0,2,29,955,3.0,0,0,33,107,1,3,0,0.0,0.0,0.0,0.0,0.0,0.0
12917,full_active,0,-124,1,144,"(100,150]",108,"[100,1k)",51,"[30,60)",2205,730+,1,1,19,582,2.0,0,0,15,151,3,3,0,1.0,0.0,1.0,1.0,1.0,0.0
12918,full_active,0,-124,1,33,"(10,50]",8,"[1,10)",5,"[5,30)",1202,730+,1,3,19,634,2.0,0,0,13,267,6,2,0,0.0,0.0,0.0,0.0,0.0,0.0
12919,full_active,0,-124,1,155,"(150,250]",34,"[10,100)",10,"[5,30)",1923,730+,1,2,22,372,2.0,0,1,20,218,5,2,0,1.0,0.0,0.0,1.0,0.0,0.0
12921,full_active,0,-124,1,205,"(150,250]",101,"[100,1k)",25,"[5,30)",1814,730+,1,4,10,1025,3.0,0,0,14,339,3,3,0,1.0,1.0,0.0,0.0,0.0,0.0
12928,middle_active,0,-124,1,149,"(100,150]",72,"[10,100)",41,"[30,60)",921,730+,1,2,10,456,1.0,0,0,19,111,6,3,0,1.0,0.0,0.0,0.0,0.0,0.0
12934,full_active,0,1,1,89,"(50,100]",305,"[100,1k)",4,"[1,5)",2091,730+,1,3,2,1169,8.0,0,1,44,147,4,2,2,1.0,0.0,0.0,0.0,0.0,0.0
12935,middle_active,0,-124,0,13,"(10,50]",7,"[1,10)",5,"[5,30)",111,91-180,0,1,29,1352,0.0,0,1,0,160,3,3,0,0.0,0.0,0.0,0.0,0.0,0.0
12938,full_active,0,-124,0,126,"(100,150]",3,"[1,10)",2,"[1,5)",773,730+,0,1,19,516,0.0,0,0,31,276,6,2,0,1.0,0.0,0.0,0.0,0.0,0.0
12951,full_active,0,-124,1,213,"(150,250]",59,"[10,100)",9,"[5,30)",583,366-730,0,4,19,531,2.0,0,0,13,361,1,0,0,0.0,0.0,0.0,0.0,0.0,0.0
12954,high_active,0,-124,0,1,"(0,10]",0,0,0,0,67,61-90,1,4,10,765,2.0,0,1,20,174,5,3,0,1.0,0.0,1.0,0.0,0.0,0.0
12956,high_active,0,1,1,424,"(250,500]",59,"[10,100)",18,"[5,30)",1256,730+,1,5,29,912,2.0,0,1,44,147,4,3,0,1.0,0.0,0.0,0.0,0.0,0.0
12957,high_active,0,-124,1,848,500+,119,"[100,1k)",83,"[60,120)",1404,730+,1,0,29,918,1.0,0,1,43,232,3,3,0,1.0,0.0,0.0,0.0,0.0,0.0
12959,full_active,0,-124,1,622,500+,25,"[10,100)",15,"[5,30)",1837,730+,1,4,29,919,1.0,0,0,31,343,3,0,0,1.0,0.0,0.0,0.0,0.0,0.0
12960,full_active,0,-124,1,8,"(0,10]",88,"[10,100)",7,"[5,30)",1371,730+,0,2,9,296,0.0,0,1,8,39,5,4,0,1.0,0.0,1.0,0.0,0.0,0.0
12961,full_active,0,-124,0,25,"(10,50]",0,0,0,0,627,366-730,0,3,2,1180,2.0,0,1,32,33,2,0,2,1.0,0.0,0.0,0.0,0.0,0.0
12963,full_active,0,-124,1,382,"(250,500]",36,"[10,100)",32,"[30,60)",2153,730+,0,4,29,891,1.0,0,0,15,32,1,2,0,1.0,0.0,0.0,0.0,0.0,0.0
12964,full_active,0,-124,1,1059,500+,12,"[10,100)",2,"[1,5)",1467,730+,1,4,29,955,3.0,0,1,34,201,4,2,0,1.0,0.0,0.0,0.0,0.0,0.0
12966,full_active,0,-124,1,476,"(250,500]",43,"[10,100)",4,"[1,5)",1559,730+,1,5,2,1165,6.0,0,0,22,412,5,2,2,1.0,0.0,0.0,0.0,0.0,0.0
12976,full_active,0,1,1,854,500+,147,"[100,1k)",22,"[5,30)",2060,730+,1,4,19,625,2.0,0,0,31,242,3,3,0,1.0,0.0,0.0,0.0,0.0,0.0
12980,full_active,0,-124,1,95,"(50,100]",233,"[100,1k)",91,"[60,120)",486,366-730,0,1,30,948,2.0,0,1,20,174,5,3,0,0.0,0.0,0.0,0.0,0.0,0.0
12983,high_active,0,-124,0,3,"(0,10]",4,"[1,10)",1,"[1,5)",140,91-180,0,4,2,1215,2.0,0,0,24,416,1,3,2,0.0,0.0,0.0,0.0,0.0,0.0
12991,full_active,0,-124,1,2383,500+,3005,"[1k,5k)",2300,250+,626,366-730,0,2,10,841,1.0,0,0,31,299,6,2,0,1.0,0.0,0.0,0.0,0.0,0.0
12994,full_active,0,-124,0,78,"(50,100]",20,"[10,100)",4,"[1,5)",819,730+,1,4,10,841,1.0,0,1,8,64,5,2,0,1.0,1.0,0.0,0.0,0.0,0.0
13006,full_active,0,1,1,712,500+,40,"[10,100)",6,"[5,30)",1982,730+,1,3,10,554,1.0,0,1,17,253,4,2,0,1.0,0.0,0.0,0.0,0.0,0.0
13008,full_active,0,-124,0,319,"(250,500]",11,"[10,100)",6,"[5,30)",1541,730+,1,2,3,769,3.0,0,0,30,119,1,2,0,0.0,0.0,0.0,1.0,1.0,0.0
13009,high_active,0,-124,1,76,"(50,100]",8,"[1,10)",2,"[1,5)",1156,730+,0,4,2,1165,6.0,0,0,24,206,1,2,2,1.0,0.0,0.0,0.0,0.0,0.0
13016,full_active,0,1,1,199,"(150,250]",108,"[100,1k)",2,"[1,5)",1598,730+,0,4,2,1152,3.0,0,1,44,400,5,3,2,1.0,0.0,0.0,0.0,0.0,0.0
13017,full_active,0,-124,1,120,"(100,150]",16,"[10,100)",5,"[5,30)",1086,730+,0,2,2,1165,6.0,0,1,44,238,4,2,2,1.0,0.0,0.0,0.0,0.0,0.0
13022,high_active,0,-124,1,357,"(250,500]",199,"[100,1k)",64,"[60,120)",2192,730+,0,4,29,920,1.0,0,0,22,186,3,2,0,1.0,0.0,0.0,0.0,0.0,0.0
13031,full_active,0,-124,1,39,"(10,50]",59,"[10,100)",17,"[5,30)",892,730+,1,5,10,189,3.0,0,0,1,82,2,2,0,1.0,0.0,0.0,0.0,0.0,0.0
13035,full_active,0,-124,1,31,"(10,50]",297,"[100,1k)",31,"[30,60)",676,366-730,0,1,2,1151,3.0,0,0,31,276,6,3,2,1.0,0.0,0.0,0.0,0.0,0.0
13036,full_active,0,1,1,36,"(10,50]",10,"[10,100)",3,"[1,5)",1025,730+,1,3,2,1152,3.0,0,1,9,372,1,2,2,1.0,0.0,0.0,0.0,0.0,0.0
13039,full_active,0,-124,1,182,"(150,250]",938,"[100,1k)",33,"[30,60)",1768,730+,1,1,29,890,0.0,0,0,13,183,6,2,0,1.0,0.0,0.0,0.0,0.0,0.0
13040,full_active,0,-124,0,168,"(150,250]",3,"[1,10)",1,"[1,5)",1634,730+,1,3,10,1025,3.0,0,1,20,348,4,2,0,0.0,0.0,1.0,0.0,0.0,0.0
13041,full_active,0,1,1,32,"(10,50]",77,"[10,100)",26,"[5,30)",327,181-365,1,2,2,1169,8.0,0,1,8,200,5,2,2,1.0,0.0,0.0,0.0,0.0,0.0
13043,middle_active,0,-124,0,7,"(0,10]",0,0,0,0,46,31-60,1,4,2,1153,4.0,0,1,8,39,5,4,2,1.0,0.0,0.0,0.0,0.0,0.0
13045,high_active,0,-124,1,73,"(50,100]",61,"[10,100)",30,"[30,60)",1595,730+,1,5,19,622,1.0,0,0,24,264,4,3,0,1.0,0.0,0.0,0.0,0.0,0.0
13050,2_14_day_new,0,1,1,386,"(250,500]",57,"[10,100)",37,"[30,60)",389,366-730,1,3,10,61,1.0,0,0,1,82,2,2,0,1.0,0.0,0.0,0.0,0.0,0.0
13053,high_active,0,1,1,1,"(0,10]",18,"[10,100)",1,"[1,5)",1567,730+,1,2,28,861,,0,1,18,413,4,0,0,1.0,0.0,1.0,0.0,0.0,0.0
13056,full_active,0,-124,0,691,500+,1,"[1,10)",0,0,1918,730+,1,3,2,1162,8.0,0,0,31,432,4,2,2,1.0,0.0,1.0,1.0,1.0,1.0
13076,high_active,0,-124,1,458,"(250,500]",20,"[10,100)",10,"[5,30)",990,730+,1,1,29,909,1.0,0,1,43,221,4,3,0,0.0,0.0,0.0,0.0,0.0,0.0
13078,full_active,0,-124,1,91,"(50,100]",97,"[10,100)",74,"[60,120)",2332,730+,1,2,2,1152,3.0,0,1,44,238,4,2,2,1.0,0.0,0.0,0.0,0.0,0.0
13097,full_active,0,1,1,405,"(250,500]",718,"[100,1k)",341,250+,1521,730+,1,4,29,947,1.0,0,0,26,124,1,3,0,1.0,0.0,0.0,0.0,0.0,0.0
13103,high_active,0,-124,0,729,500+,4,"[1,10)",1,"[1,5)",1387,730+,1,5,19,568,0.0,0,1,34,273,3,3,0,0.0,0.0,0.0,0.0,0.0,0.0
13105,full_active,0,-124,1,1496,500+,864,"[100,1k)",807,250+,1280,730+,1,6,9,296,0.0,0,0,7,154,1,3,0,1.0,0.0,0.0,0.0,0.0,0.0
13106,full_active,0,-124,1,41,"(10,50]",33,"[10,100)",6,"[5,30)",1278,730+,1,4,22,371,1.0,0,0,14,442,1,2,0,1.0,0.0,0.0,0.0,0.0,1.0
13111,high_active,0,-124,0,2,"(0,10]",4,"[1,10)",0,0,1542,730+,1,4,19,534,2.0,0,1,20,348,4,0,0,1.0,0.0,0.0,0.0,0.0,0.0
13125,full_active,0,1,1,56,"(50,100]",194,"[100,1k)",56,"[30,60)",1548,730+,1,2,2,1160,4.0,0,1,44,147,4,3,2,1.0,0.0,0.0,0.0,0.0,0.0
13129,full_active,0,-124,1,51,"(50,100]",17,"[10,100)",4,"[1,5)",1877,730+,1,2,11,967,1.0,0,1,10,389,6,4,0,0.0,0.0,0.0,0.0,0.0,0.0
13134,full_active,0,1,1,2260,500+,3704,"[1k,5k)",2139,250+,2127,730+,1,4,29,929,2.0,0,0,31,42,6,2,0,1.0,1.0,0.0,0.0,0.0,0.0
13137,high_active,0,-124,1,90,"(50,100]",139,"[100,1k)",73,"[60,120)",1905,730+,0,2,2,1171,5.0,0,1,20,383,6,3,2,1.0,0.0,0.0,0.0,0.0,0.0
13141,full_active,0,1,1,266,"(250,500]",84,"[10,100)",50,"[30,60)",1882,730+,0,3,9,1041,3.0,0,0,15,93,6,2,0,1.0,0.0,0.0,0.0,0.0,0.0
13143,full_active,0,1,1,1930,500+,1113,"[1k,5k)",880,250+,1735,730+,1,5,29,953,2.0,0,0,31,343,3,2,0,1.0,0.0,0.0,0.0,0.0,0.0
13145,high_active,0,1,1,218,"(150,250]",463,"[100,1k)",59,"[30,60)",2715,730+,1,3,9,478,2.0,0,1,44,291,6,2,0,1.0,0.0,0.0,0.0,1.0,0.0
13150,high_active,0,-124,1,106,"(100,150]",5,"[1,10)",0,0,1147,730+,0,4,2,1179,2.0,0,1,20,191,5,2,2,1.0,0.0,0.0,0.0,0.0,0.0
13158,2_14_day_new,0,-124,1,197,"(150,250]",46,"[10,100)",20,"[5,30)",2497,730+,1,4,19,645,3.0,0,0,24,403,1,4,0,0.0,0.0,1.0,0.0,0.0,0.0
13159,full_active,0,-124,1,0,0,11,"[10,100)",0,0,2605,730+,1,2,2,1160,4.0,0,1,0,347,6,4,2,0.0,0.0,0.0,0.0,0.0,0.0
13167,full_active,0,-124,1,231,"(150,250]",54,"[10,100)",44,"[30,60)",549,366-730,1,4,10,215,1.0,0,1,8,64,5,2,0,1.0,0.0,0.0,0.0,0.0,0.0
13171,full_active,0,-124,1,31,"(10,50]",13,"[10,100)",5,"[5,30)",94,91-180,1,4,19,632,0.0,0,0,15,304,1,3,0,1.0,0.0,0.0,0.0,0.0,0.0
13196,high_active,0,-124,1,10,"(0,10]",2,"[1,10)",0,0,93,91-180,1,3,2,1171,5.0,0,0,7,182,1,3,2,1.0,0.0,0.0,0.0,0.0,0.0
13197,full_active,0,1,1,36,"(10,50]",15,"[10,100)",2,"[1,5)",355,181-365,1,4,29,1320,1.0,0,0,19,111,6,2,0,0.0,0.0,0.0,0.0,0.0,0.0
13202,full_active,0,-124,1,155,"(150,250]",8,"[1,10)",2,"[1,5)",1189,730+,1,1,29,913,,0,0,30,114,6,2,0,0.0,0.0,0.0,0.0,0.0,0.0
13205,full_active,0,1,1,355,"(250,500]",65,"[10,100)",25,"[5,30)",1955,730+,0,4,2,1168,7.0,0,0,1,82,2,2,0,1.0,1.0,0.0,0.0,0.0,0.0
13218,full_active,0,-124,1,157,"(150,250]",439,"[100,1k)",156,"[120,250)",303,181-365,0,1,19,543,2.0,0,1,9,402,1,3,0,1.0,0.0,0.0,0.0,0.0,0.0
13224,middle_active,0,-124,1,265,"(250,500]",651,"[100,1k)",23,"[5,30)",753,730+,1,1,2,1160,4.0,0,0,31,354,3,3,2,1.0,0.0,0.0,0.0,0.0,0.0
13230,full_active,0,-124,0,73,"(50,100]",4,"[1,10)",1,"[1,5)",1458,730+,1,4,10,293,1.0,0,1,43,221,4,3,0,1.0,0.0,0.0,0.0,0.0,0.0
13231,full_active,0,1,1,29,"(10,50]",325,"[100,1k)",18,"[5,30)",2600,730+,0,2,2,1160,4.0,0,1,9,310,3,3,2,1.0,0.0,0.0,0.0,0.0,0.0
13232,low_active,0,-124,0,23,"(10,50]",10,"[10,100)",4,"[1,5)",269,181-365,0,1,10,79,0.0,0,1,0,58,1,3,0,1.0,0.0,0.0,0.0,1.0,0.0
13238,full_active,0,-124,0,31,"(10,50]",8,"[1,10)",4,"[1,5)",1281,730+,1,5,19,559,2.0,0,0,31,42,6,3,0,0.0,0.0,0.0,0.0,0.0,0.0
13239,high_active,0,1,1,59,"(50,100]",211,"[100,1k)",55,"[30,60)",2368,730+,1,2,10,765,2.0,0,0,31,275,5,2,0,1.0,0.0,0.0,0.0,0.0,0.0
13250,high_active,0,-124,0,8,"(0,10]",1,"[1,10)",1,"[1,5)",641,366-730,0,2,10,765,2.0,0,0,31,193,3,0,0,0.0,0.0,0.0,0.0,0.0,0.0
13255,full_active,0,-124,0,85,"(50,100]",6,"[1,10)",5,"[5,30)",100,91-180,1,4,28,340,,0,0,24,236,1,0,0,1.0,0.0,0.0,0.0,0.0,0.0
13266,high_active,0,-124,1,186,"(150,250]",115,"[100,1k)",88,"[60,120)",326,181-365,1,2,48,700,1.0,0,1,8,200,5,2,0,0.0,0.0,0.0,0.0,0.0,0.0
13267,middle_active,0,-124,1,63,"(50,100]",29,"[10,100)",2,"[1,5)",1860,730+,0,4,19,639,2.0,0,1,20,85,4,0,0,1.0,0.0,0.0,0.0,0.0,0.0
13292,high_active,0,-124,1,47,"(10,50]",15,"[10,100)",5,"[5,30)",764,730+,0,1,2,1174,3.0,0,1,8,294,6,0,2,0.0,0.0,0.0,0.0,0.0,0.0
13294,full_active,0,1,1,952,500+,889,"[100,1k)",479,250+,1766,730+,0,3,29,891,1.0,0,0,7,252,1,3,0,1.0,0.0,0.0,0.0,0.0,0.0
13297,middle_active,0,-124,1,95,"(50,100]",112,"[100,1k)",77,"[60,120)",1057,730+,0,5,2,1180,2.0,0,1,9,245,6,3,2,0.0,0.0,0.0,0.0,0.0,0.0
13298,full_active,0,-124,1,72,"(50,100]",7,"[1,10)",5,"[5,30)",112,91-180,0,1,19,656,2.0,0,0,31,432,4,2,0,1.0,0.0,0.0,0.0,0.0,0.0
13305,full_active,0,1,1,305,"(250,500]",35,"[10,100)",13,"[5,30)",724,366-730,0,4,10,127,2.0,0,0,38,139,4,2,0,1.0,0.0,0.0,0.0,0.0,0.0
13307,full_active,0,-124,1,130,"(100,150]",120,"[100,1k)",8,"[5,30)",1005,730+,1,5,10,143,1.0,0,0,31,42,6,4,0,,,,,,
13324,full_active,0,-124,1,0,0,4,"[1,10)",0,0,1053,730+,1,6,29,1419,2.0,0,0,1,82,2,2,0,0.0,0.0,0.0,0.0,0.0,0.0
13329,high_active,0,-124,1,86,"(50,100]",27,"[10,100)",20,"[5,30)",757,730+,1,1,19,611,1.0,0,1,18,362,6,0,0,1.0,0.0,1.0,0.0,0.0,0.0
13331,full_active,0,-124,1,127,"(100,150]",240,"[100,1k)",76,"[60,120)",822,730+,0,6,29,1354,1.0,0,0,38,139,4,2,0,,,,,,
13336,full_active,0,-124,1,646,500+,53,"[10,100)",26,"[5,30)",574,366-730,0,3,19,527,2.0,0,1,34,80,1,3,0,1.0,0.0,0.0,0.0,0.0,0.0
13350,high_active,0,-124,0,81,"(50,100]",1,"[1,10)",1,"[1,5)",69,61-90,0,1,29,1403,3.0,0,1,9,243,6,2,0,1.0,1.0,0.0,0.0,0.0,0.0
13352,full_active,0,-124,1,2,"(0,10]",43,"[10,100)",2,"[1,5)",99,91-180,1,1,2,1160,4.0,0,0,13,361,1,0,2,1.0,0.0,0.0,0.0,0.0,0.0
13355,full_active,0,-124,1,107,"(100,150]",47,"[10,100)",19,"[5,30)",406,366-730,0,2,19,641,1.0,0,1,43,197,1,0,0,1.0,0.0,0.0,0.0,0.0,0.0
13366,full_active,0,1,1,32,"(10,50]",83,"[10,100)",26,"[5,30)",2268,730+,1,2,28,254,,0,0,15,109,3,3,0,1.0,0.0,0.0,0.0,0.0,0.0
13371,full_active,0,1,1,100,"(50,100]",10,"[10,100)",5,"[5,30)",909,730+,1,5,10,230,1.0,0,1,32,33,2,2,0,1.0,0.0,0.0,0.0,0.0,0.0
13376,full_active,0,-124,0,55,"(50,100]",4,"[1,10)",0,0,843,730+,1,4,29,1302,1.0,0,1,10,373,5,2,0,0.0,0.0,0.0,0.0,0.0,0.0
13384,full_active,0,1,1,0,0,18,"[10,100)",0,0,443,366-730,0,2,10,854,1.0,0,1,10,373,5,3,0,0.0,0.0,0.0,0.0,0.0,0.0
13386,full_active,0,1,1,34,"(10,50]",35,"[10,100)",20,"[5,30)",1602,730+,0,6,29,1316,1.0,0,0,19,378,3,4,0,0.0,0.0,0.0,0.0,0.0,0.0
13388,full_active,0,1,1,27,"(10,50]",113,"[100,1k)",26,"[5,30)",2605,730+,1,2,2,1165,6.0,0,1,8,64,5,2,2,1.0,0.0,0.0,0.0,0.0,0.0
13390,full_active,0,-124,1,25,"(10,50]",16,"[10,100)",11,"[5,30)",650,366-730,0,2,29,899,1.0,0,0,42,50,6,0,0,0.0,0.0,0.0,0.0,0.0,0.0
13393,full_active,0,-124,1,76,"(50,100]",42,"[10,100)",0,0,1718,730+,0,2,29,966,2.0,0,1,0,417,6,2,0,0.0,0.0,1.0,0.0,0.0,0.0
13397,full_active,0,-124,1,86,"(50,100]",23,"[10,100)",20,"[5,30)",1037,730+,0,5,29,906,1.0,0,1,5,95,5,2,0,1.0,0.0,0.0,0.0,0.0,0.0
13410,full_active,0,-124,0,51,"(50,100]",0,0,0,0,284,181-365,0,4,9,58,3.0,0,1,18,395,6,4,0,0.0,0.0,0.0,0.0,0.0,0.0
13412,full_active,0,1,1,991,500+,339,"[100,1k)",196,"[120,250)",1661,730+,0,4,29,1289,3.0,0,0,33,234,1,2,0,1.0,0.0,0.0,0.0,0.0,0.0
13417,full_active,0,-124,1,205,"(150,250]",20,"[10,100)",12,"[5,30)",34,31-60,0,4,31,367,0.0,0,1,34,80,1,3,0,1.0,0.0,0.0,0.0,0.0,0.0
13419,high_active,0,-124,1,5,"(0,10]",11,"[10,100)",4,"[1,5)",435,366-730,0,0,19,623,1.0,0,1,20,411,6,0,0,0.0,0.0,0.0,0.0,0.0,0.0
13426,high_active,0,-124,0,292,"(250,500]",3,"[1,10)",0,0,819,730+,1,5,10,765,2.0,0,1,9,418,1,4,0,1.0,0.0,0.0,0.0,0.0,0.0
13432,middle_active,0,-124,1,122,"(100,150]",217,"[100,1k)",122,"[120,250)",341,181-365,0,1,10,339,1.0,0,1,9,310,3,3,0,0.0,0.0,0.0,0.0,0.0,0.0
13434,high_active,0,1,1,56,"(50,100]",769,"[100,1k)",54,"[30,60)",1462,730+,1,1,2,1158,5.0,0,0,31,299,6,3,2,1.0,0.0,0.0,0.0,0.0,0.0
13446,full_active,0,-124,1,533,500+,734,"[100,1k)",345,250+,1659,730+,1,2,2,1160,4.0,0,0,42,50,6,2,2,1.0,0.0,0.0,0.0,0.0,0.0
13449,full_active,0,-124,1,37,"(10,50]",2,"[1,10)",1,"[1,5)",254,181-365,0,6,41,1042,,0,0,15,178,3,2,0,1.0,0.0,1.0,0.0,0.0,0.0
13452,full_active,0,-124,1,2130,500+,68,"[10,100)",10,"[5,30)",1812,730+,1,4,29,963,1.0,0,1,8,259,6,3,0,0.0,0.0,0.0,0.0,0.0,1.0
13457,full_active,0,1,1,35,"(10,50]",74,"[10,100)",11,"[5,30)",1797,730+,0,3,2,1165,6.0,0,0,33,134,3,2,2,1.0,0.0,0.0,0.0,0.0,0.0
13459,high_active,0,-124,1,159,"(150,250]",10,"[10,100)",8,"[5,30)",1322,730+,1,5,29,899,1.0,0,1,43,197,1,3,0,1.0,0.0,0.0,0.0,0.0,0.0
13464,2_14_day_new,0,-124,1,7,"(0,10]",4,"[1,10)",0,0,1192,730+,1,2,19,656,2.0,0,1,8,294,6,2,0,1.0,0.0,0.0,0.0,0.0,0.0
13472,high_active,0,-124,1,979,500+,27,"[10,100)",19,"[5,30)",289,181-365,1,1,19,632,0.0,0,1,20,191,5,3,0,1.0,1.0,0.0,0.0,0.0,0.0
13475,high_active,0,-124,1,22,"(10,50]",18,"[10,100)",2,"[1,5)",1229,730+,0,4,2,1167,9.0,0,0,19,110,1,2,2,1.0,0.0,1.0,0.0,0.0,0.0
13477,low_active,0,-124,0,3,"(0,10]",1,"[1,10)",0,0,145,91-180,1,2,2,1177,2.0,0,1,44,338,5,3,2,1.0,0.0,0.0,0.0,0.0,0.0
13478,full_active,0,1,1,5,"(0,10]",2,"[1,10)",2,"[1,5)",2002,730+,0,2,2,1171,5.0,0,0,15,69,6,3,2,1.0,0.0,0.0,0.0,0.0,0.0
13484,full_active,0,-124,1,754,500+,10,"[10,100)",7,"[5,30)",839,730+,1,1,28,999,,0,0,31,193,3,4,1,1.0,0.0,1.0,0.0,1.0,0.0
13496,middle_active,0,-124,1,9,"(0,10]",0,0,0,0,1337,730+,1,3,19,558,2.0,0,0,24,264,4,3,0,,,,,,
13500,full_active,0,-124,1,571,500+,40,"[10,100)",26,"[5,30)",2025,730+,0,3,19,558,2.0,0,0,13,183,6,4,0,1.0,0.0,0.0,0.0,0.0,0.0
13504,2_14_day_new,0,-124,1,41,"(10,50]",332,"[100,1k)",40,"[30,60)",2104,730+,1,1,2,1168,7.0,0,0,19,387,1,4,2,1.0,0.0,0.0,0.0,0.0,0.0
13513,high_active,0,-124,0,8,"(0,10]",1,"[1,10)",0,0,292,181-365,1,3,2,1171,5.0,0,0,42,331,1,2,2,1.0,0.0,0.0,0.0,0.0,0.0
13515,full_active,0,-124,0,81,"(50,100]",13,"[10,100)",3,"[1,5)",1919,730+,1,4,31,425,1.0,0,0,31,276,6,0,0,0.0,0.0,0.0,0.0,0.0,0.0
13517,full_active,0,1,1,2063,500+,2545,"[1k,5k)",1578,250+,1879,730+,0,4,29,955,3.0,0,0,7,252,1,2,0,1.0,0.0,0.0,0.0,0.0,0.0
13521,full_active,0,-124,1,96,"(50,100]",7,"[1,10)",2,"[1,5)",1897,730+,0,4,29,977,3.0,0,1,43,312,1,0,0,1.0,0.0,1.0,0.0,1.0,0.0
13533,full_active,0,1,1,37,"(10,50]",35,"[10,100)",2,"[1,5)",1764,730+,1,2,28,1003,,0,1,34,388,1,2,0,0.0,0.0,0.0,0.0,0.0,0.0
13534,full_active,0,1,1,3,"(0,10]",13,"[10,100)",0,0,1490,730+,0,3,29,1297,1.0,0,1,0,160,3,4,0,1.0,0.0,0.0,0.0,0.0,0.0
13540,full_active,0,-124,1,100,"(50,100]",26,"[10,100)",8,"[5,30)",1478,730+,0,4,19,599,2.0,0,0,31,283,6,3,0,1.0,0.0,0.0,0.0,0.0,1.0
13544,full_active,0,1,1,1304,500+,158,"[100,1k)",73,"[60,120)",1137,730+,1,2,29,897,2.0,0,1,10,152,3,3,0,1.0,0.0,0.0,0.0,0.0,0.0
13551,middle_active,0,1,1,129,"(100,150]",15,"[10,100)",11,"[5,30)",96,91-180,1,4,29,1403,3.0,0,1,34,210,1,3,0,1.0,0.0,0.0,0.0,0.0,0.0
13567,full_active,0,1,1,282,"(250,500]",507,"[100,1k)",113,"[60,120)",2027,730+,1,4,29,926,1.0,0,0,38,139,4,2,0,1.0,0.0,0.0,0.0,0.0,0.0
13571,middle_active,0,-124,1,83,"(50,100]",22,"[10,100)",0,0,652,366-730,1,1,29,952,4.0,0,1,43,221,4,3,0,1.0,0.0,1.0,0.0,0.0,0.0
13574,full_active,0,-124,1,159,"(150,250]",8,"[1,10)",2,"[1,5)",1441,730+,1,2,2,1160,4.0,0,1,21,231,3,2,2,0.0,0.0,0.0,0.0,0.0,0.0
13576,full_active,0,1,1,579,500+,257,"[100,1k)",163,"[120,250)",1682,730+,0,4,48,708,1.0,0,0,7,398,1,2,0,1.0,0.0,0.0,0.0,0.0,0.0
13578,full_active,0,-124,1,41,"(10,50]",48,"[10,100)",33,"[30,60)",1281,730+,1,1,33,956,2.0,0,1,20,174,5,2,0,1.0,0.0,0.0,0.0,1.0,0.0
13580,middle_active,0,1,1,286,"(250,500]",588,"[100,1k)",276,250+,831,730+,1,2,2,1180,2.0,0,0,28,445,1,3,2,0.0,0.0,0.0,0.0,0.0,0.0
13581,high_active,0,-124,1,19,"(10,50]",5,"[1,10)",0,0,1292,730+,1,4,2,1151,3.0,0,1,20,218,5,2,2,1.0,0.0,0.0,0.0,0.0,0.0
13589,full_active,0,-124,1,63,"(50,100]",23,"[10,100)",6,"[5,30)",1744,730+,1,6,29,906,1.0,0,0,19,387,1,3,0,1.0,0.0,0.0,0.0,0.0,0.0
13590,high_active,0,-124,1,29,"(10,50]",16,"[10,100)",8,"[5,30)",1177,730+,0,2,10,1024,2.0,0,0,30,114,6,2,0,1.0,0.0,0.0,0.0,0.0,0.0
13592,full_active,0,-124,1,224,"(150,250]",18,"[10,100)",9,"[5,30)",2131,730+,1,5,19,640,1.0,0,0,15,69,6,4,0,1.0,0.0,0.0,0.0,0.0,0.0
13595,full_active,0,-124,1,47,"(10,50]",85,"[10,100)",29,"[5,30)",2549,730+,1,2,2,1160,4.0,0,0,13,361,1,3,2,0.0,0.0,0.0,0.0,0.0,0.0
13596,full_active,0,1,1,296,"(250,500]",698,"[100,1k)",104,"[60,120)",1246,730+,1,5,31,751,1.0,0,0,7,427,1,3,0,1.0,0.0,0.0,0.0,0.0,0.0
13616,full_active,0,-124,1,342,"(250,500]",10,"[10,100)",5,"[5,30)",1884,730+,1,2,33,975,2.0,0,1,34,341,6,3,0,1.0,0.0,0.0,0.0,1.0,0.0
13625,full_active,0,-124,1,179,"(150,250]",47,"[10,100)",17,"[5,30)",1190,730+,0,5,10,765,2.0,0,0,28,367,3,2,0,1.0,0.0,0.0,0.0,0.0,0.0
13631,full_active,0,-124,1,29,"(10,50]",32,"[10,100)",23,"[5,30)",127,91-180,0,6,29,1334,0.0,0,1,10,254,3,3,0,,,,,,
13639,full_active,0,-124,1,96,"(50,100]",35,"[10,100)",17,"[5,30)",1696,730+,0,4,10,118,3.0,0,0,19,81,6,2,0,1.0,0.0,0.0,0.0,0.0,0.0
13641,full_active,0,-124,1,121,"(100,150]",39,"[10,100)",20,"[5,30)",1434,730+,1,5,10,285,1.0,0,0,31,42,6,4,0,1.0,0.0,0.0,0.0,0.0,0.0
13643,middle_active,0,-124,1,296,"(250,500]",157,"[100,1k)",117,"[60,120)",533,366-730,1,1,29,1344,1.0,0,1,9,88,5,3,2,0.0,0.0,0.0,0.0,0.0,0.0
13644,full_active,0,-124,1,357,"(250,500]",914,"[100,1k)",353,250+,863,730+,0,4,2,1174,3.0,0,0,30,251,3,4,0,1.0,0.0,0.0,0.0,0.0,0.0
13652,full_active,0,-124,1,250,"(150,250]",34,"[10,100)",7,"[5,30)",2026,730+,1,5,19,641,1.0,0,0,13,267,6,3,0,0.0,0.0,0.0,0.0,0.0,0.0
13653,full_active,0,-124,1,161,"(150,250]",41,"[10,100)",32,"[30,60)",1189,730+,0,5,31,417,0.0,0,0,19,387,1,4,0,0.0,0.0,0.0,0.0,0.0,0.0
13656,high_active,0,-124,1,61,"(50,100]",20,"[10,100)",7,"[5,30)",275,181-365,0,4,19,641,1.0,0,0,7,154,1,3,0,1.0,0.0,0.0,0.0,0.0,0.0
13662,full_active,0,-124,1,337,"(250,500]",69,"[10,100)",31,"[30,60)",1199,730+,0,6,29,1399,1.0,0,0,19,387,1,0,0,1.0,0.0,0.0,0.0,0.0,0.0
13665,high_active,0,-124,1,123,"(100,150]",43,"[10,100)",35,"[30,60)",1680,730+,0,6,19,540,1.0,0,0,7,398,1,3,0,1.0,0.0,0.0,0.0,0.0,0.0
13669,full_active,0,-124,1,363,"(250,500]",420,"[100,1k)",309,250+,1571,730+,1,1,19,582,2.0,0,1,34,155,3,2,0,1.0,0.0,0.0,0.0,1.0,0.0
13675,full_active,0,-124,1,91,"(50,100]",84,"[10,100)",3,"[1,5)",861,730+,1,5,29,908,1.0,0,0,38,139,4,3,0,1.0,0.0,0.0,0.0,0.0,0.0
13676,full_active,0,1,1,1491,500+,2949,"[1k,5k)",574,250+,1821,730+,1,5,19,611,1.0,0,0,28,445,1,3,0,1.0,0.0,1.0,0.0,0.0,0.0
13678,full_active,0,1,1,1032,500+,46,"[10,100)",15,"[5,30)",1166,730+,0,4,31,381,2.0,0,1,5,332,5,2,0,1.0,0.0,0.0,0.0,0.0,0.0
13679,full_active,0,-124,1,131,"(100,150]",27,"[10,100)",23,"[5,30)",1807,730+,0,1,2,1160,4.0,0,1,9,167,1,4,2,1.0,0.0,0.0,0.0,0.0,0.0
13680,full_active,0,-124,1,427,"(250,500]",667,"[100,1k)",419,250+,735,730+,0,2,7,213,0.0,0,1,10,152,3,2,0,1.0,0.0,0.0,0.0,0.0,0.0
13683,low_active,0,-124,0,659,500+,3,"[1,10)",1,"[1,5)",653,366-730,0,1,2,1174,3.0,0,1,20,411,6,0,2,0.0,0.0,0.0,0.0,0.0,0.0
13684,full_active,0,-124,1,185,"(150,250]",23,"[10,100)",10,"[5,30)",887,730+,1,1,29,930,1.0,0,0,31,354,3,4,0,0.0,0.0,0.0,0.0,0.0,0.0
13685,middle_active,0,-124,1,1335,500+,84,"[10,100)",82,"[60,120)",654,366-730,0,4,29,1342,1.0,0,1,10,450,3,4,0,0.0,0.0,0.0,0.0,0.0,0.0
13687,full_active,0,-124,1,272,"(250,500]",202,"[100,1k)",163,"[120,250)",65,61-90,1,5,31,748,0.0,0,1,34,201,4,2,0,0.0,0.0,0.0,0.0,0.0,0.0
13690,full_active,0,-124,0,22,"(10,50]",1,"[1,10)",0,0,2343,730+,1,2,19,578,1.0,0,1,44,238,4,3,0,1.0,0.0,0.0,1.0,1.0,0.0
13691,full_active,0,-124,1,13,"(10,50]",300,"[100,1k)",13,"[5,30)",1636,730+,0,4,29,936,1.0,0,1,43,336,3,4,0,1.0,0.0,0.0,0.0,0.0,0.0
13693,middle_active,0,-124,1,99,"(50,100]",130,"[100,1k)",98,"[60,120)",100,91-180,1,1,2,1155,3.0,0,1,43,43,1,3,2,,,,,,
13694,high_active,0,-124,1,593,500+,36,"[10,100)",7,"[5,30)",2480,730+,0,3,2,1162,7.0,0,1,43,221,4,2,2,1.0,0.0,0.0,0.0,0.0,0.0
13697,full_active,0,-124,1,113,"(100,150]",28,"[10,100)",20,"[5,30)",1943,730+,1,2,2,1158,7.0,0,1,21,34,6,4,2,1.0,0.0,0.0,0.0,0.0,0.0
13717,full_active,0,-124,1,26,"(10,50]",116,"[100,1k)",1,"[1,5)",2101,730+,0,2,2,1153,4.0,0,1,8,287,2,2,2,1.0,0.0,0.0,0.0,0.0,0.0
13719,high_active,0,-124,1,454,"(250,500]",128,"[100,1k)",68,"[60,120)",2284,730+,1,3,29,923,2.0,0,1,8,262,6,2,0,1.0,0.0,1.0,0.0,0.0,0.0
13727,high_active,0,-124,1,1559,500+,17,"[10,100)",7,"[5,30)",1049,730+,0,1,29,1296,1.0,0,1,20,161,6,0,0,0.0,0.0,0.0,0.0,0.0,0.0
13728,high_active,0,1,1,137,"(100,150]",126,"[100,1k)",68,"[60,120)",1253,730+,0,4,29,909,1.0,0,0,7,138,1,3,0,1.0,0.0,0.0,0.0,0.0,0.0
13730,full_active,0,1,1,659,500+,1022,"[1k,5k)",649,250+,1891,730+,0,1,2,1153,5.0,0,0,31,299,6,2,2,1.0,0.0,0.0,0.0,0.0,0.0
13731,full_active,0,-124,1,1315,500+,31,"[10,100)",20,"[5,30)",2621,730+,1,3,29,882,1.0,0,1,20,348,4,2,0,0.0,0.0,0.0,0.0,0.0,0.0
13738,full_active,0,-124,1,192,"(150,250]",485,"[100,1k)",142,"[120,250)",995,730+,0,1,19,656,2.0,0,1,18,196,3,3,0,1.0,0.0,0.0,0.0,0.0,0.0
13743,high_active,0,-124,1,181,"(150,250]",26,"[10,100)",15,"[5,30)",540,366-730,1,1,2,1175,1.0,0,0,13,330,5,4,2,1.0,0.0,0.0,0.0,0.0,0.0
13744,high_active,0,1,1,85,"(50,100]",586,"[100,1k)",69,"[60,120)",2597,730+,0,3,29,923,2.0,0,0,13,204,3,3,0,0.0,0.0,0.0,0.0,0.0,0.0
13749,full_active,0,1,1,513,500+,89,"[10,100)",24,"[5,30)",2009,730+,1,3,10,854,1.0,0,1,0,102,5,2,0,1.0,0.0,0.0,0.0,0.0,0.0
13751,full_active,0,-124,1,78,"(50,100]",73,"[10,100)",43,"[30,60)",1299,730+,1,4,10,287,1.0,0,0,13,390,3,4,0,0.0,0.0,1.0,0.0,0.0,0.0
13758,full_active,0,1,1,2537,500+,529,"[100,1k)",303,250+,1848,730+,1,5,19,594,1.0,0,0,30,251,3,4,0,1.0,0.0,0.0,0.0,0.0,0.0
13761,full_active,0,1,1,34,"(10,50]",164,"[100,1k)",21,"[5,30)",1987,730+,1,5,19,607,2.0,0,0,38,139,4,2,0,0.0,0.0,1.0,0.0,0.0,0.0
13763,full_active,0,-124,1,265,"(250,500]",5,"[1,10)",1,"[1,5)",642,366-730,1,5,10,230,1.0,0,1,34,341,6,2,0,1.0,0.0,1.0,0.0,0.0,0.0
13764,high_active,0,-124,1,19,"(10,50]",6,"[1,10)",1,"[1,5)",325,181-365,1,4,2,1159,3.0,0,1,2,399,4,0,2,1.0,0.0,0.0,0.0,0.0,1.0
13765,full_active,0,-124,1,113,"(100,150]",12,"[10,100)",3,"[1,5)",901,730+,0,4,10,1004,1.0,0,1,17,253,4,2,0,1.0,0.0,0.0,0.0,0.0,0.0
13766,full_active,0,1,1,213,"(150,250]",59,"[10,100)",15,"[5,30)",2631,730+,0,3,2,1180,2.0,0,0,31,354,3,2,2,1.0,0.0,0.0,0.0,0.0,0.0
13772,full_active,0,-124,1,88,"(50,100]",21,"[10,100)",4,"[1,5)",1927,730+,1,2,10,126,3.0,0,1,34,79,1,3,2,1.0,0.0,1.0,0.0,0.0,0.0
13774,full_active,0,1,1,571,500+,735,"[100,1k)",567,250+,1465,730+,0,6,19,535,1.0,0,0,13,117,6,3,0,1.0,0.0,0.0,0.0,0.0,0.0
13777,full_active,0,-124,1,248,"(150,250]",59,"[10,100)",20,"[5,30)",1625,730+,1,6,19,628,1.0,0,0,13,390,3,4,0,0.0,0.0,0.0,0.0,0.0,0.0
13783,full_active,0,-124,0,527,500+,14,"[10,100)",11,"[5,30)",1462,730+,1,4,19,633,2.0,0,0,31,299,6,3,0,1.0,0.0,1.0,0.0,0.0,0.0
13787,2_14_day_new,0,-124,1,454,"(250,500]",551,"[100,1k)",279,250+,673,366-730,0,1,29,1344,1.0,0,1,9,310,3,3,0,0.0,0.0,0.0,0.0,0.0,0.0
13788,full_active,0,-124,0,12,"(10,50]",1,"[1,10)",0,0,130,91-180,1,4,31,373,0.0,0,0,14,339,3,0,0,0.0,0.0,0.0,0.0,0.0,0.0
13793,high_active,0,-124,0,65,"(50,100]",6,"[1,10)",5,"[5,30)",335,181-365,1,5,29,962,1.0,0,0,24,359,1,3,0,1.0,0.0,1.0,0.0,0.0,0.0
13803,full_active,0,-124,1,167,"(150,250]",397,"[100,1k)",110,"[60,120)",1568,730+,0,2,2,1153,4.0,0,1,10,389,6,2,2,1.0,0.0,0.0,0.0,0.0,0.0
13804,full_active,0,1,1,323,"(250,500]",21,"[10,100)",6,"[5,30)",972,730+,1,4,2,1160,4.0,0,0,15,274,6,2,2,1.0,0.0,0.0,0.0,0.0,0.0
13806,full_active,0,-124,0,68,"(50,100]",1,"[1,10)",1,"[1,5)",311,181-365,1,2,29,947,1.0,0,0,33,141,5,2,0,1.0,0.0,0.0,0.0,0.0,0.0
13807,full_active,0,1,1,182,"(150,250]",533,"[100,1k)",114,"[60,120)",2007,730+,0,3,31,738,2.0,0,1,8,287,2,2,0,0.0,0.0,0.0,0.0,0.0,0.0
13814,full_active,0,-124,1,36,"(10,50]",10,"[10,100)",7,"[5,30)",1759,730+,0,2,19,611,1.0,0,0,13,204,3,4,0,0.0,0.0,0.0,0.0,0.0,0.0
13821,high_active,0,1,1,123,"(100,150]",301,"[100,1k)",121,"[120,250)",1253,730+,1,1,9,296,0.0,0,1,34,273,3,3,0,0.0,0.0,0.0,0.0,0.0,0.0
13822,middle_active,0,-124,1,136,"(100,150]",280,"[100,1k)",1,"[1,5)",1072,730+,0,1,2,1139,2.0,0,1,44,238,4,2,1,0.0,0.0,0.0,0.0,0.0,0.0
13824,full_active,0,1,1,442,"(250,500]",1838,"[1k,5k)",413,250+,1596,730+,0,1,2,1153,4.0,0,1,43,336,3,3,2,1.0,0.0,0.0,0.0,0.0,0.0
13826,high_active,0,-124,1,130,"(100,150]",159,"[100,1k)",111,"[60,120)",2259,730+,0,2,19,583,1.0,0,0,13,204,3,4,0,0.0,0.0,0.0,0.0,0.0,0.0
13834,full_active,0,-124,1,125,"(100,150]",102,"[100,1k)",37,"[30,60)",1680,730+,1,4,10,201,0.0,0,0,22,239,1,2,0,0.0,0.0,0.0,0.0,0.0,0.0
13846,full_active,0,1,1,92,"(50,100]",100,"[100,1k)",3,"[1,5)",1547,730+,1,4,19,611,1.0,0,0,13,117,6,4,0,1.0,0.0,0.0,0.0,0.0,0.0
13851,full_active,0,-124,1,213,"(150,250]",362,"[100,1k)",132,"[120,250)",2181,730+,0,1,10,277,1.0,0,1,34,80,1,3,0,1.0,0.0,0.0,0.0,0.0,0.0
13861,full_active,0,-124,0,61,"(50,100]",62,"[10,100)",27,"[5,30)",835,730+,0,6,31,367,0.0,0,1,32,33,2,4,0,0.0,0.0,0.0,0.0,0.0,0.0
13871,middle_active,0,-124,1,5,"(0,10]",2,"[1,10)",1,"[1,5)",105,91-180,1,1,28,139,,0,1,10,389,6,4,0,0.0,0.0,1.0,0.0,0.0,0.0
13872,middle_active,0,-124,0,2,"(0,10]",1,"[1,10)",1,"[1,5)",133,91-180,0,4,19,642,1.0,0,1,0,347,6,0,0,1.0,1.0,0.0,0.0,0.0,0.0
13877,full_active,0,-124,1,901,500+,541,"[100,1k)",404,250+,1169,730+,0,4,19,558,2.0,0,1,34,80,1,3,0,1.0,0.0,0.0,0.0,0.0,0.0
13882,full_active,0,-124,1,3,"(0,10]",2,"[1,10)",2,"[1,5)",250,181-365,0,1,9,296,0.0,0,1,8,349,3,2,0,0.0,0.0,0.0,0.0,0.0,0.0
13883,high_active,0,-124,0,1,"(0,10]",0,0,0,0,64,61-90,1,1,19,615,2.0,0,0,31,343,3,0,0,1.0,0.0,1.0,0.0,0.0,0.0
13891,2_14_day_new,0,-124,1,28,"(10,50]",554,"[100,1k)",28,"[5,30)",1565,730+,0,1,2,1160,5.0,0,0,19,396,3,2,2,1.0,0.0,0.0,0.0,0.0,0.0
13897,30day_retention,0,-124,1,72,"(50,100]",380,"[100,1k)",72,"[60,120)",996,730+,0,1,2,1155,3.0,0,1,8,434,3,2,2,1.0,0.0,0.0,0.0,0.0,0.0
13899,full_active,0,-124,1,22,"(10,50]",1,"[1,10)",0,0,337,181-365,1,1,2,1165,6.0,0,1,20,348,4,2,2,1.0,0.0,0.0,0.0,0.0,0.0
13901,middle_active,0,-124,1,169,"(150,250]",476,"[100,1k)",46,"[30,60)",1827,730+,1,1,2,1167,9.0,0,0,19,78,1,3,2,1.0,0.0,0.0,0.0,0.0,0.0
13903,2_14_day_new,0,-124,0,6,"(0,10]",1,"[1,10)",0,0,142,91-180,1,1,19,617,4.0,0,1,10,449,3,0,0,1.0,0.0,0.0,0.0,0.0,0.0
13905,full_active,0,-124,1,310,"(250,500]",143,"[100,1k)",47,"[30,60)",1909,730+,1,4,10,177,2.0,0,0,15,371,3,0,0,0.0,0.0,1.0,0.0,0.0,0.0
13914,full_active,0,1,1,96,"(50,100]",597,"[100,1k)",25,"[5,30)",2588,730+,0,3,29,958,1.0,0,1,44,338,5,3,0,1.0,0.0,0.0,0.0,0.0,0.0
13917,full_active,0,1,1,82,"(50,100]",462,"[100,1k)",82,"[60,120)",543,366-730,0,1,2,1160,4.0,0,1,0,58,1,4,2,1.0,0.0,0.0,0.0,0.0,0.0
13918,high_active,0,-124,1,920,500+,159,"[100,1k)",58,"[30,60)",1001,730+,0,4,29,936,1.0,0,0,13,361,1,3,0,1.0,0.0,0.0,0.0,0.0,0.0
13920,full_active,0,-124,0,26,"(10,50]",8,"[1,10)",1,"[1,5)",782,730+,1,6,10,183,2.0,0,0,13,183,6,3,0,1.0,1.0,1.0,0.0,0.0,0.0
13922,full_active,0,-124,1,197,"(150,250]",16,"[10,100)",10,"[5,30)",2481,730+,1,2,29,1327,1.0,0,1,12,35,1,3,0,1.0,0.0,0.0,0.0,0.0,0.0
13923,low_active,0,-124,1,84,"(50,100]",37,"[10,100)",7,"[5,30)",1185,730+,1,1,29,920,1.0,0,1,43,250,1,2,0,0.0,0.0,0.0,0.0,0.0,0.0
13929,full_active,0,-124,1,1356,500+,413,"[100,1k)",302,250+,1261,730+,1,1,11,1412,1.0,0,1,0,58,1,3,0,1.0,0.0,0.0,0.0,0.0,0.0
13945,full_active,0,-124,1,0,0,50,"[10,100)",0,0,147,91-180,0,4,29,911,1.0,0,1,20,411,6,0,0,1.0,0.0,1.0,0.0,0.0,0.0
13953,full_active,0,-124,1,8,"(0,10]",8,"[1,10)",0,0,2195,730+,0,3,19,613,2.0,0,1,8,344,6,2,0,1.0,0.0,0.0,0.0,0.0,0.0
13957,high_active,0,-124,1,892,500+,28,"[10,100)",14,"[5,30)",1228,730+,0,1,10,100,0.0,0,1,34,169,1,0,0,0.0,0.0,0.0,0.0,0.0,0.0
13958,full_active,0,-124,1,1100,500+,51,"[10,100)",34,"[30,60)",1761,730+,0,4,19,589,2.0,0,1,20,85,4,2,0,0.0,1.0,0.0,0.0,0.0,0.0
13963,full_active,0,-124,0,400,"(250,500]",52,"[10,100)",24,"[5,30)",900,730+,0,5,29,1318,1.0,0,0,28,278,1,0,0,1.0,0.0,0.0,0.0,0.0,0.0
13972,full_active,0,-124,1,616,500+,1612,"[1k,5k)",569,250+,1174,730+,0,1,19,622,1.0,0,0,24,137,5,2,0,1.0,0.0,0.0,0.0,0.0,0.0
13979,full_active,0,-124,0,200,"(150,250]",33,"[10,100)",5,"[5,30)",1191,730+,1,3,10,863,1.0,0,0,7,77,5,3,0,1.0,0.0,0.0,0.0,0.0,0.0
13985,full_active,0,-124,1,328,"(250,500]",325,"[100,1k)",265,250+,759,730+,0,1,9,278,2.0,0,0,33,141,5,2,0,1.0,0.0,0.0,0.0,0.0,0.0
13992,full_active,0,-124,1,95,"(50,100]",14,"[10,100)",1,"[1,5)",889,730+,0,4,29,923,2.0,0,1,5,31,6,0,0,1.0,0.0,0.0,0.0,0.0,0.0
13997,full_active,0,1,1,178,"(150,250]",12,"[10,100)",5,"[5,30)",1188,730+,1,4,2,1153,4.0,0,0,15,394,4,3,2,1.0,0.0,0.0,0.0,1.0,0.0
14002,high_active,0,-124,1,441,"(250,500]",226,"[100,1k)",133,"[120,250)",830,730+,0,6,19,627,1.0,0,0,7,40,1,3,0,0.0,0.0,0.0,1.0,0.0,0.0
14004,full_active,0,-124,1,252,"(250,500]",19,"[10,100)",9,"[5,30)",1274,730+,1,5,45,1033,1.0,0,0,22,123,1,2,0,0.0,0.0,1.0,0.0,0.0,0.0
14015,full_active,0,-124,1,128,"(100,150]",154,"[100,1k)",123,"[120,250)",1043,730+,1,1,29,1322,2.0,0,0,13,67,6,2,0,0.0,0.0,0.0,0.0,0.0,0.0
14021,full_active,0,-124,1,162,"(150,250]",36,"[10,100)",15,"[5,30)",1139,730+,0,4,29,926,1.0,0,0,31,42,6,3,0,1.0,0.0,0.0,0.0,0.0,0.0
14022,full_active,0,-124,0,13,"(10,50]",0,0,0,0,393,366-730,0,3,10,851,3.0,0,1,44,238,4,0,0,1.0,0.0,1.0,0.0,0.0,0.0
14023,middle_active,0,-124,0,117,"(100,150]",0,0,0,0,336,181-365,1,0,29,964,1.0,0,1,8,200,5,0,0,0.0,0.0,0.0,0.0,0.0,0.0
14025,full_active,0,1,1,1724,500+,779,"[100,1k)",441,250+,1971,730+,0,4,10,238,3.0,0,0,7,77,5,3,0,1.0,0.0,0.0,0.0,0.0,0.0
14026,full_active,0,-124,0,38,"(10,50]",15,"[10,100)",12,"[5,30)",1113,730+,1,4,29,1357,1.0,0,0,24,357,3,2,0,0.0,0.0,1.0,0.0,0.0,0.0
14041,full_active,0,1,1,1864,500+,222,"[100,1k)",136,"[120,250)",1997,730+,0,3,29,936,1.0,0,0,22,412,5,2,0,1.0,0.0,0.0,0.0,0.0,0.0
14043,high_active,0,-124,1,428,"(250,500]",279,"[100,1k)",222,"[120,250)",474,366-730,0,2,10,129,2.0,0,1,9,245,6,3,0,1.0,0.0,0.0,0.0,0.0,0.0
14047,full_active,0,-124,1,90,"(50,100]",24,"[10,100)",9,"[5,30)",1453,730+,1,5,2,1156,4.0,0,1,12,29,6,0,2,0.0,0.0,0.0,0.0,0.0,0.0
14055,full_active,0,1,1,520,500+,1688,"[1k,5k)",501,250+,1157,730+,1,2,10,169,1.0,0,1,8,200,5,3,0,0.0,0.0,0.0,0.0,0.0,0.0
14057,high_active,0,1,1,86,"(50,100]",230,"[100,1k)",83,"[60,120)",298,181-365,1,1,2,1158,5.0,0,0,31,432,4,3,2,1.0,0.0,0.0,0.0,0.0,0.0
14063,full_active,0,-124,1,165,"(150,250]",11,"[10,100)",4,"[1,5)",841,730+,0,5,19,515,0.0,0,0,24,433,6,3,0,0.0,0.0,0.0,0.0,0.0,0.0
14064,2_14_day_new,0,-124,1,684,500+,88,"[10,100)",54,"[30,60)",1156,730+,1,4,29,891,1.0,0,0,33,227,3,4,0,1.0,0.0,0.0,0.0,0.0,0.0
14065,middle_active,0,-124,1,154,"(150,250]",225,"[100,1k)",144,"[120,250)",1127,730+,0,1,31,733,0.0,0,1,43,312,1,3,0,1.0,0.0,0.0,0.0,0.0,0.0
14071,high_active,0,-124,1,243,"(150,250]",65,"[10,100)",19,"[5,30)",1021,730+,1,6,29,1438,1.0,0,0,33,107,1,3,0,0.0,0.0,1.0,0.0,0.0,0.0
14072,full_active,0,-124,0,62,"(50,100]",1,"[1,10)",0,0,950,730+,1,4,29,1301,1.0,0,0,30,158,3,2,0,1.0,0.0,0.0,0.0,0.0,0.0
14093,full_active,0,-124,0,88,"(50,100]",0,0,0,0,718,366-730,1,5,31,417,0.0,0,1,17,253,4,2,0,1.0,0.0,0.0,0.0,0.0,0.0
14100,full_active,0,-124,1,32,"(10,50]",40,"[10,100)",18,"[5,30)",1013,730+,0,1,2,1177,2.0,0,1,34,180,1,2,2,1.0,0.0,0.0,1.0,0.0,0.0
14101,full_active,0,-124,1,244,"(150,250]",7,"[1,10)",5,"[5,30)",235,181-365,1,1,29,958,1.0,0,1,20,191,5,2,0,0.0,0.0,1.0,0.0,1.0,0.0
14102,full_active,0,1,1,93,"(50,100]",731,"[100,1k)",80,"[60,120)",1704,730+,0,3,19,569,1.0,0,0,42,331,1,3,0,0.0,0.0,1.0,0.0,0.0,0.0
14103,full_active,0,-124,1,21,"(10,50]",4,"[1,10)",0,0,1008,730+,1,3,10,252,1.0,0,0,13,183,6,3,0,1.0,0.0,0.0,0.0,0.0,0.0
14104,high_active,0,-124,1,48,"(10,50]",31,"[10,100)",11,"[5,30)",754,730+,1,1,29,892,0.0,0,1,34,80,1,3,0,0.0,0.0,0.0,0.0,0.0,0.0
14105,full_active,0,1,1,385,"(250,500]",484,"[100,1k)",342,250+,1040,730+,1,2,2,1158,7.0,0,1,8,181,2,2,2,1.0,0.0,0.0,0.0,0.0,0.0
14112,high_active,0,-124,0,0,0,0,0,0,0,24,15-30,1,4,2,1171,5.0,0,1,8,64,5,2,2,1.0,0.0,0.0,0.0,0.0,0.0
14118,full_active,0,-124,1,680,500+,56,"[10,100)",17,"[5,30)",1604,730+,1,4,10,499,4.0,0,0,31,432,4,2,0,1.0,0.0,0.0,0.0,0.0,0.0
14148,high_active,0,-124,1,2,"(0,10]",4,"[1,10)",1,"[1,5)",409,366-730,0,1,2,1165,6.0,0,1,32,33,2,2,2,0.0,0.0,0.0,0.0,0.0,0.0
14151,full_active,0,-124,0,25,"(10,50]",3,"[1,10)",3,"[1,5)",31,31-60,1,1,2,1153,4.0,0,0,13,330,5,4,2,1.0,0.0,0.0,0.0,0.0,0.0
14158,full_active,0,-124,0,1847,500+,14,"[10,100)",14,"[5,30)",799,730+,1,1,10,398,0.0,0,1,8,287,2,0,0,1.0,0.0,0.0,0.0,0.0,0.0
14163,high_active,0,-124,1,732,500+,1715,"[1k,5k)",728,250+,770,730+,0,1,29,972,1.0,0,1,43,192,3,0,0,1.0,0.0,0.0,0.0,0.0,0.0
14175,full_active,0,-124,1,199,"(150,250]",82,"[10,100)",58,"[30,60)",2109,730+,1,5,9,478,2.0,0,0,19,49,1,2,0,1.0,0.0,0.0,0.0,0.0,0.0
14176,high_active,0,-124,1,536,500+,5,"[1,10)",5,"[5,30)",262,181-365,1,0,2,1179,2.0,0,1,8,349,3,2,2,0.0,0.0,0.0,0.0,0.0,0.0
14194,full_active,0,1,1,226,"(150,250]",388,"[100,1k)",222,"[120,250)",2459,730+,0,2,2,1207,6.0,0,0,26,408,6,2,2,1.0,0.0,0.0,0.0,0.0,0.0
14196,full_active,0,1,1,106,"(100,150]",277,"[100,1k)",60,"[60,120)",1807,730+,0,5,9,278,2.0,0,0,30,251,3,3,0,1.0,0.0,0.0,0.0,0.0,0.0
14201,full_active,0,-124,1,1791,500+,403,"[100,1k)",272,250+,1823,730+,0,4,19,590,1.0,0,0,19,387,1,3,0,0.0,0.0,0.0,0.0,0.0,0.0
14210,full_active,0,1,1,208,"(150,250]",313,"[100,1k)",114,"[60,120)",1176,730+,1,5,10,322,5.0,0,1,8,181,2,2,0,1.0,0.0,0.0,0.0,0.0,1.0
14216,full_active,0,-124,1,105,"(100,150]",27,"[10,100)",9,"[5,30)",450,366-730,0,1,29,880,1.0,0,0,19,378,3,4,0,1.0,0.0,0.0,0.0,0.0,0.0
14218,high_active,0,-124,1,73,"(50,100]",4,"[1,10)",2,"[1,5)",653,366-730,0,2,19,595,1.0,0,0,42,125,1,3,0,1.0,0.0,0.0,0.0,0.0,0.0
14221,full_active,0,1,1,1091,500+,501,"[100,1k)",443,250+,547,366-730,1,5,19,641,1.0,0,1,43,43,1,0,0,1.0,0.0,1.0,0.0,0.0,0.0
14222,full_active,0,1,1,696,500+,367,"[100,1k)",235,"[120,250)",1895,730+,1,4,29,943,0.0,0,0,24,357,3,3,0,1.0,0.0,0.0,0.0,0.0,0.0
14223,full_active,0,-124,1,210,"(150,250]",294,"[100,1k)",167,"[120,250)",797,730+,1,1,48,698,1.0,0,1,44,338,5,2,0,1.0,0.0,0.0,0.0,0.0,0.0
14225,full_active,0,1,1,1958,500+,1436,"[1k,5k)",1373,250+,1363,730+,0,5,9,228,2.0,0,1,43,47,3,3,0,1.0,0.0,0.0,0.0,0.0,0.0
14232,middle_active,0,-124,1,78,"(50,100]",107,"[100,1k)",56,"[30,60)",1562,730+,0,3,19,642,1.0,0,1,10,254,3,0,0,1.0,0.0,0.0,0.0,0.0,0.0
14233,full_active,0,-124,1,3335,500+,2522,"[1k,5k)",2202,250+,372,366-730,1,4,29,1289,3.0,0,0,13,390,3,3,0,0.0,1.0,0.0,0.0,0.0,0.0
14236,full_active,0,-124,1,148,"(100,150]",33,"[10,100)",25,"[5,30)",905,730+,1,1,10,305,0.0,0,0,30,185,1,4,0,1.0,0.0,0.0,0.0,0.0,0.0
14254,full_active,0,-124,1,69,"(50,100]",30,"[10,100)",13,"[5,30)",1530,730+,1,1,2,1160,4.0,0,1,8,181,2,3,2,1.0,0.0,0.0,0.0,0.0,0.0
14256,full_active,0,-124,1,309,"(250,500]",589,"[100,1k)",308,250+,1544,730+,0,2,2,1152,4.0,0,1,2,399,4,3,2,1.0,0.0,0.0,0.0,0.0,0.0
14261,full_active,0,1,1,20,"(10,50]",196,"[100,1k)",2,"[1,5)",2006,730+,0,4,2,1153,4.0,0,0,19,110,1,3,2,1.0,0.0,0.0,0.0,0.0,0.0
14262,full_active,0,1,1,88,"(50,100]",71,"[10,100)",31,"[30,60)",1601,730+,1,3,22,371,1.0,0,1,34,210,1,3,0,1.0,0.0,0.0,0.0,0.0,0.0
14267,middle_active,0,-124,1,423,"(250,500]",208,"[100,1k)",204,"[120,250)",358,181-365,1,1,29,964,1.0,0,1,0,160,3,4,0,0.0,0.0,0.0,0.0,0.0,0.0
14271,full_active,0,-124,1,82,"(50,100]",130,"[100,1k)",61,"[60,120)",1033,730+,1,6,19,583,1.0,0,0,42,63,1,0,0,1.0,0.0,0.0,0.0,0.0,0.0
14274,middle_active,0,-124,1,24,"(10,50]",10,"[10,100)",2,"[1,5)",282,181-365,1,6,29,882,1.0,0,1,9,245,6,3,0,1.0,1.0,1.0,0.0,0.0,0.0
14278,full_active,0,-124,1,51,"(50,100]",119,"[100,1k)",45,"[30,60)",1540,730+,0,2,19,616,2.0,0,1,0,149,6,4,0,1.0,0.0,0.0,0.0,0.0,0.0
14285,full_active,0,1,1,154,"(150,250]",229,"[100,1k)",11,"[5,30)",1670,730+,0,3,2,1171,5.0,0,0,24,380,1,2,2,1.0,0.0,0.0,0.0,0.0,0.0
14291,full_active,0,-124,1,50,"(10,50]",15,"[10,100)",3,"[1,5)",303,181-365,1,0,29,879,0.0,0,1,34,80,1,3,0,0.0,0.0,0.0,0.0,0.0,0.0
14292,full_active,0,-124,1,3028,500+,305,"[100,1k)",235,"[120,250)",1455,730+,1,5,31,367,0.0,0,0,13,267,6,3,0,0.0,0.0,0.0,0.0,0.0,1.0
14294,full_active,0,-124,1,14,"(10,50]",29,"[10,100)",1,"[1,5)",2411,730+,1,3,19,582,2.0,0,0,38,139,4,4,0,1.0,0.0,0.0,1.0,1.0,0.0
14300,high_active,0,-124,1,1450,500+,2003,"[1k,5k)",1424,250+,1071,730+,0,5,2,1156,4.0,0,1,21,205,3,3,2,1.0,0.0,0.0,0.0,0.0,0.0
14305,high_active,0,-124,1,1577,500+,57,"[10,100)",53,"[30,60)",1470,730+,0,3,2,1179,2.0,0,1,43,226,1,2,2,1.0,1.0,1.0,0.0,0.0,0.0
14310,full_active,0,-124,1,284,"(250,500]",517,"[100,1k)",279,250+,1012,730+,0,1,29,906,1.0,0,1,8,248,6,2,0,0.0,0.0,0.0,0.0,0.0,0.0
14314,full_active,0,-124,0,64,"(50,100]",10,"[10,100)",9,"[5,30)",2278,730+,0,2,2,1165,6.0,0,0,31,276,6,3,2,1.0,0.0,0.0,0.0,0.0,0.0
14318,full_active,0,-124,0,13,"(10,50]",0,0,0,0,210,181-365,1,3,10,765,2.0,0,0,15,371,3,2,0,1.0,0.0,0.0,1.0,0.0,0.0
14323,full_active,0,-124,1,143,"(100,150]",5,"[1,10)",3,"[1,5)",97,91-180,0,0,29,964,1.0,0,1,8,209,6,4,0,0.0,0.0,0.0,0.0,0.0,0.0
14329,full_active,0,-124,1,332,"(250,500]",365,"[100,1k)",111,"[60,120)",2276,730+,0,4,9,479,1.0,0,0,31,354,3,3,0,1.0,0.0,0.0,0.0,0.0,0.0
14337,full_active,0,1,1,169,"(150,250]",404,"[100,1k)",159,"[120,250)",921,730+,1,2,2,1165,6.0,0,1,0,160,3,3,2,1.0,0.0,0.0,0.0,0.0,0.0
14340,high_active,0,-124,1,12,"(10,50]",0,0,0,0,120,91-180,1,2,2,1159,3.0,0,1,10,254,3,4,2,1.0,0.0,0.0,0.0,0.0,0.0
14348,full_active,0,1,1,891,500+,706,"[100,1k)",482,250+,969,730+,0,1,10,282,2.0,0,1,8,287,2,2,0,0.0,0.0,0.0,0.0,0.0,0.0
14352,full_active,0,-124,0,104,"(100,150]",11,"[10,100)",4,"[1,5)",1033,730+,0,5,29,1359,1.0,0,0,24,137,5,3,0,,,,,,
14361,full_active,0,-124,1,361,"(250,500]",326,"[100,1k)",173,"[120,250)",866,730+,0,2,2,1179,2.0,0,1,8,181,2,3,2,1.0,0.0,0.0,0.0,0.0,0.0
14370,high_active,0,-124,0,72,"(50,100]",1,"[1,10)",0,0,428,366-730,1,4,10,79,0.0,0,1,17,145,3,3,0,1.0,0.0,0.0,0.0,0.0,0.0
14376,full_active,0,-124,1,640,500+,224,"[100,1k)",160,"[120,250)",868,730+,0,6,19,600,1.0,0,0,24,264,4,2,0,1.0,0.0,0.0,0.0,0.0,0.0
14385,full_active,0,-124,1,574,500+,14,"[10,100)",13,"[5,30)",812,730+,0,1,10,844,1.0,0,0,14,339,3,0,0,1.0,0.0,1.0,0.0,0.0,0.0
14387,high_active,0,-124,1,201,"(150,250]",407,"[100,1k)",41,"[30,60)",1487,730+,0,2,2,1169,8.0,0,0,24,235,1,3,2,1.0,0.0,0.0,0.0,0.0,0.0
14413,full_active,0,-124,1,129,"(100,150]",6,"[1,10)",4,"[1,5)",1380,730+,0,4,29,890,0.0,0,0,30,114,6,3,0,1.0,0.0,0.0,0.0,0.0,0.0
14416,high_active,0,-124,1,14,"(10,50]",5,"[1,10)",5,"[5,30)",814,730+,1,1,19,641,1.0,0,1,21,377,6,3,0,1.0,0.0,0.0,0.0,0.0,0.0
14426,middle_active,0,-124,1,211,"(150,250]",202,"[100,1k)",178,"[120,250)",1308,730+,0,1,31,729,0.0,0,1,10,449,3,3,0,1.0,0.0,0.0,0.0,0.0,0.0
14427,full_active,0,-124,1,501,500+,139,"[100,1k)",69,"[60,120)",1592,730+,0,5,29,1297,1.0,0,0,24,380,1,0,0,,,,,,
14434,middle_active,0,-124,0,23,"(10,50]",6,"[1,10)",5,"[5,30)",638,366-730,0,1,2,1180,2.0,0,0,15,93,6,4,2,0.0,0.0,0.0,0.0,0.0,0.0
14435,high_active,0,-124,1,332,"(250,500]",332,"[100,1k)",257,250+,1623,730+,0,4,29,1350,0.0,0,0,30,251,3,4,0,0.0,0.0,0.0,0.0,0.0,0.0
14443,full_active,0,-124,1,470,"(250,500]",512,"[100,1k)",256,250+,343,181-365,1,1,33,975,2.0,0,1,43,211,1,3,0,0.0,0.0,0.0,0.0,0.0,0.0
14459,full_active,0,-124,1,32,"(10,50]",6,"[1,10)",2,"[1,5)",2181,730+,1,2,10,129,2.0,0,1,8,181,2,3,0,1.0,0.0,0.0,0.0,0.0,0.0
14481,middle_active,0,-124,0,7,"(0,10]",1,"[1,10)",0,0,154,91-180,1,1,31,365,1.0,0,1,5,31,6,0,0,1.0,0.0,0.0,0.0,0.0,0.0
14485,full_active,0,-124,1,831,500+,1186,"[1k,5k)",803,250+,580,366-730,0,1,2,1153,4.0,0,1,21,377,6,2,2,1.0,0.0,0.0,0.0,0.0,0.0
14495,full_active,0,-124,1,88,"(50,100]",32,"[10,100)",13,"[5,30)",1415,730+,1,3,19,560,0.0,0,1,20,348,4,2,0,1.0,0.0,0.0,0.0,0.0,1.0
14501,full_active,0,-124,0,695,500+,45,"[10,100)",19,"[5,30)",1445,730+,1,6,10,59,1.0,0,0,7,138,1,0,0,0.0,0.0,0.0,0.0,0.0,0.0
14514,middle_active,0,-124,1,155,"(150,250]",241,"[100,1k)",141,"[120,250)",2136,730+,1,1,2,1159,3.0,0,1,12,302,1,4,2,1.0,0.0,0.0,0.0,0.0,0.0
14520,full_active,0,-124,1,194,"(150,250]",644,"[100,1k)",192,"[120,250)",1121,730+,0,1,2,1165,6.0,0,1,17,350,6,2,2,1.0,0.0,0.0,0.0,0.0,0.0
14523,full_active,0,-124,1,975,500+,772,"[100,1k)",753,250+,855,730+,0,4,19,578,1.0,0,1,8,36,4,4,0,1.0,0.0,0.0,0.0,0.0,0.0
14524,full_active,0,1,1,671,500+,164,"[100,1k)",78,"[60,120)",2433,730+,1,3,10,764,2.0,0,1,43,221,4,2,0,1.0,0.0,1.0,0.0,0.0,0.0
14532,full_active,0,1,1,28,"(10,50]",87,"[10,100)",10,"[5,30)",87,61-90,0,4,10,851,3.0,0,1,8,209,6,2,0,1.0,0.0,0.0,0.0,0.0,0.0
14534,full_active,0,-124,1,63,"(50,100]",67,"[10,100)",34,"[30,60)",704,366-730,0,2,31,369,1.0,0,1,10,373,5,2,0,1.0,0.0,0.0,0.0,0.0,0.0
14548,full_active,0,1,1,928,500+,422,"[100,1k)",281,250+,1797,730+,1,4,29,941,2.0,0,0,19,387,1,3,0,1.0,0.0,0.0,0.0,0.0,0.0
14554,middle_active,0,-124,0,252,"(250,500]",13,"[10,100)",7,"[5,30)",670,366-730,1,1,19,646,3.0,0,1,18,393,3,3,0,0.0,0.0,0.0,0.0,0.0,0.0
14560,full_active,0,-124,1,154,"(150,250]",107,"[100,1k)",50,"[30,60)",1073,730+,0,2,31,369,1.0,0,0,42,106,1,3,0,0.0,0.0,0.0,0.0,0.0,0.0
14567,high_active,0,-124,1,19,"(10,50]",75,"[10,100)",12,"[5,30)",804,730+,0,1,2,1179,2.0,0,1,8,314,5,2,2,1.0,0.0,0.0,0.0,0.0,0.0
14570,full_active,0,-124,1,865,500+,143,"[100,1k)",43,"[30,60)",1784,730+,0,5,2,1162,8.0,0,0,33,420,1,4,2,1.0,0.0,0.0,0.0,0.0,0.0
14575,high_active,0,-124,1,7,"(0,10]",24,"[10,100)",6,"[5,30)",421,366-730,1,1,28,139,,0,1,18,393,3,2,0,1.0,0.0,0.0,0.0,0.0,0.0
14581,full_active,0,-124,1,187,"(150,250]",58,"[10,100)",0,0,1793,730+,1,4,28,32,,0,1,44,291,6,2,0,1.0,0.0,0.0,0.0,0.0,0.0
14585,full_active,0,1,1,21,"(10,50]",28,"[10,100)",3,"[1,5)",370,366-730,0,4,2,1152,3.0,0,0,13,183,6,0,2,1.0,0.0,0.0,0.0,0.0,0.0
14586,full_active,0,-124,1,0,0,0,0,0,0,1246,730+,1,2,2,1159,4.0,0,0,33,227,3,4,2,1.0,0.0,0.0,0.0,0.0,0.0
14591,high_active,0,1,1,844,500+,173,"[100,1k)",56,"[30,60)",1314,730+,1,3,10,1009,3.0,0,1,10,254,3,3,0,1.0,0.0,0.0,0.0,0.0,0.0
14609,middle_active,0,-124,1,380,"(250,500]",30,"[10,100)",7,"[5,30)",1212,730+,1,1,19,525,0.0,0,1,34,273,3,0,0,0.0,0.0,0.0,0.0,0.0,0.0
14619,middle_active,0,-124,1,490,"(250,500]",377,"[100,1k)",331,250+,393,366-730,1,1,2,1151,3.0,0,1,43,366,3,3,2,1.0,0.0,0.0,0.0,0.0,0.0
14624,full_active,0,-124,1,501,500+,1154,"[1k,5k)",499,250+,1719,730+,1,5,19,583,1.0,0,0,14,116,5,4,0,0.0,0.0,1.0,0.0,0.0,0.0
14627,full_active,0,-124,1,126,"(100,150]",6,"[1,10)",1,"[1,5)",393,366-730,1,0,19,606,1.0,0,1,18,395,6,3,0,1.0,0.0,0.0,0.0,0.0,0.0
14630,full_active,0,-124,1,18,"(10,50]",18,"[10,100)",11,"[5,30)",1058,730+,0,5,2,1166,9.0,0,0,24,264,4,2,2,1.0,0.0,0.0,0.0,0.0,0.0
14647,full_active,0,-124,1,42,"(10,50]",29,"[10,100)",10,"[5,30)",930,730+,0,5,29,1327,1.0,0,1,8,248,6,2,0,0.0,0.0,0.0,0.0,0.0,0.0
14652,full_active,0,-124,1,1055,500+,1354,"[1k,5k)",1006,250+,1590,730+,1,2,2,1161,6.0,0,0,33,141,5,2,2,1.0,0.0,0.0,0.0,0.0,0.0
14659,high_active,0,-124,0,41,"(10,50]",5,"[1,10)",5,"[5,30)",781,730+,0,2,22,371,1.0,0,1,20,191,5,2,0,1.0,0.0,1.0,0.0,0.0,0.0
14673,full_active,0,-124,1,1982,500+,70,"[10,100)",52,"[30,60)",1040,730+,1,5,19,570,0.0,0,0,7,154,1,3,0,0.0,0.0,0.0,0.0,0.0,0.0
14683,full_active,0,-124,1,99,"(50,100]",34,"[10,100)",4,"[1,5)",1236,730+,0,4,10,61,1.0,0,0,19,81,6,4,0,1.0,0.0,0.0,0.0,0.0,0.0
14688,high_active,0,1,1,57,"(50,100]",382,"[100,1k)",4,"[1,5)",2796,730+,1,3,2,1169,8.0,0,1,8,260,3,2,2,1.0,0.0,0.0,0.0,0.0,0.0
14689,high_active,0,-124,0,5,"(0,10]",1,"[1,10)",0,0,76,61-90,0,6,9,136,1.0,0,0,13,392,6,0,0,1.0,0.0,0.0,0.0,0.0,0.0
14697,low_active,0,1,1,1811,500+,26,"[10,100)",24,"[5,30)",780,730+,1,6,29,920,1.0,0,1,0,58,1,3,0,1.0,0.0,0.0,0.0,0.0,0.0
14698,high_active,0,-124,1,311,"(250,500]",87,"[10,100)",22,"[5,30)",2548,730+,1,3,2,1180,2.0,0,1,44,400,5,3,2,1.0,0.0,0.0,0.0,0.0,0.0
14699,full_active,0,-124,1,106,"(100,150]",8,"[1,10)",3,"[1,5)",1270,730+,0,4,19,625,2.0,0,0,30,158,3,2,0,0.0,0.0,0.0,0.0,0.0,0.0
14704,high_active,0,-124,1,4999,500+,3466,"[1k,5k)",2727,250+,1674,730+,1,5,10,407,1.0,0,0,33,134,3,3,0,,,,,,
14707,full_active,0,1,1,80,"(50,100]",113,"[100,1k)",45,"[30,60)",1791,730+,0,3,9,58,2.0,0,1,8,200,5,2,0,0.0,0.0,0.0,0.0,0.0,0.0
14714,full_active,0,-124,1,325,"(250,500]",22,"[10,100)",11,"[5,30)",747,730+,0,4,29,1340,1.0,0,0,13,330,5,2,0,1.0,0.0,0.0,0.0,0.0,0.0
14731,middle_active,0,-124,1,569,500+,47,"[10,100)",32,"[30,60)",1553,730+,0,6,9,859,1.0,0,0,13,267,6,3,0,1.0,0.0,0.0,0.0,0.0,0.0
14741,low_active,0,-124,1,490,"(250,500]",665,"[100,1k)",485,250+,877,730+,1,1,2,1175,2.0,0,0,7,182,1,3,2,1.0,0.0,0.0,0.0,0.0,0.0
14742,full_active,0,-124,1,557,500+,29,"[10,100)",11,"[5,30)",2085,730+,0,3,10,1008,3.0,0,0,22,412,5,2,0,1.0,0.0,0.0,0.0,0.0,1.0
14744,high_active,0,-124,1,350,"(250,500]",51,"[10,100)",29,"[5,30)",1594,730+,0,4,29,909,1.0,0,1,0,160,3,3,0,1.0,0.0,0.0,0.0,0.0,0.0
14751,full_active,0,1,1,802,500+,1993,"[1k,5k)",225,"[120,250)",1991,730+,0,4,10,271,3.0,0,0,28,367,3,4,0,0.0,0.0,1.0,0.0,0.0,0.0
14758,full_active,0,-124,1,83,"(50,100]",117,"[100,1k)",52,"[30,60)",2060,730+,0,2,2,1152,3.0,0,1,34,388,1,2,2,1.0,0.0,0.0,0.0,0.0,0.0
14765,full_active,0,1,1,184,"(150,250]",1014,"[1k,5k)",184,"[120,250)",1247,730+,0,2,29,877,0.0,0,1,10,451,1,4,0,0.0,0.0,0.0,0.0,0.0,0.0
14776,high_active,0,-124,1,89,"(50,100]",22,"[10,100)",12,"[5,30)",270,181-365,0,1,29,950,1.0,0,1,0,160,3,0,0,1.0,0.0,0.0,0.0,0.0,0.0
14778,middle_active,0,-124,1,77,"(50,100]",10,"[10,100)",7,"[5,30)",861,730+,1,1,2,1139,2.0,0,0,13,117,6,0,1,1.0,0.0,0.0,0.0,0.0,0.0
14785,high_active,0,1,1,1265,500+,636,"[100,1k)",520,250+,1582,730+,1,3,29,904,2.0,0,0,7,138,1,3,0,1.0,0.0,0.0,0.0,0.0,0.0
14790,full_active,0,-124,1,369,"(250,500]",42,"[10,100)",8,"[5,30)",2444,730+,1,2,2,1152,3.0,0,1,9,324,3,0,2,1.0,0.0,0.0,0.0,1.0,0.0
14792,full_active,0,-124,0,4999,500+,20,"[10,100)",18,"[5,30)",602,366-730,0,6,10,398,0.0,0,0,24,137,5,3,0,1.0,0.0,0.0,0.0,0.0,0.0
14797,high_active,0,-124,1,74,"(50,100]",1,"[1,10)",0,0,641,366-730,1,3,29,929,2.0,0,1,44,400,5,4,0,0.0,0.0,0.0,0.0,0.0,0.0
14802,full_active,0,-124,0,2902,500+,6,"[1,10)",1,"[1,5)",834,730+,0,5,2,1177,2.0,0,0,24,380,1,0,2,0.0,0.0,0.0,0.0,0.0,0.0
14804,high_active,0,-124,0,293,"(250,500]",4,"[1,10)",0,0,1543,730+,1,4,2,1139,2.0,0,1,0,102,5,4,1,1.0,0.0,0.0,0.0,0.0,0.0
14812,full_active,0,1,1,432,"(250,500]",388,"[100,1k)",123,"[120,250)",1897,730+,1,4,2,1151,3.0,0,0,7,138,1,3,2,1.0,0.0,0.0,0.0,0.0,0.0
14817,full_active,0,-124,1,822,500+,72,"[10,100)",22,"[5,30)",1729,730+,1,5,29,906,1.0,0,0,22,123,1,3,0,1.0,0.0,0.0,0.0,0.0,0.0
14831,high_active,0,-124,1,410,"(250,500]",94,"[10,100)",86,"[60,120)",1219,730+,1,5,29,1347,0.0,0,0,28,278,1,3,0,,,,,,
14836,full_active,0,-124,1,172,"(150,250]",197,"[100,1k)",59,"[30,60)",1191,730+,0,4,29,880,1.0,0,0,42,50,6,2,0,1.0,0.0,0.0,0.0,0.0,0.0
14843,full_active,0,1,1,867,500+,1273,"[1k,5k)",566,250+,1740,730+,0,4,10,174,3.0,0,0,31,354,3,3,0,1.0,1.0,1.0,0.0,0.0,0.0
14859,high_active,0,-124,0,3,"(0,10]",10,"[10,100)",0,0,853,730+,1,4,10,1083,3.0,0,1,43,221,4,0,0,1.0,0.0,1.0,0.0,0.0,0.0
14875,middle_active,0,-124,0,53,"(50,100]",4,"[1,10)",4,"[1,5)",258,181-365,1,4,2,1177,2.0,0,1,9,268,1,3,2,1.0,0.0,0.0,0.0,0.0,0.0
14876,high_active,0,-124,1,398,"(250,500]",53,"[10,100)",45,"[30,60)",1098,730+,1,1,2,1153,4.0,0,0,15,214,6,4,2,1.0,0.0,0.0,0.0,0.0,0.0
14890,high_active,0,-124,1,92,"(50,100]",35,"[10,100)",9,"[5,30)",467,366-730,0,4,2,1220,2.0,0,1,10,451,1,0,2,1.0,0.0,0.0,0.0,0.0,0.0
14894,full_active,0,1,1,1237,500+,27,"[10,100)",7,"[5,30)",1632,730+,0,5,10,320,6.0,0,1,2,399,4,2,0,1.0,0.0,0.0,0.0,0.0,0.0
14895,high_active,0,1,1,213,"(150,250]",15,"[10,100)",3,"[1,5)",2385,730+,1,3,2,1153,5.0,0,0,14,116,5,2,2,1.0,0.0,0.0,0.0,0.0,0.0
14906,full_active,0,-124,1,311,"(250,500]",522,"[100,1k)",301,250+,856,730+,0,1,29,962,1.0,0,1,2,399,4,3,0,1.0,0.0,0.0,0.0,0.0,0.0
14909,full_active,0,-124,1,43,"(10,50]",34,"[10,100)",32,"[30,60)",953,730+,0,6,19,620,1.0,0,0,22,320,1,4,0,0.0,0.0,1.0,0.0,0.0,0.0
14919,high_active,0,-124,1,43,"(10,50]",24,"[10,100)",4,"[1,5)",1733,730+,0,2,2,1161,9.0,0,1,5,270,5,2,2,1.0,0.0,0.0,0.0,0.0,0.0
14929,full_active,0,1,1,2332,500+,256,"[100,1k)",20,"[5,30)",969,730+,0,6,29,977,2.0,0,0,1,82,2,3,0,1.0,1.0,0.0,0.0,0.0,0.0
14933,full_active,0,-124,1,1490,500+,236,"[100,1k)",213,"[120,250)",1396,730+,0,1,2,1160,4.0,0,0,7,138,1,3,2,0.0,0.0,0.0,0.0,0.0,0.0
14934,full_active,0,-124,1,192,"(150,250]",29,"[10,100)",9,"[5,30)",1640,730+,1,3,29,906,1.0,0,0,7,77,5,0,0,0.0,0.0,0.0,0.0,0.0,0.0
14939,high_active,0,-124,1,64,"(50,100]",30,"[10,100)",10,"[5,30)",737,730+,0,1,2,1171,5.0,0,1,21,53,6,4,2,1.0,0.0,0.0,0.0,0.0,0.0
14952,full_active,0,-124,0,262,"(250,500]",4,"[1,10)",3,"[1,5)",1793,730+,1,3,2,1159,3.0,0,1,10,405,3,2,2,1.0,0.0,0.0,0.0,0.0,0.0
14954,full_active,0,-124,1,14,"(10,50]",27,"[10,100)",12,"[5,30)",1183,730+,0,2,10,243,0.0,0,0,19,378,3,3,0,0.0,0.0,0.0,0.0,0.0,0.0
14964,high_active,0,-124,1,1,"(0,10]",35,"[10,100)",1,"[1,5)",460,366-730,0,1,31,732,0.0,0,1,8,248,6,0,0,1.0,0.0,0.0,0.0,0.0,0.0
14965,high_active,0,-124,0,61,"(50,100]",4,"[1,10)",0,0,500,366-730,0,3,2,1160,4.0,0,1,20,202,5,0,2,1.0,0.0,0.0,0.0,0.0,0.0
14968,2_14_day_new,0,1,1,4971,500+,7633,"[5k,1w)",4315,250+,1530,730+,1,5,29,1325,2.0,0,0,31,343,3,4,0,0.0,0.0,0.0,0.0,0.0,0.0
14976,full_active,0,-124,1,71,"(50,100]",22,"[10,100)",7,"[5,30)",1747,730+,1,1,31,743,2.0,0,0,33,141,5,2,0,1.0,0.0,0.0,0.0,0.0,0.0
14982,high_active,0,-124,1,860,500+,991,"[100,1k)",843,250+,343,181-365,0,0,2,1151,3.0,0,1,5,95,5,2,2,0.0,0.0,0.0,0.0,0.0,0.0
14989,middle_active,0,1,0,176,"(150,250]",14,"[10,100)",8,"[5,30)",1140,730+,1,3,19,558,2.0,0,1,8,294,6,2,0,0.0,0.0,0.0,0.0,0.0,0.0
14992,full_active,0,-124,1,281,"(250,500]",11,"[10,100)",7,"[5,30)",748,730+,1,4,19,527,2.0,0,0,13,67,6,2,0,1.0,1.0,0.0,0.0,0.0,0.0
14997,full_active,0,1,1,138,"(100,150]",224,"[100,1k)",56,"[30,60)",1463,730+,1,3,19,633,2.0,0,0,33,41,3,3,0,1.0,0.0,0.0,0.0,0.0,0.0
15018,full_active,0,-124,0,89,"(50,100]",16,"[10,100)",6,"[5,30)",2548,730+,0,2,2,1168,7.0,0,0,1,82,2,2,2,1.0,0.0,0.0,0.0,0.0,0.0
15025,high_active,0,1,1,57,"(50,100]",175,"[100,1k)",26,"[5,30)",1742,730+,0,5,2,1160,4.0,0,1,18,393,3,4,2,1.0,0.0,0.0,0.0,0.0,0.0
15027,full_active,0,1,1,251,"(250,500]",840,"[100,1k)",237,"[120,250)",984,730+,0,5,19,637,1.0,0,1,17,145,3,2,0,1.0,0.0,0.0,0.0,0.0,0.0
15034,full_active,0,-124,1,19,"(10,50]",16,"[10,100)",16,"[5,30)",589,366-730,0,2,29,882,1.0,0,0,42,50,6,3,0,1.0,0.0,0.0,0.0,0.0,0.0
15047,high_active,0,1,1,25,"(10,50]",643,"[100,1k)",24,"[5,30)",2459,730+,0,2,2,1160,4.0,0,0,7,138,1,3,2,1.0,0.0,0.0,0.0,0.0,0.0
15052,high_active,0,-124,1,23,"(10,50]",15,"[10,100)",0,0,115,91-180,0,1,19,634,2.0,0,0,19,396,3,0,0,0.0,0.0,0.0,0.0,0.0,0.0
15055,full_active,0,-124,1,614,500+,264,"[100,1k)",105,"[60,120)",533,366-730,1,4,24,1279,1.0,0,1,0,58,1,3,0,0.0,0.0,0.0,0.0,0.0,0.0
15060,full_active,0,-124,1,687,500+,26,"[10,100)",7,"[5,30)",2081,730+,1,1,2,1165,6.0,0,0,24,433,6,3,2,1.0,0.0,0.0,0.0,0.0,0.0
15062,high_active,0,-124,1,236,"(150,250]",586,"[100,1k)",224,"[120,250)",1747,730+,0,1,2,1158,5.0,0,0,15,178,3,4,2,1.0,0.0,0.0,0.0,0.0,0.0
15076,full_active,0,-124,1,36,"(10,50]",6,"[1,10)",1,"[1,5)",124,91-180,1,2,2,1160,4.0,0,1,0,58,1,3,2,1.0,0.0,0.0,0.0,0.0,0.0
15079,high_active,0,1,1,34,"(10,50]",38,"[10,100)",15,"[5,30)",373,366-730,0,3,29,973,1.0,0,0,7,40,1,3,0,1.0,0.0,0.0,0.0,0.0,0.0
15093,full_active,0,-124,1,60,"(50,100]",16,"[10,100)",0,0,1607,730+,1,4,19,594,1.0,0,0,15,394,4,3,0,1.0,0.0,0.0,0.0,0.0,0.0
15097,full_active,0,-124,0,64,"(50,100]",9,"[1,10)",7,"[5,30)",53,31-60,1,6,19,623,1.0,0,1,43,43,1,3,0,1.0,1.0,0.0,0.0,0.0,0.0
15109,full_active,0,-124,1,92,"(50,100]",20,"[10,100)",7,"[5,30)",1538,730+,1,3,2,1160,4.0,0,1,8,36,4,4,2,1.0,0.0,0.0,0.0,0.0,0.0
15111,full_active,0,-124,1,56,"(50,100]",35,"[10,100)",19,"[5,30)",631,366-730,0,1,19,646,2.0,0,0,15,118,6,3,0,1.0,0.0,0.0,0.0,0.0,0.0
15120,full_active,0,1,1,79,"(50,100]",128,"[100,1k)",47,"[30,60)",1272,730+,0,2,10,230,1.0,0,1,10,152,3,3,0,1.0,0.0,0.0,0.0,0.0,0.0
15129,full_active,0,-124,1,1413,500+,108,"[100,1k)",21,"[5,30)",1767,730+,0,2,2,1165,6.0,0,0,24,410,3,2,2,1.0,0.0,0.0,0.0,0.0,0.0
15148,full_active,0,-124,1,148,"(100,150]",35,"[10,100)",21,"[5,30)",823,730+,1,5,2,1180,2.0,0,1,20,348,4,2,2,0.0,0.0,0.0,0.0,0.0,0.0
15164,full_active,0,-124,1,538,500+,399,"[100,1k)",370,250+,153,91-180,0,4,10,202,0.0,0,0,22,412,5,4,0,1.0,0.0,0.0,0.0,0.0,0.0
15165,full_active,0,1,1,151,"(150,250]",78,"[10,100)",19,"[5,30)",1081,730+,0,4,19,645,3.0,0,1,34,201,4,2,0,1.0,0.0,0.0,0.0,0.0,0.0
15167,high_active,0,-124,1,904,500+,1216,"[1k,5k)",881,250+,1527,730+,0,1,2,1160,4.0,0,1,43,68,3,3,2,1.0,0.0,0.0,0.0,0.0,0.0
15181,high_active,0,-124,1,13,"(10,50]",37,"[10,100)",3,"[1,5)",835,730+,0,4,10,1009,3.0,0,0,42,131,1,3,0,1.0,0.0,0.0,0.0,0.0,0.0
15182,full_active,0,-124,1,55,"(50,100]",2,"[1,10)",1,"[1,5)",472,366-730,0,2,10,230,1.0,0,1,43,232,3,0,0,1.0,0.0,0.0,0.0,0.0,0.0
15185,middle_active,0,1,1,132,"(100,150]",681,"[100,1k)",110,"[60,120)",1484,730+,1,1,2,1160,4.0,0,1,10,76,3,3,2,0.0,0.0,0.0,0.0,0.0,0.0
15199,full_active,0,1,1,317,"(250,500]",593,"[100,1k)",300,250+,1765,730+,1,2,2,1161,6.0,0,1,43,43,1,4,2,1.0,0.0,0.0,0.0,0.0,0.0
15204,middle_active,0,-124,1,8,"(0,10]",166,"[100,1k)",8,"[5,30)",1707,730+,1,2,10,172,1.0,0,0,30,406,1,2,0,1.0,0.0,0.0,1.0,1.0,0.0
15205,high_active,0,-124,0,358,"(250,500]",18,"[10,100)",9,"[5,30)",1215,730+,1,6,19,525,0.0,0,0,24,433,6,2,0,1.0,0.0,0.0,0.0,0.0,0.0
15209,full_active,0,-124,1,1258,500+,50,"[10,100)",28,"[5,30)",2254,730+,1,5,10,137,1.0,0,0,13,117,6,3,0,0.0,1.0,0.0,0.0,0.0,0.0
15216,full_active,0,1,1,959,500+,767,"[100,1k)",620,250+,1787,730+,1,4,28,1429,,0,0,42,50,6,2,0,0.0,0.0,0.0,0.0,0.0,0.0
15219,high_active,0,-124,1,172,"(150,250]",75,"[10,100)",54,"[30,60)",126,91-180,0,2,10,325,0.0,0,1,12,281,5,0,0,0.0,0.0,0.0,0.0,0.0,0.0
15220,full_active,0,-124,1,77,"(50,100]",40,"[10,100)",6,"[5,30)",1040,730+,0,6,31,733,0.0,0,0,7,323,1,3,0,1.0,0.0,0.0,0.0,0.0,0.0
15231,full_active,0,-124,1,32,"(10,50]",8,"[1,10)",4,"[1,5)",131,91-180,1,4,19,528,1.0,0,0,13,392,6,2,0,1.0,0.0,1.0,0.0,0.0,0.0
15233,full_active,0,1,1,3502,500+,2573,"[1k,5k)",2074,250+,2091,730+,1,2,28,493,,0,0,31,432,4,2,0,1.0,0.0,0.0,0.0,1.0,0.0
15263,full_active,0,-124,1,322,"(250,500]",6,"[1,10)",6,"[5,30)",1359,730+,1,4,19,628,1.0,0,1,44,238,4,2,0,1.0,1.0,0.0,0.0,0.0,0.0
15264,middle_active,0,-124,0,79,"(50,100]",4,"[1,10)",3,"[1,5)",876,730+,1,4,10,287,1.0,0,1,9,372,1,4,0,1.0,0.0,0.0,0.0,0.0,0.0
15271,high_active,0,-124,1,4,"(0,10]",15,"[10,100)",3,"[1,5)",148,91-180,0,1,2,1160,4.0,0,1,2,399,4,2,2,1.0,0.0,0.0,0.0,0.0,0.0
15275,full_active,0,-124,0,19,"(10,50]",3,"[1,10)",2,"[1,5)",735,730+,1,2,2,1158,7.0,0,1,8,181,2,0,2,1.0,0.0,1.0,0.0,1.0,0.0
15276,high_active,0,-124,1,2941,500+,11,"[10,100)",7,"[5,30)",399,366-730,1,0,2,1177,2.0,0,0,30,290,3,4,2,0.0,1.0,0.0,0.0,0.0,0.0
15279,single_low_active,0,-124,1,319,"(250,500]",15,"[10,100)",2,"[1,5)",959,730+,0,4,19,522,0.0,0,1,9,88,5,2,0,1.0,0.0,0.0,0.0,0.0,0.0
15287,high_active,0,-124,1,429,"(250,500]",41,"[10,100)",25,"[5,30)",417,366-730,1,2,2,1153,5.0,0,0,15,32,1,4,2,1.0,0.0,0.0,0.0,0.0,0.0
15294,full_active,0,1,1,83,"(50,100]",35,"[10,100)",10,"[5,30)",2751,730+,1,3,19,583,1.0,0,1,8,287,2,2,0,1.0,0.0,0.0,0.0,0.0,0.0
15308,low_active,0,-124,1,258,"(250,500]",23,"[10,100)",14,"[5,30)",981,730+,0,1,10,177,2.0,0,1,8,349,3,0,0,1.0,0.0,0.0,0.0,0.0,1.0
15309,full_active,0,-124,1,1150,500+,11,"[10,100)",7,"[5,30)",1025,730+,0,4,10,96,2.0,0,1,5,146,6,2,0,0.0,0.0,0.0,0.0,0.0,0.0
15316,full_active,0,1,1,185,"(150,250]",2,"[1,10)",2,"[1,5)",761,730+,1,2,19,618,3.0,0,0,33,414,1,3,0,1.0,0.0,0.0,0.0,0.0,1.0
15319,full_active,0,-124,1,77,"(50,100]",2,"[1,10)",1,"[1,5)",172,91-180,1,4,29,1306,1.0,0,0,7,398,1,3,0,1.0,0.0,1.0,1.0,0.0,0.0
15321,middle_active,0,-124,1,511,500+,589,"[100,1k)",501,250+,404,366-730,1,1,19,605,1.0,0,1,34,80,1,3,0,0.0,0.0,0.0,0.0,0.0,0.0
15323,high_active,0,-124,1,38,"(10,50]",1,"[1,10)",0,0,813,730+,1,0,2,1125,2.0,0,0,13,183,6,3,1,0.0,0.0,0.0,0.0,0.0,0.0
15327,full_active,0,-124,0,39,"(10,50]",5,"[1,10)",0,0,1139,730+,0,4,10,61,1.0,0,1,8,287,2,2,0,1.0,0.0,0.0,0.0,0.0,0.0
15329,full_active,0,-124,1,314,"(250,500]",632,"[100,1k)",312,250+,1066,730+,0,1,31,381,2.0,0,0,31,242,3,2,0,1.0,0.0,0.0,0.0,0.0,0.0
15330,full_active,0,-124,1,189,"(150,250]",13,"[10,100)",1,"[1,5)",1188,730+,1,4,29,880,1.0,0,0,19,396,3,3,0,1.0,0.0,0.0,0.0,0.0,0.0
15334,full_active,0,1,1,514,500+,420,"[100,1k)",194,"[120,250)",1659,730+,0,2,2,1159,3.0,0,1,10,254,3,3,2,1.0,0.0,0.0,0.0,0.0,0.0
15337,full_active,0,-124,1,203,"(150,250]",3,"[1,10)",1,"[1,5)",1494,730+,1,3,29,893,1.0,0,1,44,101,5,4,0,1.0,0.0,0.0,0.0,0.0,0.0
15345,full_active,0,-124,1,21,"(10,50]",31,"[10,100)",7,"[5,30)",960,730+,1,3,29,932,2.0,0,0,13,330,5,4,0,0.0,0.0,0.0,0.0,0.0,0.0
15348,full_active,0,-124,1,4,"(0,10]",4,"[1,10)",3,"[1,5)",26,15-30,1,1,2,1153,4.0,0,1,8,349,3,3,2,,,,,,
15356,full_active,0,1,1,885,500+,1206,"[1k,5k)",136,"[120,250)",2519,730+,1,3,11,967,1.0,0,0,19,387,1,3,0,0.0,0.0,0.0,0.0,0.0,0.0
15358,full_active,0,1,1,15,"(10,50]",170,"[100,1k)",8,"[5,30)",1842,730+,1,2,29,957,5.0,0,1,44,147,4,2,0,1.0,0.0,0.0,0.0,0.0,0.0
15363,full_active,0,-124,1,52,"(50,100]",313,"[100,1k)",34,"[30,60)",2319,730+,1,2,29,1297,1.0,0,0,42,131,1,2,0,0.0,0.0,0.0,1.0,0.0,0.0
15364,full_active,0,-124,1,96,"(50,100]",42,"[10,100)",33,"[30,60)",664,366-730,0,1,29,926,1.0,0,0,1,82,2,2,0,1.0,0.0,0.0,0.0,0.0,0.0
15369,high_active,0,-124,0,197,"(150,250]",7,"[1,10)",1,"[1,5)",1680,730+,1,5,19,541,1.0,0,0,24,433,6,3,0,0.0,0.0,0.0,0.0,0.0,0.0
15372,full_active,0,-124,0,165,"(150,250]",9,"[1,10)",3,"[1,5)",1004,730+,0,2,2,1171,5.0,0,1,44,363,3,3,2,1.0,0.0,0.0,0.0,1.0,0.0
15373,full_active,0,-124,0,18,"(10,50]",0,0,0,0,1310,730+,1,3,2,1153,5.0,0,1,8,294,6,3,2,1.0,1.0,1.0,1.0,1.0,0.0
15384,full_active,0,-124,0,138,"(100,150]",7,"[1,10)",3,"[1,5)",1182,730+,1,5,19,519,0.0,0,0,31,242,3,3,0,0.0,0.0,0.0,0.0,0.0,0.0
15395,full_active,0,1,1,2705,500+,2473,"[1k,5k)",2103,250+,1620,730+,1,4,29,1296,1.0,0,0,13,67,6,3,0,0.0,1.0,0.0,0.0,0.0,0.0
15403,full_active,0,1,1,378,"(250,500]",465,"[100,1k)",104,"[60,120)",1786,730+,1,2,10,765,2.0,0,0,26,108,1,3,0,1.0,1.0,0.0,0.0,0.0,0.0
15405,full_active,0,-124,1,123,"(100,150]",37,"[10,100)",15,"[5,30)",934,730+,1,2,2,1171,5.0,0,1,20,174,5,3,2,1.0,0.0,0.0,0.0,0.0,0.0
15406,full_active,0,-124,0,140,"(100,150]",63,"[10,100)",25,"[5,30)",1169,730+,0,1,19,622,1.0,0,0,42,131,1,3,0,1.0,0.0,1.0,0.0,0.0,1.0
15408,full_active,0,-124,1,417,"(250,500]",44,"[10,100)",7,"[5,30)",1128,730+,1,4,19,574,1.0,0,1,9,375,1,3,0,0.0,0.0,0.0,0.0,0.0,0.0
15411,full_active,0,-124,1,170,"(150,250]",95,"[10,100)",6,"[5,30)",441,366-730,0,6,29,1316,1.0,0,0,31,296,3,3,0,0.0,0.0,0.0,0.0,0.0,0.0
15416,full_active,0,-124,1,374,"(250,500]",14,"[10,100)",11,"[5,30)",1463,730+,1,6,2,1176,2.0,0,0,30,114,6,2,2,0.0,0.0,1.0,0.0,0.0,0.0
15432,full_active,0,1,1,838,500+,62,"[10,100)",39,"[30,60)",1402,730+,0,4,19,620,1.0,0,0,33,228,1,2,0,1.0,0.0,0.0,0.0,0.0,0.0
15450,full_active,0,-124,0,46,"(10,50]",3,"[1,10)",3,"[1,5)",239,181-365,1,1,19,650,1.0,0,1,21,91,5,2,0,1.0,0.0,1.0,0.0,0.0,0.0
15452,full_active,0,-124,1,306,"(250,500]",457,"[100,1k)",288,250+,402,366-730,0,1,2,1152,3.0,0,0,31,42,6,3,2,1.0,0.0,0.0,0.0,0.0,0.0
15453,full_active,0,1,1,464,"(250,500]",114,"[100,1k)",110,"[60,120)",1835,730+,1,4,10,177,2.0,0,0,33,234,1,2,0,1.0,0.0,0.0,0.0,0.0,0.0
15455,full_active,0,-124,0,9,"(0,10]",5,"[1,10)",1,"[1,5)",1136,730+,1,2,10,328,0.0,0,1,8,181,2,3,0,0.0,1.0,0.0,0.0,0.0,0.0
15458,full_active,0,-124,0,137,"(100,150]",5,"[1,10)",0,0,1132,730+,1,6,10,852,4.0,0,1,21,91,5,3,0,0.0,0.0,0.0,0.0,0.0,0.0
15461,full_active,0,-124,1,612,500+,86,"[10,100)",25,"[5,30)",476,366-730,1,5,20,504,2.0,0,0,14,116,5,0,0,1.0,0.0,0.0,0.0,0.0,0.0
15462,2_14_day_new,0,-124,1,244,"(150,250]",45,"[10,100)",24,"[5,30)",302,181-365,0,1,9,296,0.0,0,0,15,214,6,3,0,1.0,0.0,0.0,0.0,0.0,0.0
15463,high_active,0,-124,1,434,"(250,500]",21,"[10,100)",9,"[5,30)",1004,730+,1,4,10,230,1.0,0,1,18,244,6,2,0,1.0,0.0,0.0,0.0,0.0,0.0
15472,full_active,0,-124,1,267,"(250,500]",139,"[100,1k)",78,"[60,120)",2233,730+,1,1,2,1153,4.0,0,0,33,382,3,4,2,1.0,0.0,0.0,0.0,0.0,0.0
15475,high_active,0,-124,1,319,"(250,500]",25,"[10,100)",20,"[5,30)",948,730+,0,1,10,96,2.0,0,1,43,232,3,3,0,1.0,0.0,0.0,0.0,0.0,0.0
15476,full_active,0,-124,0,226,"(150,250]",0,0,0,0,497,366-730,1,5,10,186,1.0,0,1,20,326,6,2,0,1.0,0.0,0.0,0.0,0.0,0.0
15477,middle_active,0,-124,1,468,"(250,500]",749,"[100,1k)",462,250+,1017,730+,1,1,10,1022,1.0,0,1,34,381,1,4,0,1.0,0.0,0.0,0.0,0.0,0.0
15482,middle_active,0,-124,0,119,"(100,150]",0,0,0,0,385,366-730,1,0,10,114,0.0,0,1,8,294,6,0,0,0.0,0.0,0.0,0.0,0.0,0.0
15494,high_active,0,-124,1,100,"(50,100]",6,"[1,10)",1,"[1,5)",892,730+,1,2,33,956,2.0,0,1,8,434,3,2,0,1.0,0.0,0.0,1.0,1.0,0.0
15496,full_active,0,1,1,165,"(150,250]",171,"[100,1k)",111,"[60,120)",1228,730+,0,4,19,633,2.0,0,0,31,354,3,2,0,1.0,0.0,0.0,0.0,0.0,0.0
15513,full_active,0,1,1,535,500+,505,"[100,1k)",214,"[120,250)",1619,730+,1,5,31,754,1.0,0,0,19,396,3,2,0,1.0,0.0,0.0,0.0,0.0,0.0
15514,full_active,0,1,1,91,"(50,100]",251,"[100,1k)",62,"[60,120)",2172,730+,0,2,19,647,1.0,0,1,43,136,3,2,0,1.0,0.0,0.0,0.0,0.0,0.0
15517,full_active,0,-124,0,11,"(10,50]",0,0,0,0,233,181-365,1,3,2,1211,12.0,0,1,5,95,5,2,2,1.0,0.0,0.0,0.0,0.0,0.0
15521,full_active,0,1,1,258,"(250,500]",106,"[100,1k)",90,"[60,120)",1465,730+,1,4,19,602,2.0,0,1,44,400,5,2,0,1.0,0.0,0.0,0.0,0.0,0.0
15523,full_active,0,-124,1,4974,500+,5135,"[5k,1w)",4928,250+,1148,730+,1,6,10,398,0.0,0,1,8,344,6,3,0,1.0,0.0,0.0,0.0,0.0,0.0
15527,single_low_active,0,-124,0,122,"(100,150]",0,0,0,0,540,366-730,1,1,29,1325,2.0,0,0,15,371,3,3,0,1.0,1.0,0.0,0.0,0.0,0.0
15530,full_active,0,1,1,625,500+,1419,"[1k,5k)",167,"[120,250)",2021,730+,0,2,2,1171,5.0,0,1,44,338,5,2,2,0.0,0.0,0.0,0.0,0.0,0.0
15535,high_active,0,-124,1,221,"(150,250]",50,"[10,100)",14,"[5,30)",2409,730+,0,2,2,1212,8.0,0,0,30,368,4,0,2,1.0,0.0,0.0,0.0,0.0,0.0
15536,full_active,0,-124,1,659,500+,190,"[100,1k)",107,"[60,120)",836,730+,0,2,9,296,0.0,0,1,10,449,3,2,0,0.0,0.0,0.0,0.0,0.0,0.0
15549,full_active,0,-124,1,107,"(100,150]",17,"[10,100)",10,"[5,30)",112,91-180,0,2,19,531,2.0,0,0,31,42,6,2,0,1.0,0.0,0.0,0.0,0.0,0.0
15555,full_active,0,1,1,149,"(100,150]",557,"[100,1k)",49,"[30,60)",1703,730+,1,4,31,385,1.0,0,0,7,138,1,3,0,1.0,0.0,0.0,0.0,0.0,0.0
15558,high_active,0,1,1,93,"(50,100]",361,"[100,1k)",43,"[30,60)",2000,730+,1,3,10,844,1.0,0,0,7,317,1,4,0,1.0,0.0,0.0,0.0,0.0,0.0
15560,full_active,0,-124,1,192,"(150,250]",52,"[10,100)",42,"[30,60)",1785,730+,1,5,29,909,1.0,0,0,13,390,3,2,0,0.0,0.0,0.0,0.0,0.0,0.0
15564,full_active,0,-124,1,39,"(10,50]",25,"[10,100)",0,0,1313,730+,1,4,10,850,13.0,0,0,13,183,6,2,0,0.0,0.0,0.0,0.0,0.0,0.0
15569,full_active,0,1,1,313,"(250,500]",185,"[100,1k)",117,"[60,120)",1179,730+,1,3,29,966,2.0,0,1,10,152,3,4,0,0.0,0.0,0.0,0.0,0.0,0.0
15570,full_active,0,-124,1,186,"(150,250]",28,"[10,100)",3,"[1,5)",2587,730+,1,3,2,1159,3.0,0,1,2,399,4,4,2,1.0,0.0,0.0,0.0,0.0,0.0
15585,full_active,0,-124,0,40,"(10,50]",2,"[1,10)",0,0,120,91-180,1,1,28,254,,0,1,32,33,2,0,0,1.0,0.0,0.0,0.0,0.0,0.0
15587,full_active,0,1,1,205,"(150,250]",249,"[100,1k)",204,"[120,250)",286,181-365,1,2,24,815,3.0,0,0,42,50,6,3,0,1.0,0.0,0.0,0.0,0.0,0.0
15629,full_active,0,1,1,4,"(0,10]",105,"[100,1k)",0,0,2591,730+,1,3,10,320,6.0,0,0,7,252,1,2,0,1.0,0.0,0.0,0.0,0.0,0.0
15634,full_active,0,-124,1,186,"(150,250]",68,"[10,100)",25,"[5,30)",1780,730+,0,5,19,641,1.0,0,1,8,262,6,2,0,0.0,0.0,1.0,0.0,0.0,0.0
15647,full_active,0,-124,1,48,"(10,50]",41,"[10,100)",12,"[5,30)",1414,730+,1,4,11,967,1.0,0,1,10,449,3,3,0,1.0,0.0,1.0,0.0,0.0,0.0
15651,2_14_day_new,0,-124,1,197,"(150,250]",22,"[10,100)",22,"[5,30)",1434,730+,1,4,28,139,,0,1,43,336,3,3,0,1.0,0.0,0.0,0.0,0.0,0.0
15652,full_active,0,-124,1,457,"(250,500]",29,"[10,100)",28,"[5,30)",619,366-730,1,4,2,1154,3.0,0,1,9,88,5,3,2,0.0,0.0,0.0,0.0,0.0,0.0
15653,full_active,0,1,1,856,500+,795,"[100,1k)",366,250+,1554,730+,0,4,19,625,2.0,0,0,33,227,3,0,0,1.0,0.0,0.0,0.0,0.0,0.0
15654,full_active,0,-124,0,279,"(250,500]",26,"[10,100)",14,"[5,30)",956,730+,1,5,19,583,1.0,0,0,14,116,5,2,0,1.0,0.0,0.0,0.0,0.0,0.0
15670,full_active,0,-124,1,1371,500+,18,"[10,100)",3,"[1,5)",1269,730+,0,6,10,166,1.0,0,0,22,379,1,2,0,0.0,0.0,0.0,0.0,0.0,0.0
15681,high_active,0,-124,1,67,"(50,100]",18,"[10,100)",13,"[5,30)",950,730+,1,4,29,974,2.0,0,1,8,344,6,3,0,0.0,0.0,0.0,0.0,0.0,0.0
15683,full_active,0,1,1,350,"(250,500]",280,"[100,1k)",236,"[120,250)",1580,730+,1,4,2,1200,5.0,0,0,22,412,5,4,2,1.0,0.0,0.0,0.0,0.0,0.0
15684,high_active,0,-124,0,0,0,0,0,0,0,40,31-60,1,4,31,412,1.0,0,1,17,351,1,0,0,1.0,0.0,0.0,0.0,0.0,0.0
15690,high_active,0,-124,1,55,"(50,100]",0,0,0,0,673,366-730,1,0,9,296,0.0,0,1,10,389,6,0,0,1.0,0.0,0.0,0.0,0.0,0.0
15693,high_active,0,-124,0,51,"(50,100]",0,0,0,0,2249,730+,1,3,29,943,0.0,0,0,15,304,1,4,0,1.0,0.0,0.0,0.0,0.0,0.0
15695,single_low_active,0,-124,1,5,"(0,10]",6,"[1,10)",1,"[1,5)",289,181-365,1,5,19,567,0.0,0,1,18,395,6,0,0,0.0,0.0,0.0,0.0,0.0,0.0
15697,full_active,0,-124,1,267,"(250,500]",140,"[100,1k)",51,"[30,60)",2262,730+,1,2,19,558,2.0,0,0,13,330,5,4,0,1.0,0.0,0.0,0.0,0.0,0.0
15704,full_active,0,-124,1,438,"(250,500]",105,"[100,1k)",85,"[60,120)",763,730+,0,2,29,906,1.0,0,1,10,373,5,0,0,1.0,0.0,0.0,0.0,0.0,0.0
15706,full_active,0,-124,1,4994,500+,757,"[100,1k)",544,250+,932,730+,0,0,29,950,1.0,0,0,15,178,3,2,0,0.0,0.0,1.0,0.0,0.0,0.0
15712,high_active,0,-124,1,30,"(10,50]",10,"[10,100)",2,"[1,5)",2023,730+,0,3,2,1169,8.0,0,1,10,405,3,4,2,1.0,0.0,0.0,0.0,0.0,0.0
15724,2_14_day_new,0,-124,0,1,"(0,10]",1,"[1,10)",1,"[1,5)",531,366-730,1,1,2,1196,4.0,0,1,9,83,3,3,2,1.0,0.0,0.0,0.0,0.0,0.0
15728,full_active,0,1,1,2730,500+,941,"[100,1k)",938,250+,1564,730+,1,4,10,268,3.0,0,1,20,174,5,4,0,1.0,0.0,0.0,0.0,0.0,0.0
15736,full_active,0,-124,0,217,"(150,250]",22,"[10,100)",17,"[5,30)",835,730+,1,5,29,920,1.0,0,0,14,26,1,3,0,1.0,1.0,1.0,0.0,0.0,0.0
15743,full_active,0,-124,1,356,"(250,500]",489,"[100,1k)",341,250+,1776,730+,0,1,2,1157,5.0,0,1,21,91,5,3,2,1.0,0.0,0.0,0.0,0.0,0.0
15750,full_active,0,-124,0,49,"(10,50]",17,"[10,100)",1,"[1,5)",935,730+,1,6,29,923,2.0,0,1,8,248,6,3,0,,,,,,
15756,full_active,0,-124,1,740,500+,104,"[100,1k)",73,"[60,120)",814,730+,0,1,29,964,1.0,0,0,30,251,3,4,0,1.0,0.0,0.0,0.0,0.0,0.0
15758,full_active,0,-124,1,57,"(50,100]",63,"[10,100)",43,"[30,60)",1938,730+,1,2,2,1165,6.0,0,0,15,274,6,3,2,0.0,0.0,0.0,0.0,0.0,0.0
15761,full_active,0,-124,0,1307,500+,227,"[100,1k)",225,"[120,250)",393,366-730,0,5,2,1155,4.0,0,0,15,274,6,0,2,1.0,0.0,0.0,0.0,0.0,0.0
15768,full_active,0,1,1,556,500+,257,"[100,1k)",24,"[5,30)",2627,730+,0,2,19,630,4.0,0,0,7,154,1,3,0,1.0,0.0,0.0,0.0,0.0,0.0
15778,full_active,0,-124,0,85,"(50,100]",12,"[10,100)",4,"[1,5)",1876,730+,0,3,2,1165,6.0,0,0,28,280,1,0,2,1.0,0.0,0.0,0.0,0.0,0.0
15780,middle_active,0,-124,1,82,"(50,100]",12,"[10,100)",3,"[1,5)",267,181-365,0,1,2,1177,2.0,0,1,44,363,3,2,2,0.0,0.0,0.0,0.0,0.0,0.0
15784,full_active,0,1,1,592,500+,634,"[100,1k)",346,250+,1419,730+,1,4,9,715,3.0,0,1,8,344,6,3,0,1.0,0.0,0.0,0.0,0.0,0.0
15788,full_active,0,-124,1,379,"(250,500]",640,"[100,1k)",365,250+,1432,730+,0,4,29,988,1.0,0,0,30,368,4,2,0,1.0,0.0,0.0,0.0,0.0,0.0
15797,high_active,0,-124,1,72,"(50,100]",57,"[10,100)",20,"[5,30)",784,730+,1,6,2,1160,4.0,0,1,8,349,3,0,2,1.0,0.0,0.0,0.0,0.0,0.0
15798,2_14_day_new,0,-124,0,28,"(10,50]",0,0,0,0,1590,730+,1,4,31,23,1.0,0,0,13,330,5,2,0,1.0,0.0,0.0,0.0,0.0,1.0
15799,full_active,0,-124,1,2,"(0,10]",14,"[10,100)",2,"[1,5)",1165,730+,1,5,19,637,1.0,0,0,7,138,1,3,0,0.0,0.0,0.0,0.0,0.0,0.0
15803,full_active,0,-124,1,394,"(250,500]",75,"[10,100)",30,"[30,60)",1507,730+,0,5,19,544,2.0,0,0,19,170,1,3,0,1.0,0.0,0.0,0.0,0.0,0.0
15809,full_active,0,1,1,148,"(100,150]",262,"[100,1k)",49,"[30,60)",842,730+,0,3,10,765,2.0,0,0,33,195,1,3,0,1.0,0.0,0.0,0.0,0.0,0.0
15821,full_active,0,-124,1,2875,500+,1310,"[1k,5k)",1242,250+,1221,730+,1,6,28,993,,0,1,43,366,3,4,0,1.0,1.0,1.0,0.0,0.0,0.0
15831,full_active,0,-124,1,620,500+,9,"[1,10)",5,"[5,30)",612,366-730,1,6,10,110,0.0,0,1,20,191,5,0,0,1.0,0.0,0.0,0.0,0.0,0.0
15836,full_active,0,-124,1,14,"(10,50]",93,"[10,100)",14,"[5,30)",1923,730+,1,1,2,1160,4.0,0,0,14,116,5,3,2,1.0,0.0,0.0,0.0,0.0,0.0
15843,full_active,0,1,1,267,"(250,500]",60273,"[1w,10w)",58,"[30,60)",334,181-365,1,2,2,1150,2.0,0,0,31,275,5,2,2,1.0,0.0,0.0,0.0,0.0,0.0
15850,full_active,0,1,1,38,"(10,50]",110,"[100,1k)",6,"[5,30)",2373,730+,1,2,29,893,1.0,0,1,10,449,3,3,0,0.0,0.0,0.0,0.0,0.0,0.0
15851,2_14_day_new,0,-124,1,108,"(100,150]",174,"[100,1k)",104,"[60,120)",1625,730+,0,2,19,513,0.0,0,0,31,354,3,3,2,0.0,0.0,0.0,0.0,0.0,0.0
15855,high_active,0,-124,0,219,"(150,250]",22,"[10,100)",10,"[5,30)",573,366-730,1,6,10,320,6.0,0,0,13,117,6,3,0,1.0,0.0,0.0,0.0,0.0,0.0
15858,low_active,0,-124,0,1,"(0,10]",1,"[1,10)",0,0,26,15-30,1,1,9,296,0.0,0,1,20,383,6,0,0,1.0,0.0,0.0,0.0,0.0,0.0
15860,middle_active,0,1,1,406,"(250,500]",118,"[100,1k)",106,"[60,120)",2657,730+,1,3,19,613,2.0,0,0,13,117,6,3,0,0.0,0.0,0.0,0.0,0.0,0.0
15876,full_active,0,1,1,2642,500+,115,"[100,1k)",97,"[60,120)",1614,730+,1,4,19,599,2.0,0,0,30,251,3,3,0,0.0,0.0,0.0,0.0,0.0,0.0
15880,high_active,0,-124,0,75,"(50,100]",2,"[1,10)",1,"[1,5)",788,730+,0,6,19,606,1.0,0,1,0,58,1,3,0,1.0,0.0,0.0,0.0,0.0,0.0
15881,high_active,0,-124,1,355,"(250,500]",399,"[100,1k)",348,250+,749,730+,1,1,2,1202,4.0,0,1,10,449,3,3,2,0.0,0.0,0.0,0.0,0.0,0.0
15896,full_active,0,1,1,383,"(250,500]",560,"[100,1k)",202,"[120,250)",1578,730+,0,2,2,1162,8.0,0,1,44,400,5,2,2,1.0,0.0,0.0,0.0,0.0,0.0
15899,full_active,0,-124,1,554,500+,17,"[10,100)",11,"[5,30)",1065,730+,1,6,10,74,0.0,0,0,31,275,5,2,0,0.0,1.0,0.0,0.0,0.0,0.0
15902,full_active,0,-124,1,24,"(10,50]",4,"[1,10)",0,0,2352,730+,1,4,2,1153,4.0,0,1,44,289,5,3,2,0.0,0.0,0.0,0.0,0.0,0.0
15909,high_active,0,1,1,515,500+,2268,"[1k,5k)",21,"[5,30)",1857,730+,1,4,2,1158,7.0,0,1,43,221,4,0,2,1.0,0.0,0.0,0.0,0.0,0.0
15914,full_active,0,-124,1,1141,500+,9,"[1,10)",6,"[5,30)",485,366-730,1,0,19,594,1.0,0,0,42,171,1,4,0,1.0,0.0,1.0,0.0,0.0,0.0
15916,full_active,0,-124,0,12,"(10,50]",1,"[1,10)",0,0,1442,730+,1,4,10,215,1.0,0,0,14,440,1,0,0,0.0,0.0,0.0,0.0,0.0,0.0
15934,full_active,0,1,1,55,"(50,100]",273,"[100,1k)",52,"[30,60)",2338,730+,0,2,2,1160,4.0,0,0,13,333,6,3,2,1.0,0.0,0.0,0.0,0.0,0.0
15937,full_active,0,-124,1,470,"(250,500]",46,"[10,100)",37,"[30,60)",1413,730+,0,1,19,578,1.0,0,0,19,378,3,2,0,1.0,1.0,0.0,0.0,0.0,0.0
15948,full_active,0,-124,1,484,"(250,500]",6,"[1,10)",1,"[1,5)",69,61-90,1,3,19,558,2.0,0,1,8,36,4,4,0,0.0,0.0,0.0,0.0,0.0,0.0
15962,full_active,0,-124,1,202,"(150,250]",45,"[10,100)",19,"[5,30)",1483,730+,1,4,10,127,2.0,0,0,19,387,1,3,0,0.0,1.0,0.0,0.0,0.0,0.0
15964,high_active,0,-124,1,1882,500+,567,"[100,1k)",567,250+,1071,730+,1,6,9,478,2.0,0,0,13,67,6,0,0,1.0,1.0,1.0,0.0,0.0,0.0
15968,low_active,0,-124,1,6,"(0,10]",5,"[1,10)",2,"[1,5)",22,15-30,0,1,2,1179,2.0,0,0,15,214,6,0,2,1.0,0.0,0.0,0.0,0.0,0.0
15970,2_14_day_new,0,-124,1,20,"(10,50]",655,"[100,1k)",20,"[5,30)",959,730+,0,1,2,1167,9.0,0,1,20,286,6,4,2,1.0,0.0,0.0,0.0,0.0,0.0
15985,middle_active,0,-124,1,267,"(250,500]",167,"[100,1k)",116,"[60,120)",545,366-730,1,1,19,606,1.0,0,1,0,360,6,3,0,0.0,0.0,0.0,0.0,0.0,0.0
15998,full_active,0,-124,1,57,"(50,100]",2,"[1,10)",2,"[1,5)",849,730+,0,4,19,578,1.0,0,0,15,214,6,0,0,1.0,0.0,0.0,0.0,0.0,0.0
16010,high_active,0,-124,1,18,"(10,50]",4,"[1,10)",2,"[1,5)",1313,730+,0,1,29,1357,1.0,0,1,32,33,2,0,0,0.0,0.0,0.0,0.0,0.0,0.0
16013,full_active,0,-124,1,86,"(50,100]",11,"[10,100)",4,"[1,5)",1241,730+,1,5,19,567,0.0,0,0,14,116,5,2,0,1.0,0.0,0.0,0.0,0.0,0.0
16014,full_active,0,1,1,127,"(100,150]",230,"[100,1k)",117,"[60,120)",1871,730+,1,2,10,230,1.0,0,1,10,389,6,3,0,1.0,0.0,0.0,0.0,0.0,0.0
16015,full_active,0,-124,1,299,"(250,500]",2,"[1,10)",1,"[1,5)",976,730+,1,5,10,1025,3.0,0,1,8,64,5,0,0,1.0,0.0,1.0,0.0,0.0,0.0
16017,full_active,0,-124,1,46,"(10,50]",72,"[10,100)",21,"[5,30)",180,91-180,0,1,19,632,0.0,0,1,5,332,5,2,0,1.0,0.0,0.0,0.0,0.0,0.0
16021,high_active,0,1,1,54,"(50,100]",125,"[100,1k)",47,"[30,60)",1645,730+,0,2,2,1153,5.0,0,1,8,39,5,4,2,1.0,0.0,0.0,0.0,0.0,0.0
16026,full_active,0,-124,1,72,"(50,100]",187,"[100,1k)",72,"[60,120)",1514,730+,0,1,2,1152,3.0,0,0,14,135,6,2,2,1.0,0.0,0.0,0.0,0.0,0.0
16029,high_active,0,-124,0,36,"(10,50]",15,"[10,100)",9,"[5,30)",990,730+,1,5,10,215,1.0,0,0,19,111,6,2,0,1.0,1.0,0.0,0.0,0.0,0.0
16041,full_active,0,-124,1,13,"(10,50]",22,"[10,100)",3,"[1,5)",1289,730+,1,3,19,618,3.0,0,1,10,254,3,3,0,1.0,0.0,0.0,0.0,1.0,0.0
16045,middle_active,0,-124,1,71,"(50,100]",4,"[1,10)",2,"[1,5)",1086,730+,1,5,19,592,1.0,0,1,8,200,5,3,0,0.0,0.0,0.0,0.0,0.0,0.0
16048,high_active,0,-124,0,176,"(150,250]",27,"[10,100)",3,"[1,5)",1943,730+,0,4,10,850,13.0,0,0,24,264,4,2,0,1.0,0.0,1.0,0.0,0.0,0.0
16051,full_active,0,-124,1,889,500+,428,"[100,1k)",396,250+,275,181-365,0,6,19,633,2.0,0,0,19,110,1,4,0,1.0,0.0,0.0,0.0,0.0,0.0
16054,full_active,0,-124,1,3867,500+,1072,"[1k,5k)",796,250+,1093,730+,1,1,29,899,1.0,0,1,43,211,1,3,0,0.0,0.0,0.0,0.0,0.0,0.0
16059,full_active,0,1,1,97,"(50,100]",106,"[100,1k)",59,"[30,60)",2414,730+,1,3,2,1171,5.0,0,0,26,108,1,3,2,1.0,0.0,0.0,0.0,0.0,0.0
16060,high_active,0,-124,1,587,500+,55,"[10,100)",41,"[30,60)",2557,730+,1,2,2,1202,4.0,0,0,22,104,6,3,2,1.0,0.0,0.0,0.0,0.0,0.0
16064,full_active,0,-124,1,163,"(150,250]",38,"[10,100)",8,"[5,30)",1290,730+,0,4,10,127,2.0,0,0,28,367,3,2,0,1.0,0.0,0.0,0.0,0.0,0.0
16065,full_active,0,-124,0,44,"(10,50]",7,"[1,10)",3,"[1,5)",1229,730+,0,4,2,1153,5.0,0,1,44,147,4,2,2,1.0,0.0,0.0,0.0,0.0,0.0
16076,high_active,0,-124,1,604,500+,863,"[100,1k)",597,250+,916,730+,0,1,19,1266,3.0,0,0,33,227,3,3,0,1.0,0.0,0.0,0.0,0.0,0.0
16093,full_active,0,-124,1,28,"(10,50]",7,"[1,10)",3,"[1,5)",1601,730+,0,3,19,645,3.0,0,0,15,69,6,4,0,1.0,0.0,0.0,0.0,0.0,0.0
16104,high_active,0,-124,1,73,"(50,100]",12,"[10,100)",8,"[5,30)",1410,730+,0,4,19,602,2.0,0,0,7,323,1,0,0,1.0,0.0,0.0,0.0,0.0,0.0
16110,2_14_day_new,0,-124,1,221,"(150,250]",60,"[10,100)",10,"[5,30)",1837,730+,0,3,19,659,1.0,0,1,43,232,3,3,0,1.0,1.0,1.0,0.0,0.0,0.0
16116,full_active,0,-124,1,136,"(100,150]",17,"[10,100)",12,"[5,30)",862,730+,1,6,10,243,0.0,0,0,7,154,1,3,0,1.0,0.0,0.0,0.0,0.0,0.0
16117,high_active,0,-124,1,215,"(150,250]",48,"[10,100)",3,"[1,5)",1298,730+,0,3,2,1166,8.0,0,0,15,304,1,4,2,1.0,0.0,0.0,0.0,0.0,0.0
16123,high_active,0,-124,0,45,"(10,50]",7,"[1,10)",3,"[1,5)",1545,730+,0,1,29,906,1.0,0,1,8,287,2,2,0,1.0,0.0,1.0,0.0,0.0,0.0
16125,full_active,0,-124,1,7,"(0,10]",14,"[10,100)",1,"[1,5)",880,730+,1,4,10,286,1.0,0,0,31,193,3,0,0,1.0,0.0,0.0,0.0,0.0,0.0
16134,full_active,0,-124,1,1,"(0,10]",11,"[10,100)",1,"[1,5)",35,31-60,1,1,2,1164,6.0,0,1,32,33,2,2,2,0.0,0.0,0.0,0.0,0.0,0.0
16136,high_active,0,-124,1,627,500+,73,"[10,100)",56,"[30,60)",1182,730+,1,5,29,950,1.0,0,0,7,190,1,3,0,1.0,1.0,0.0,0.0,0.0,0.0
16138,full_active,0,1,1,813,500+,1124,"[1k,5k)",785,250+,311,181-365,0,1,10,287,1.0,0,0,15,109,3,3,0,0.0,0.0,0.0,0.0,0.0,0.0
16149,high_active,0,-124,1,510,500+,615,"[100,1k)",486,250+,1776,730+,0,1,19,606,1.0,0,0,13,267,6,3,0,1.0,0.0,0.0,0.0,0.0,0.0
16166,high_active,0,-124,1,11,"(10,50]",2,"[1,10)",1,"[1,5)",55,31-60,1,1,2,1179,2.0,0,0,14,116,5,0,2,,,,,,
16174,full_active,0,-124,1,8,"(0,10]",5,"[1,10)",3,"[1,5)",641,366-730,0,1,29,972,1.0,0,0,22,412,5,0,0,0.0,0.0,0.0,0.0,0.0,0.0
16175,high_active,0,-124,0,4999,500+,18,"[10,100)",11,"[5,30)",1428,730+,1,6,29,973,1.0,0,0,13,183,6,4,1,1.0,0.0,0.0,0.0,0.0,0.0
16178,high_active,0,-124,0,4,"(0,10]",1,"[1,10)",0,0,335,181-365,1,3,2,1165,6.0,0,0,28,367,3,2,2,0.0,0.0,0.0,0.0,1.0,0.0
16184,high_active,0,-124,0,117,"(100,150]",11,"[10,100)",9,"[5,30)",444,366-730,0,6,10,399,0.0,0,0,19,396,3,0,0,1.0,0.0,0.0,0.0,0.0,0.0
16187,full_active,0,-124,0,72,"(50,100]",4,"[1,10)",1,"[1,5)",1731,730+,0,2,10,79,0.0,0,1,43,232,3,3,0,0.0,0.0,0.0,0.0,0.0,0.0
16189,full_active,0,-124,1,52,"(50,100]",16,"[10,100)",2,"[1,5)",70,61-90,1,0,2,1151,3.0,0,1,20,348,4,2,2,1.0,0.0,0.0,0.0,0.0,0.0
16194,full_active,0,-124,0,33,"(10,50]",3,"[1,10)",0,0,945,730+,0,1,2,1160,4.0,0,1,37,439,6,0,2,0.0,0.0,0.0,0.0,0.0,0.0
16198,full_active,0,-124,1,106,"(100,150]",10,"[10,100)",6,"[5,30)",1165,730+,1,6,29,1357,1.0,0,0,13,267,6,3,0,0.0,0.0,0.0,0.0,0.0,0.0
16206,full_active,0,-124,1,306,"(250,500]",726,"[100,1k)",24,"[5,30)",395,366-730,1,4,10,852,4.0,0,1,9,88,5,4,0,1.0,0.0,0.0,0.0,0.0,0.0
16217,high_active,0,1,1,760,500+,141,"[100,1k)",141,"[120,250)",1584,730+,0,4,19,558,2.0,0,0,30,251,3,2,0,1.0,0.0,0.0,0.0,0.0,0.0
16218,full_active,0,1,1,2075,500+,6320,"[5k,1w)",88,"[60,120)",2160,730+,1,2,2,1160,4.0,0,0,31,343,3,4,2,1.0,0.0,0.0,0.0,0.0,0.0
16233,low_active,0,-124,0,96,"(50,100]",6,"[1,10)",3,"[1,5)",1389,730+,0,1,29,1341,1.0,0,1,43,68,3,3,0,1.0,0.0,0.0,0.0,0.0,0.0
16234,full_active,0,1,1,4956,500+,89,"[10,100)",71,"[60,120)",405,366-730,0,0,29,947,1.0,0,0,13,183,6,3,0,1.0,0.0,0.0,0.0,0.0,0.0
16235,high_active,0,1,1,549,500+,202,"[100,1k)",87,"[60,120)",1872,730+,1,5,19,622,1.0,0,0,14,135,6,4,1,1.0,0.0,0.0,0.0,0.0,0.0
16247,full_active,0,-124,0,38,"(10,50]",0,0,0,0,105,91-180,1,5,29,936,1.0,0,0,15,297,1,2,0,1.0,1.0,0.0,0.0,0.0,0.0
16253,high_active,0,-124,0,42,"(10,50]",2,"[1,10)",0,0,251,181-365,1,2,31,22,4.0,0,1,8,294,6,0,0,1.0,0.0,0.0,0.0,0.0,0.0
16254,middle_active,0,-124,1,4999,500+,676,"[100,1k)",612,250+,749,730+,0,1,19,612,2.0,0,1,34,273,3,3,0,0.0,1.0,0.0,0.0,0.0,0.0
16262,high_active,0,1,1,497,"(250,500]",66,"[10,100)",28,"[5,30)",1518,730+,0,3,2,1159,4.0,0,0,15,118,6,4,2,1.0,0.0,0.0,0.0,0.0,0.0
16266,high_active,0,-124,1,42,"(10,50]",40,"[10,100)",6,"[5,30)",1688,730+,1,4,29,958,1.0,0,0,33,41,3,2,0,1.0,0.0,0.0,0.0,1.0,0.0
16267,2_14_day_new,0,-124,1,16,"(10,50]",3,"[1,10)",0,0,2624,730+,1,2,10,604,2.0,0,0,1,82,2,0,0,0.0,0.0,0.0,0.0,0.0,0.0
16285,full_active,0,-124,1,38,"(10,50]",47,"[10,100)",9,"[5,30)",1470,730+,1,1,29,958,1.0,0,1,0,75,3,3,0,1.0,0.0,0.0,0.0,0.0,0.0
16300,full_active,0,-124,1,4989,500+,7,"[1,10)",2,"[1,5)",1531,730+,1,1,31,740,1.0,0,1,5,270,5,0,0,1.0,0.0,0.0,0.0,1.0,0.0
16303,full_active,0,-124,1,132,"(100,150]",9,"[1,10)",1,"[1,5)",782,730+,1,3,10,79,0.0,0,0,15,93,6,0,0,1.0,0.0,0.0,1.0,0.0,0.0
16304,high_active,0,-124,1,164,"(150,250]",7,"[1,10)",3,"[1,5)",702,366-730,0,1,2,1122,2.0,0,1,5,453,6,3,1,0.0,0.0,0.0,0.0,0.0,0.0
16310,full_active,0,-124,1,144,"(100,150]",166,"[100,1k)",142,"[120,250)",379,366-730,1,2,2,1152,3.0,0,0,42,120,1,0,2,1.0,0.0,0.0,0.0,0.0,0.0
16311,high_active,0,1,1,619,500+,5,"[1,10)",3,"[1,5)",1746,730+,1,3,2,1160,4.0,0,1,8,36,4,4,2,0.0,0.0,0.0,0.0,0.0,0.0
16312,full_active,0,-124,1,335,"(250,500]",487,"[100,1k)",334,250+,439,366-730,1,1,9,296,0.0,0,1,8,64,5,2,0,0.0,0.0,0.0,0.0,0.0,0.0
16313,high_active,0,-124,1,443,"(250,500]",2,"[1,10)",0,0,2752,730+,1,3,28,404,,0,1,5,31,6,2,0,1.0,0.0,1.0,0.0,1.0,0.0
16316,full_active,0,-124,1,151,"(150,250]",26,"[10,100)",12,"[5,30)",1597,730+,0,4,10,854,1.0,0,0,31,276,6,4,0,1.0,0.0,0.0,0.0,0.0,0.0
16317,full_active,0,1,1,110,"(100,150]",114,"[100,1k)",40,"[30,60)",1611,730+,0,5,2,1164,5.0,0,0,31,220,3,2,2,1.0,0.0,0.0,0.0,0.0,0.0
16320,full_active,0,-124,1,132,"(100,150]",11,"[10,100)",1,"[1,5)",1187,730+,1,4,29,904,2.0,0,0,24,45,3,2,0,1.0,1.0,1.0,0.0,0.0,0.0
16321,full_active,0,-124,1,91,"(50,100]",95,"[10,100)",17,"[5,30)",1903,730+,1,3,2,1167,9.0,0,0,33,107,1,3,2,1.0,0.0,0.0,0.0,0.0,0.0
16334,full_active,0,-124,1,302,"(250,500]",19,"[10,100)",11,"[5,30)",1502,730+,1,5,29,988,1.0,0,0,22,379,1,3,0,0.0,0.0,0.0,0.0,0.0,0.0
16341,full_active,0,-124,1,167,"(150,250]",16,"[10,100)",12,"[5,30)",406,366-730,0,1,19,540,1.0,0,0,31,354,3,4,0,1.0,0.0,0.0,0.0,0.0,0.0
16349,high_active,0,1,1,25,"(10,50]",65,"[10,100)",1,"[1,5)",1366,730+,1,1,2,1153,4.0,0,1,20,161,6,4,2,1.0,0.0,0.0,0.0,0.0,0.0
16351,full_active,0,1,1,485,"(250,500]",515,"[100,1k)",321,250+,1157,730+,1,4,10,320,6.0,0,1,17,156,6,3,0,1.0,0.0,0.0,0.0,0.0,0.0
16355,high_active,0,-124,1,66,"(50,100]",52,"[10,100)",36,"[30,60)",780,730+,0,5,10,200,0.0,0,1,43,221,4,2,0,0.0,0.0,0.0,0.0,0.0,0.0
16360,full_active,0,-124,0,320,"(250,500]",5,"[1,10)",5,"[5,30)",1003,730+,1,2,10,765,2.0,0,1,9,324,3,3,0,1.0,0.0,0.0,0.0,0.0,0.0
16363,high_active,0,-124,1,208,"(150,250]",106,"[100,1k)",40,"[30,60)",1422,730+,1,5,31,377,1.0,0,0,30,114,6,2,0,1.0,0.0,0.0,0.0,0.0,0.0
16374,full_active,0,1,1,463,"(250,500]",175,"[100,1k)",98,"[60,120)",1732,730+,0,4,2,1177,2.0,0,0,30,251,3,4,2,1.0,0.0,0.0,0.0,0.0,0.0
16382,full_active,0,1,1,108,"(100,150]",44,"[10,100)",34,"[30,60)",633,366-730,1,4,9,229,1.0,0,0,13,267,6,0,0,1.0,0.0,0.0,0.0,0.0,0.0
16386,full_active,0,-124,1,69,"(50,100]",76,"[10,100)",16,"[5,30)",750,730+,0,4,19,567,0.0,0,0,19,424,1,3,0,1.0,0.0,0.0,0.0,0.0,0.0
16390,full_active,0,-124,1,1022,500+,126,"[100,1k)",47,"[30,60)",1780,730+,0,2,19,632,0.0,0,0,13,117,6,3,0,0.0,0.0,0.0,0.0,0.0,0.0
16395,full_active,0,1,1,289,"(250,500]",304,"[100,1k)",179,"[120,250)",2562,730+,0,2,29,968,4.0,0,0,13,188,3,3,0,1.0,0.0,0.0,0.0,0.0,0.0
16408,high_active,0,-124,1,236,"(150,250]",13,"[10,100)",6,"[5,30)",2241,730+,0,2,29,890,0.0,0,1,5,89,6,4,0,1.0,0.0,0.0,0.0,0.0,0.0
16410,full_active,0,1,1,68,"(50,100]",699,"[100,1k)",60,"[60,120)",1550,730+,0,3,2,1165,6.0,0,1,10,450,3,3,2,1.0,0.0,0.0,0.0,0.0,0.0
16411,full_active,0,-124,1,623,500+,999,"[100,1k)",581,250+,1537,730+,0,6,10,844,1.0,0,0,26,124,1,3,0,1.0,0.0,0.0,0.0,0.0,0.0
16412,full_active,0,1,1,924,500+,2223,"[1k,5k)",40,"[30,60)",2406,730+,1,3,2,1167,9.0,0,0,1,82,2,2,2,1.0,0.0,0.0,0.0,0.0,0.0
16414,full_active,0,-124,1,266,"(250,500]",5,"[1,10)",2,"[1,5)",2512,730+,0,3,2,1152,4.0,0,1,8,181,2,2,2,0.0,0.0,0.0,0.0,0.0,0.0
16421,full_active,0,-124,0,68,"(50,100]",4,"[1,10)",3,"[1,5)",33,31-60,0,1,0,8,1.0,0,1,21,103,3,0,0,0.0,0.0,0.0,0.0,0.0,0.0
16431,middle_active,0,-124,1,391,"(250,500]",398,"[100,1k)",267,250+,715,366-730,0,1,7,222,1.0,0,1,43,136,3,3,0,0.0,0.0,0.0,0.0,0.0,0.0
16432,middle_active,0,-124,0,108,"(100,150]",6,"[1,10)",1,"[1,5)",428,366-730,0,4,19,622,1.0,0,0,15,93,6,3,0,1.0,0.0,0.0,0.0,0.0,0.0
16437,full_active,0,-124,1,117,"(100,150]",331,"[100,1k)",87,"[60,120)",850,730+,0,2,29,901,1.0,0,1,10,449,3,3,0,1.0,0.0,0.0,0.0,0.0,0.0
16445,full_active,0,-124,1,25,"(10,50]",23,"[10,100)",21,"[5,30)",2114,730+,0,1,2,1177,2.0,0,0,31,276,6,0,2,1.0,0.0,0.0,0.0,0.0,0.0
16446,full_active,0,-124,1,410,"(250,500]",50,"[10,100)",23,"[5,30)",915,730+,1,4,19,620,1.0,0,0,7,252,1,3,0,1.0,0.0,0.0,0.0,0.0,0.0
16448,high_active,0,-124,1,712,500+,27,"[10,100)",14,"[5,30)",629,366-730,1,1,28,719,,0,1,34,52,3,3,0,1.0,0.0,0.0,0.0,0.0,0.0
16450,high_active,0,-124,1,966,500+,29,"[10,100)",18,"[5,30)",1014,730+,1,6,21,673,1.0,0,0,38,139,4,2,0,0.0,0.0,0.0,0.0,0.0,0.0
16473,low_active,0,-124,1,367,"(250,500]",13,"[10,100)",4,"[1,5)",1546,730+,1,1,19,524,0.0,0,1,43,221,4,3,0,1.0,0.0,0.0,0.0,0.0,0.0
16476,full_active,0,1,1,158,"(150,250]",74,"[10,100)",37,"[30,60)",1946,730+,1,4,29,897,2.0,0,0,13,67,6,2,0,1.0,0.0,0.0,0.0,0.0,0.0
16477,full_active,0,-124,0,23,"(10,50]",10,"[10,100)",0,0,925,730+,1,5,19,606,1.0,0,0,13,188,3,3,0,1.0,0.0,0.0,0.0,0.0,0.0
16481,full_active,0,-124,1,654,500+,461,"[100,1k)",313,250+,561,366-730,0,6,31,363,0.0,0,1,34,201,4,2,0,1.0,0.0,0.0,0.0,0.0,0.0
16489,full_active,0,-124,1,197,"(150,250]",32,"[10,100)",14,"[5,30)",936,730+,1,2,2,1160,4.0,0,0,31,42,6,4,2,1.0,1.0,0.0,0.0,0.0,0.0
16493,full_active,0,-124,1,544,500+,802,"[100,1k)",538,250+,314,181-365,0,1,19,659,1.0,0,1,17,145,3,2,0,0.0,0.0,0.0,0.0,0.0,0.0
16500,full_active,0,-124,1,81,"(50,100]",42,"[10,100)",0,0,2135,730+,0,2,2,1171,5.0,0,1,8,36,4,2,2,1.0,0.0,0.0,0.0,0.0,0.0
16505,full_active,0,-124,1,99,"(50,100]",177,"[100,1k)",87,"[60,120)",2349,730+,0,2,18,485,1.0,0,1,43,230,1,3,2,1.0,0.0,0.0,0.0,0.0,0.0
16506,full_active,0,1,1,749,500+,209,"[100,1k)",70,"[60,120)",1859,730+,0,4,29,978,1.0,0,0,42,63,1,2,0,1.0,0.0,0.0,0.0,0.0,0.0
16512,full_active,0,-124,1,388,"(250,500]",69,"[10,100)",38,"[30,60)",1088,730+,1,4,10,77,1.0,0,0,13,67,6,2,0,1.0,1.0,1.0,0.0,0.0,0.0
16527,full_active,0,-124,1,47,"(10,50]",50,"[10,100)",7,"[5,30)",2111,730+,0,2,19,625,2.0,0,1,0,58,1,4,0,1.0,0.0,0.0,0.0,0.0,0.0
16546,high_active,0,-124,1,607,500+,73,"[10,100)",72,"[60,120)",2138,730+,1,4,28,993,,0,1,9,310,3,3,0,1.0,0.0,0.0,0.0,0.0,0.0
16548,high_active,0,-124,0,30,"(10,50]",8,"[1,10)",4,"[1,5)",1179,730+,0,6,10,77,1.0,0,0,24,206,1,3,0,1.0,0.0,0.0,0.0,0.0,0.0
16558,full_active,0,-124,1,42,"(10,50]",31,"[10,100)",6,"[5,30)",1032,730+,0,4,10,215,1.0,0,1,44,147,4,4,0,0.0,0.0,0.0,0.0,0.0,0.0
16566,middle_active,0,-124,1,368,"(250,500]",244,"[100,1k)",243,"[120,250)",361,181-365,0,0,29,906,1.0,0,1,43,221,4,4,0,1.0,0.0,0.0,0.0,0.0,0.0
16567,high_active,0,1,1,358,"(250,500]",389,"[100,1k)",36,"[30,60)",2045,730+,1,2,2,1160,4.0,0,0,15,394,4,2,2,1.0,0.0,0.0,0.0,1.0,0.0
16580,full_active,0,-124,1,93,"(50,100]",150,"[100,1k)",74,"[60,120)",1900,730+,0,2,19,646,3.0,0,0,22,412,5,2,0,0.0,0.0,0.0,0.0,0.0,0.0
16587,full_active,0,-124,0,33,"(10,50]",3,"[1,10)",3,"[1,5)",587,366-730,0,6,10,398,0.0,0,0,22,412,5,0,0,1.0,1.0,0.0,0.0,0.0,0.0
16589,full_active,0,-124,1,602,500+,1380,"[1k,5k)",343,250+,1495,730+,0,1,19,622,1.0,0,1,8,259,6,2,0,0.0,0.0,0.0,0.0,0.0,0.0
16609,middle_active,0,-124,0,102,"(100,150]",59,"[10,100)",53,"[30,60)",1176,730+,1,2,29,920,1.0,0,1,9,243,6,4,0,1.0,0.0,0.0,0.0,1.0,0.0
16610,full_active,0,-124,1,11,"(10,50]",26,"[10,100)",5,"[5,30)",1517,730+,0,3,2,1160,4.0,0,1,43,221,4,3,2,1.0,0.0,0.0,0.0,0.0,0.0
16611,full_active,0,-124,1,84,"(50,100]",113,"[100,1k)",32,"[30,60)",1813,730+,0,3,29,940,1.0,0,0,13,330,5,4,0,1.0,0.0,0.0,0.0,0.0,0.0
16617,full_active,0,-124,1,511,500+,90,"[10,100)",31,"[30,60)",1544,730+,0,5,31,381,2.0,0,0,22,412,5,3,0,1.0,0.0,0.0,0.0,0.0,0.0
16623,high_active,0,-124,1,114,"(100,150]",3,"[1,10)",0,0,895,730+,0,2,2,1159,3.0,0,1,20,85,4,0,2,0.0,0.0,0.0,0.0,0.0,0.0
16628,full_active,0,-124,1,421,"(250,500]",45,"[10,100)",45,"[30,60)",931,730+,1,1,19,637,1.0,0,1,10,373,5,2,0,1.0,0.0,1.0,0.0,0.0,0.0
16630,full_active,0,1,1,233,"(150,250]",86,"[10,100)",33,"[30,60)",2318,730+,1,3,2,1160,4.0,0,1,8,181,2,2,2,1.0,0.0,0.0,0.0,0.0,0.0
16633,full_active,0,-124,1,20,"(10,50]",19,"[10,100)",7,"[5,30)",459,366-730,1,2,29,958,1.0,0,0,15,394,4,4,0,0.0,0.0,0.0,0.0,1.0,0.0
16634,full_active,0,-124,1,24,"(10,50]",18,"[10,100)",0,0,1882,730+,0,3,2,1171,5.0,0,1,32,33,2,2,2,1.0,0.0,0.0,0.0,0.0,0.0
16640,full_active,0,-124,1,517,500+,45,"[10,100)",25,"[5,30)",1471,730+,1,6,19,622,1.0,0,0,31,276,6,3,0,1.0,0.0,0.0,0.0,0.0,0.0
16643,low_active,0,-124,1,789,500+,16,"[10,100)",4,"[1,5)",199,181-365,0,1,19,527,2.0,0,0,7,317,1,3,0,0.0,0.0,1.0,0.0,0.0,1.0
16646,full_active,0,1,1,70,"(50,100]",1085,"[1k,5k)",66,"[60,120)",1722,730+,0,2,2,1209,9.0,0,1,0,417,6,4,2,1.0,0.0,0.0,0.0,0.0,0.0
16668,high_active,0,1,1,1921,500+,429,"[100,1k)",364,250+,1805,730+,1,6,19,588,2.0,0,1,0,58,1,0,0,1.0,0.0,0.0,0.0,0.0,0.0
16669,full_active,0,1,1,493,"(250,500]",2172,"[1k,5k)",185,"[120,250)",1658,730+,1,3,48,690,1.0,0,1,8,36,4,4,0,1.0,0.0,0.0,0.0,0.0,0.0
16671,high_active,0,-124,0,41,"(10,50]",0,0,0,0,250,181-365,1,5,29,970,1.0,0,0,14,339,3,2,0,1.0,1.0,0.0,0.0,0.0,0.0
16684,full_active,0,-124,1,1081,500+,136,"[100,1k)",39,"[30,60)",1193,730+,1,2,2,1169,8.0,0,0,22,320,1,3,2,0.0,0.0,0.0,0.0,0.0,0.0
16687,full_active,0,-124,1,171,"(150,250]",132,"[100,1k)",70,"[60,120)",2308,730+,1,4,19,531,2.0,0,0,19,170,1,3,0,1.0,0.0,0.0,0.0,0.0,0.0
16688,full_active,0,1,1,328,"(250,500]",451,"[100,1k)",109,"[60,120)",1998,730+,1,6,19,655,1.0,0,0,38,139,4,2,0,1.0,0.0,0.0,0.0,0.0,0.0
16698,high_active,0,-124,1,18,"(10,50]",73,"[10,100)",7,"[5,30)",1583,730+,0,1,19,594,1.0,0,0,26,108,1,2,0,0.0,0.0,0.0,0.0,0.0,0.0
16702,full_active,0,-124,1,171,"(150,250]",13,"[10,100)",6,"[5,30)",1312,730+,1,2,19,605,1.0,0,1,0,347,6,4,0,1.0,0.0,1.0,0.0,0.0,0.0
16704,full_active,0,-124,1,370,"(250,500]",405,"[100,1k)",367,250+,330,181-365,1,1,19,620,1.0,0,1,10,449,3,4,0,0.0,0.0,0.0,0.0,0.0,0.0
16714,high_active,0,-124,1,61,"(50,100]",17,"[10,100)",9,"[5,30)",1619,730+,1,3,10,841,1.0,0,1,2,399,4,2,0,1.0,0.0,0.0,0.0,1.0,0.0
16717,full_active,0,-124,1,394,"(250,500]",1208,"[1k,5k)",393,250+,1260,730+,0,1,2,1160,4.0,0,1,2,399,4,2,2,1.0,0.0,0.0,0.0,0.0,0.0
16722,full_active,0,1,1,5000,500+,8086,"[5k,1w)",4937,250+,947,730+,1,6,19,526,1.0,0,1,43,226,1,3,0,0.0,0.0,0.0,0.0,0.0,0.0
16723,full_active,0,-124,1,4999,500+,1988,"[1k,5k)",1653,250+,1077,730+,1,5,10,258,1.0,0,0,28,367,3,2,0,1.0,0.0,0.0,0.0,0.0,0.0
16727,full_active,0,-124,1,1000,500+,124,"[100,1k)",61,"[60,120)",1665,730+,1,4,2,1179,2.0,0,0,13,267,6,3,2,1.0,0.0,0.0,0.0,0.0,0.0
16728,full_active,0,-124,0,4,"(0,10]",2,"[1,10)",1,"[1,5)",148,91-180,0,2,2,1207,6.0,0,0,42,223,1,3,2,1.0,0.0,0.0,0.0,0.0,0.0
16729,high_active,0,-124,0,60,"(50,100]",1,"[1,10)",1,"[1,5)",1257,730+,1,3,2,1164,5.0,0,1,8,39,5,4,2,1.0,0.0,0.0,0.0,0.0,0.0
16730,full_active,0,1,1,216,"(150,250]",213,"[100,1k)",73,"[60,120)",2039,730+,0,5,29,941,2.0,0,0,13,188,3,2,0,1.0,0.0,0.0,0.0,0.0,0.0
16735,full_active,0,-124,1,232,"(150,250]",48,"[10,100)",29,"[5,30)",284,181-365,1,1,19,641,1.0,0,0,24,235,1,3,0,1.0,0.0,0.0,0.0,0.0,0.0
16739,middle_active,0,-124,1,0,0,5,"[1,10)",0,0,243,181-365,1,2,29,964,1.0,0,0,42,120,1,0,0,1.0,0.0,0.0,0.0,0.0,0.0
16748,full_active,0,-124,1,101,"(100,150]",16,"[10,100)",12,"[5,30)",892,730+,1,6,10,200,0.0,0,0,28,278,1,3,0,1.0,0.0,0.0,0.0,0.0,0.0
16749,middle_active,0,-124,1,3112,500+,129,"[100,1k)",122,"[120,250)",683,366-730,1,1,19,620,1.0,0,1,9,83,3,3,2,1.0,0.0,0.0,0.0,0.0,0.0
16751,full_active,0,-124,1,42,"(10,50]",61,"[10,100)",38,"[30,60)",616,366-730,1,2,2,1165,6.0,0,0,7,77,5,3,2,1.0,0.0,0.0,0.0,0.0,0.0
16752,high_active,0,-124,1,256,"(250,500]",318,"[100,1k)",127,"[120,250)",1556,730+,1,1,2,1159,3.0,0,1,9,310,3,4,2,1.0,0.0,0.0,0.0,0.0,0.0
16757,high_active,0,1,1,1880,500+,108,"[100,1k)",57,"[30,60)",1535,730+,1,2,31,461,1.0,0,0,31,354,3,3,0,0.0,0.0,0.0,0.0,0.0,0.0
16758,full_active,0,-124,1,857,500+,1117,"[1k,5k)",853,250+,2621,730+,0,2,29,904,2.0,0,1,32,33,2,4,0,1.0,0.0,0.0,0.0,0.0,0.0
16762,full_active,0,-124,1,90,"(50,100]",29,"[10,100)",8,"[5,30)",661,366-730,1,6,29,934,1.0,0,0,38,139,4,3,0,1.0,0.0,0.0,0.0,0.0,0.0
16766,full_active,0,-124,1,149,"(100,150]",154,"[100,1k)",55,"[30,60)",1834,730+,1,1,29,931,1.0,0,0,22,123,1,3,0,1.0,0.0,0.0,1.0,1.0,0.0
16767,full_active,0,-124,1,53,"(50,100]",13,"[10,100)",11,"[5,30)",1720,730+,1,5,10,464,2.0,0,1,20,191,5,4,0,0.0,0.0,0.0,0.0,0.0,0.0
16769,full_active,0,-124,1,480,"(250,500]",158,"[100,1k)",158,"[120,250)",1283,730+,0,4,9,296,0.0,0,0,24,357,3,0,0,1.0,0.0,0.0,0.0,0.0,0.0
16770,full_active,0,1,1,356,"(250,500]",498,"[100,1k)",215,"[120,250)",2367,730+,1,2,2,1153,4.0,0,0,7,77,5,2,2,0.0,0.0,0.0,0.0,0.0,0.0
16772,full_active,0,-124,1,167,"(150,250]",11,"[10,100)",10,"[5,30)",2050,730+,0,1,2,1180,2.0,0,1,9,237,1,4,2,1.0,0.0,0.0,0.0,0.0,0.0
16773,full_active,0,-124,1,83,"(50,100]",70,"[10,100)",28,"[5,30)",1773,730+,0,2,9,478,2.0,0,0,15,394,4,2,0,1.0,0.0,0.0,0.0,0.0,0.0
16774,high_active,0,-124,0,49,"(10,50]",8,"[1,10)",3,"[1,5)",269,181-365,0,4,2,1153,5.0,0,1,5,298,6,2,2,1.0,0.0,0.0,0.0,0.0,0.0
16776,full_active,0,-124,0,256,"(250,500]",3,"[1,10)",0,0,1487,730+,1,3,2,1160,4.0,0,1,8,294,6,0,2,1.0,0.0,0.0,0.0,0.0,0.0
16778,full_active,0,1,1,251,"(250,500]",277,"[100,1k)",235,"[120,250)",1181,730+,1,2,9,479,2.0,0,1,34,80,1,2,0,1.0,0.0,0.0,0.0,0.0,0.0
16782,full_active,0,-124,1,94,"(50,100]",164,"[100,1k)",65,"[60,120)",1722,730+,1,1,2,1174,3.0,0,1,43,226,1,3,2,1.0,0.0,0.0,0.0,0.0,0.0
16787,full_active,0,-124,0,36,"(10,50]",1,"[1,10)",1,"[1,5)",1804,730+,1,2,10,501,4.0,0,0,31,275,5,3,0,1.0,0.0,0.0,0.0,0.0,0.0
16789,full_active,0,-124,1,42,"(10,50]",2,"[1,10)",2,"[1,5)",826,730+,0,4,2,1125,2.0,0,0,42,50,6,0,1,1.0,0.0,0.0,0.0,0.0,0.0
16791,full_active,0,-124,1,69,"(50,100]",71,"[10,100)",6,"[5,30)",1468,730+,0,4,2,1160,4.0,0,0,31,299,6,0,2,1.0,0.0,0.0,0.0,0.0,0.0
16799,full_active,0,1,1,376,"(250,500]",350,"[100,1k)",145,"[120,250)",1609,730+,0,4,10,272,3.0,0,0,22,412,5,2,0,1.0,0.0,0.0,0.0,0.0,0.0
16807,full_active,0,-124,1,26,"(10,50]",169,"[100,1k)",3,"[1,5)",407,366-730,0,1,10,865,0.0,0,1,34,341,6,2,0,0.0,0.0,0.0,0.0,0.0,0.0
16809,full_active,0,-124,1,557,500+,1359,"[1k,5k)",554,250+,1918,730+,0,2,2,1153,4.0,0,1,0,284,1,2,2,1.0,0.0,0.0,0.0,0.0,0.0
16820,full_active,0,-124,1,196,"(150,250]",115,"[100,1k)",100,"[60,120)",1095,730+,0,1,2,1153,4.0,0,0,14,116,5,3,2,1.0,0.0,0.0,0.0,0.0,0.0
16821,full_active,0,-124,1,429,"(250,500]",13,"[10,100)",1,"[1,5)",2337,730+,1,4,10,319,5.0,0,0,1,82,2,2,0,1.0,0.0,0.0,0.0,0.0,0.0
16822,full_active,0,-124,0,30,"(10,50]",0,0,0,0,59,31-60,1,2,28,493,,0,1,0,102,5,4,0,1.0,0.0,0.0,1.0,1.0,0.0
16827,high_active,0,-124,0,4,"(0,10]",0,0,0,0,34,31-60,1,1,10,166,1.0,0,0,13,390,3,3,0,1.0,0.0,1.0,0.0,0.0,0.0
16830,full_active,0,-124,0,54,"(50,100]",10,"[10,100)",9,"[5,30)",643,366-730,1,1,2,1160,4.0,0,1,20,218,5,2,2,1.0,0.0,0.0,0.0,0.0,0.0
16833,full_active,0,-124,0,522,500+,23,"[10,100)",10,"[5,30)",2003,730+,1,6,28,139,,0,0,14,452,3,3,0,1.0,0.0,1.0,0.0,0.0,0.0
16839,full_active,0,-124,1,202,"(150,250]",12,"[10,100)",5,"[5,30)",2611,730+,1,3,2,1180,2.0,0,0,38,139,4,2,2,1.0,0.0,0.0,0.0,0.0,0.0
16845,full_active,0,-124,1,123,"(100,150]",3,"[1,10)",1,"[1,5)",1413,730+,1,4,10,104,0.0,0,1,43,312,1,3,0,1.0,1.0,0.0,0.0,0.0,0.0
16850,full_active,0,-124,1,304,"(250,500]",64,"[10,100)",62,"[60,120)",1682,730+,0,0,29,1316,1.0,0,1,34,273,3,3,0,1.0,0.0,0.0,0.0,0.0,0.0
16852,high_active,0,-124,1,18,"(10,50]",15,"[10,100)",15,"[5,30)",21,15-30,0,1,2,1160,4.0,0,0,33,234,1,3,2,1.0,0.0,0.0,0.0,0.0,0.0
16860,full_active,0,1,1,537,500+,108,"[100,1k)",60,"[60,120)",2314,730+,1,3,31,432,1.0,0,0,33,234,1,2,0,1.0,0.0,0.0,0.0,0.0,0.0
16863,full_active,0,-124,1,54,"(50,100]",10,"[10,100)",1,"[1,5)",1631,730+,0,2,2,1160,4.0,0,1,5,95,5,2,2,1.0,0.0,0.0,0.0,0.0,0.0
16868,full_active,0,-124,1,472,"(250,500]",46,"[10,100)",2,"[1,5)",1134,730+,0,4,29,1316,1.0,0,0,31,299,6,3,0,0.0,1.0,0.0,0.0,0.0,0.0
16869,full_active,0,1,1,268,"(250,500]",56,"[10,100)",14,"[5,30)",1768,730+,1,2,31,459,3.0,0,1,20,348,4,2,0,1.0,0.0,0.0,0.0,0.0,0.0
16872,full_active,0,-124,1,22,"(10,50]",49,"[10,100)",17,"[5,30)",332,181-365,1,1,2,1181,1.0,0,1,21,377,6,3,2,1.0,0.0,0.0,0.0,0.0,0.0
16889,full_active,0,-124,0,1661,500+,32,"[10,100)",13,"[5,30)",1428,730+,1,3,10,77,1.0,0,0,24,137,5,2,0,0.0,0.0,0.0,0.0,0.0,0.0
16890,full_active,0,1,1,338,"(250,500]",802,"[100,1k)",336,250+,1478,730+,0,2,2,1160,4.0,0,1,43,221,4,3,2,1.0,0.0,0.0,0.0,0.0,0.0
16894,2_14_day_new,0,1,1,174,"(150,250]",277,"[100,1k)",129,"[120,250)",1691,730+,0,2,19,606,1.0,0,1,43,43,1,3,0,1.0,0.0,0.0,0.0,0.0,0.0
16897,full_active,0,-124,0,5,"(0,10]",0,0,0,0,24,15-30,1,1,48,691,2.0,0,1,20,348,4,2,0,1.0,0.0,0.0,0.0,0.0,0.0
16906,full_active,0,-124,1,148,"(100,150]",226,"[100,1k)",24,"[5,30)",2469,730+,0,2,2,1171,5.0,0,1,8,419,3,2,2,1.0,0.0,0.0,0.0,0.0,0.0
16908,full_active,0,-124,1,469,"(250,500]",21,"[10,100)",4,"[1,5)",2593,730+,1,3,2,1165,6.0,0,0,13,330,5,3,2,0.0,0.0,0.0,1.0,1.0,0.0
16912,middle_active,0,-124,1,53,"(50,100]",9,"[1,10)",3,"[1,5)",1543,730+,1,2,19,561,0.0,0,1,44,338,5,2,0,1.0,0.0,0.0,0.0,0.0,0.0
16914,full_active,0,-124,1,8,"(0,10]",25,"[10,100)",4,"[1,5)",798,730+,0,1,2,1217,2.0,0,1,0,102,5,2,2,1.0,0.0,0.0,0.0,0.0,0.0
16915,high_active,0,1,1,323,"(250,500]",247,"[100,1k)",13,"[5,30)",2124,730+,1,6,10,1096,1.0,0,0,14,26,1,3,2,1.0,0.0,0.0,0.0,0.0,0.0
16926,high_active,0,-124,1,532,500+,13,"[10,100)",13,"[5,30)",390,366-730,1,0,19,569,1.0,0,0,42,171,1,4,0,1.0,0.0,0.0,0.0,0.0,0.0
16936,full_active,0,-124,1,159,"(150,250]",41,"[10,100)",13,"[5,30)",1770,730+,0,5,9,859,1.0,0,0,13,390,3,3,0,0.0,0.0,0.0,0.0,0.0,0.0
16941,full_active,0,-124,1,106,"(100,150]",16,"[10,100)",2,"[1,5)",1907,730+,1,4,29,1349,0.0,0,0,22,386,1,2,0,0.0,0.0,0.0,0.0,0.0,0.0
16947,high_active,0,-124,1,28,"(10,50]",2,"[1,10)",2,"[1,5)",845,730+,1,4,2,1137,3.0,0,1,39,207,3,2,0,1.0,0.0,0.0,0.0,0.0,0.0
16950,high_active,0,-124,0,1,"(0,10]",0,0,0,0,2162,730+,1,3,2,1165,6.0,0,1,34,381,1,4,2,1.0,0.0,0.0,0.0,0.0,0.0
16961,high_active,0,-124,1,687,500+,4,"[1,10)",1,"[1,5)",827,730+,1,4,10,135,2.0,0,1,8,181,2,3,0,1.0,0.0,1.0,0.0,0.0,0.0
16962,full_active,0,-124,1,243,"(150,250]",447,"[100,1k)",73,"[60,120)",948,730+,0,4,29,906,1.0,0,1,9,324,3,3,0,1.0,0.0,1.0,0.0,0.0,0.0
16973,high_active,0,-124,1,459,"(250,500]",400,"[100,1k)",279,250+,996,730+,0,4,19,641,1.0,0,1,43,68,3,0,0,1.0,0.0,0.0,0.0,0.0,0.0
16983,full_active,0,-124,1,118,"(100,150]",38,"[10,100)",28,"[5,30)",2131,730+,1,2,29,899,1.0,0,0,26,408,6,2,0,1.0,0.0,0.0,0.0,0.0,0.0
16993,full_active,0,1,1,146,"(100,150]",772,"[100,1k)",70,"[60,120)",1190,730+,0,4,34,960,1.0,0,0,1,82,2,2,0,1.0,0.0,0.0,0.0,0.0,0.0
16994,full_active,0,-124,0,687,500+,20,"[10,100)",8,"[5,30)",2130,730+,1,4,10,765,2.0,0,0,30,251,3,3,0,1.0,0.0,0.0,0.0,0.0,0.0
17016,full_active,0,-124,0,103,"(100,150]",6,"[1,10)",4,"[1,5)",1021,730+,0,6,16,840,2.0,0,1,34,201,4,2,0,1.0,0.0,0.0,0.0,0.0,0.0
17022,full_active,0,1,1,1824,500+,69,"[10,100)",28,"[5,30)",2193,730+,1,4,29,990,1.0,0,0,31,276,6,4,0,1.0,0.0,0.0,0.0,0.0,0.0
17025,full_active,0,-124,1,187,"(150,250]",43,"[10,100)",26,"[5,30)",2247,730+,1,2,19,645,3.0,0,1,43,336,3,2,0,1.0,0.0,1.0,0.0,0.0,0.0
17027,full_active,0,-124,0,757,500+,345,"[100,1k)",343,250+,226,181-365,1,0,31,753,0.0,0,1,9,324,3,0,0,1.0,0.0,0.0,0.0,0.0,0.0
17039,2_14_day_new,0,-124,0,119,"(100,150]",5,"[1,10)",2,"[1,5)",363,181-365,1,1,2,1158,5.0,0,0,13,183,6,3,2,0.0,0.0,0.0,0.0,0.0,0.0
17049,high_active,0,-124,0,14,"(10,50]",1,"[1,10)",1,"[1,5)",231,181-365,0,1,19,620,1.0,0,0,15,69,6,3,0,1.0,0.0,0.0,0.0,0.0,0.0
17050,full_active,0,-124,0,395,"(250,500]",54,"[10,100)",42,"[30,60)",782,730+,1,5,2,1177,2.0,0,0,22,123,1,2,2,,,,,,
17054,full_active,0,-124,0,122,"(100,150]",1,"[1,10)",1,"[1,5)",385,366-730,1,3,10,238,3.0,0,0,19,170,1,2,0,0.0,0.0,1.0,0.0,0.0,0.0
17055,full_active,0,-124,1,179,"(150,250]",76,"[10,100)",21,"[5,30)",1183,730+,1,1,19,595,1.0,0,0,13,361,1,2,0,0.0,0.0,0.0,0.0,0.0,0.0
17067,high_active,0,-124,1,114,"(100,150]",118,"[100,1k)",73,"[60,120)",908,730+,1,3,10,301,0.0,0,1,43,43,1,3,0,1.0,1.0,0.0,0.0,0.0,0.0
17077,full_active,0,-124,1,200,"(150,250]",15,"[10,100)",5,"[5,30)",1561,730+,1,5,10,604,2.0,0,0,31,354,3,2,0,1.0,0.0,0.0,0.0,0.0,0.0
17082,full_active,0,-124,1,154,"(150,250]",68,"[10,100)",36,"[30,60)",560,366-730,0,1,10,407,1.0,0,1,0,58,1,2,0,1.0,0.0,0.0,0.0,0.0,0.0
17091,full_active,0,-124,0,25,"(10,50]",7,"[1,10)",6,"[5,30)",864,730+,1,4,10,77,1.0,0,0,38,139,4,0,0,1.0,0.0,0.0,0.0,0.0,0.0
17092,full_active,0,-124,1,166,"(150,250]",328,"[100,1k)",166,"[120,250)",1836,730+,1,2,9,296,0.0,0,0,7,427,1,3,0,1.0,0.0,0.0,0.0,0.0,0.0
17094,high_active,0,-124,0,309,"(250,500]",11,"[10,100)",2,"[1,5)",1114,730+,1,4,29,1343,1.0,0,0,13,267,6,3,0,1.0,0.0,0.0,0.0,0.0,0.0
17095,full_active,0,-124,1,214,"(150,250]",12,"[10,100)",7,"[5,30)",785,730+,1,6,19,594,1.0,0,0,42,50,6,2,0,1.0,0.0,0.0,0.0,0.0,0.0
17096,full_active,0,-124,1,58,"(50,100]",0,0,0,0,285,181-365,1,6,19,647,1.0,0,0,15,118,6,3,0,1.0,0.0,0.0,0.0,0.0,0.0
17104,middle_active,0,-124,0,14,"(10,50]",10,"[10,100)",5,"[5,30)",855,730+,1,1,10,101,0.0,0,0,31,354,3,3,0,1.0,0.0,0.0,0.0,0.0,0.0
17106,full_active,0,1,1,394,"(250,500]",3033,"[1k,5k)",307,250+,1289,730+,1,4,29,942,2.0,0,0,31,42,6,3,0,1.0,0.0,0.0,0.0,0.0,0.0
17113,full_active,0,-124,1,127,"(100,150]",200,"[100,1k)",69,"[60,120)",1544,730+,1,1,2,1153,5.0,0,1,8,181,2,2,2,1.0,0.0,0.0,0.0,0.0,0.0
17133,full_active,0,-124,1,852,500+,43,"[10,100)",37,"[30,60)",1938,730+,1,5,19,659,1.0,0,0,22,412,5,3,0,1.0,0.0,0.0,0.0,0.0,0.0
17140,high_active,0,1,1,60,"(50,100]",67,"[10,100)",42,"[30,60)",2785,730+,1,3,2,1159,3.0,0,1,44,147,4,3,2,1.0,0.0,0.0,0.0,0.0,0.0
17145,full_active,0,-124,1,784,500+,455,"[100,1k)",363,250+,1174,730+,0,1,19,516,0.0,0,1,43,250,1,0,0,1.0,0.0,0.0,0.0,0.0,0.0
17150,full_active,0,-124,1,36,"(10,50]",18,"[10,100)",0,0,481,366-730,1,5,19,620,1.0,0,0,24,137,5,2,0,1.0,1.0,1.0,0.0,0.0,0.0
17153,high_active,0,-124,0,89,"(50,100]",2,"[1,10)",1,"[1,5)",125,91-180,1,1,19,544,2.0,0,0,31,42,6,2,0,0.0,0.0,0.0,0.0,0.0,0.0
17157,high_active,0,-124,0,597,500+,2,"[1,10)",1,"[1,5)",458,366-730,0,6,10,464,2.0,0,0,31,275,5,0,0,0.0,1.0,0.0,0.0,0.0,0.0
17162,full_active,0,-124,1,73,"(50,100]",1,"[1,10)",1,"[1,5)",1249,730+,1,4,19,567,0.0,0,0,31,42,6,3,0,1.0,0.0,0.0,0.0,0.0,0.0
17167,full_active,0,-124,1,629,500+,740,"[100,1k)",622,250+,835,730+,0,5,10,215,1.0,0,1,8,344,6,2,0,1.0,0.0,0.0,0.0,0.0,0.0
17171,full_active,0,1,1,67,"(50,100]",94,"[10,100)",5,"[5,30)",2371,730+,0,2,19,634,2.0,0,0,15,118,6,2,0,1.0,0.0,0.0,0.0,0.0,0.0
17174,2_14_day_new,0,-124,1,21,"(10,50]",46,"[10,100)",11,"[5,30)",1478,730+,1,2,2,1171,5.0,0,0,22,239,1,4,2,1.0,0.0,0.0,0.0,0.0,0.0
17180,full_active,0,-124,0,549,500+,2,"[1,10)",0,0,835,730+,1,4,2,1160,4.0,0,1,44,101,5,0,2,1.0,1.0,0.0,0.0,0.0,0.0
17182,high_active,0,-124,1,413,"(250,500]",30,"[10,100)",12,"[5,30)",1261,730+,0,5,29,1302,1.0,0,0,24,137,5,2,0,1.0,0.0,0.0,0.0,0.0,0.0
17198,full_active,0,-124,0,68,"(50,100]",16,"[10,100)",16,"[5,30)",452,366-730,1,4,29,988,1.0,0,0,31,275,5,4,0,1.0,0.0,0.0,0.0,0.0,0.0
17199,high_active,0,-124,0,8,"(0,10]",1,"[1,10)",0,0,602,366-730,1,4,2,1160,4.0,0,1,5,31,6,3,2,1.0,0.0,0.0,0.0,0.0,0.0
17204,full_active,0,-124,1,2223,500+,73,"[10,100)",66,"[60,120)",596,366-730,0,6,2,1159,3.0,0,1,44,338,5,3,2,1.0,0.0,0.0,0.0,0.0,0.0
17208,full_active,0,-124,0,347,"(250,500]",18,"[10,100)",12,"[5,30)",1024,730+,1,5,10,604,2.0,0,0,13,67,6,3,0,1.0,0.0,0.0,0.0,0.0,0.0
17210,high_active,0,-124,1,100,"(50,100]",52,"[10,100)",11,"[5,30)",923,730+,1,0,29,1357,1.0,0,0,13,392,6,3,0,1.0,0.0,0.0,0.0,0.0,0.0
17212,high_active,0,-124,1,1118,500+,5,"[1,10)",4,"[1,5)",261,181-365,0,1,10,232,1.0,0,0,31,42,6,0,0,1.0,0.0,1.0,0.0,0.0,0.0
17217,full_active,0,-124,1,90,"(50,100]",23,"[10,100)",4,"[1,5)",281,181-365,1,5,31,373,0.0,0,0,31,432,4,2,0,1.0,0.0,0.0,0.0,0.0,0.0
17220,full_active,0,-124,0,3494,500+,409,"[100,1k)",398,250+,859,730+,0,5,10,765,2.0,0,1,20,411,6,0,0,1.0,0.0,0.0,0.0,0.0,0.0
17222,middle_active,0,-124,1,70,"(50,100]",226,"[100,1k)",70,"[60,120)",644,366-730,1,1,2,1157,4.0,0,1,18,175,3,4,2,0.0,0.0,0.0,0.0,0.0,0.0
17225,high_active,0,-124,1,281,"(250,500]",16,"[10,100)",8,"[5,30)",1450,730+,1,4,10,111,,0,1,43,312,1,3,0,1.0,0.0,0.0,0.0,0.0,0.0
17226,full_active,0,1,1,44,"(10,50]",169,"[100,1k)",44,"[30,60)",846,730+,0,2,29,920,1.0,0,0,28,367,3,2,0,1.0,0.0,0.0,0.0,0.0,0.0
17227,full_active,0,1,1,515,500+,16,"[10,100)",7,"[5,30)",1861,730+,0,2,31,753,0.0,0,0,31,354,3,0,0,0.0,0.0,0.0,0.0,0.0,0.0
17229,full_active,0,1,1,6,"(0,10]",105,"[100,1k)",6,"[5,30)",1978,730+,1,2,2,1160,4.0,0,1,8,287,2,2,2,1.0,0.0,0.0,0.0,1.0,0.0
17236,full_active,0,-124,1,429,"(250,500]",611,"[100,1k)",411,250+,1549,730+,0,1,19,606,1.0,0,1,10,152,3,2,0,1.0,0.0,0.0,0.0,0.0,0.0
17238,full_active,0,-124,1,72,"(50,100]",24,"[10,100)",12,"[5,30)",1544,730+,0,4,29,1302,1.0,0,0,24,206,1,0,0,1.0,0.0,0.0,0.0,0.0,0.0
17246,full_active,0,-124,1,79,"(50,100]",266,"[100,1k)",74,"[60,120)",982,730+,0,4,29,906,1.0,0,1,43,136,3,3,0,1.0,0.0,0.0,0.0,0.0,0.0
17252,middle_active,0,-124,1,97,"(50,100]",68,"[10,100)",61,"[60,120)",155,91-180,1,0,2,1173,1.0,0,1,8,301,6,4,2,1.0,0.0,0.0,0.0,0.0,0.0
17259,full_active,0,-124,1,11,"(10,50]",11,"[10,100)",2,"[1,5)",1494,730+,1,5,19,560,0.0,0,0,13,390,3,3,0,1.0,0.0,0.0,0.0,0.0,0.0
17261,full_active,0,-124,1,46,"(10,50]",12,"[10,100)",6,"[5,30)",1354,730+,1,6,31,381,2.0,0,0,31,242,3,0,0,1.0,0.0,1.0,0.0,0.0,0.0
17263,full_active,0,1,1,137,"(100,150]",1822,"[1k,5k)",94,"[60,120)",1945,730+,0,2,2,1171,5.0,0,1,43,336,3,4,2,1.0,0.0,0.0,0.0,0.0,0.0
17271,full_active,0,-124,1,2740,500+,57,"[10,100)",39,"[30,60)",952,730+,0,6,10,241,1.0,0,0,24,410,3,2,0,0.0,0.0,0.0,0.0,0.0,0.0
17282,full_active,0,1,1,43,"(10,50]",35,"[10,100)",19,"[5,30)",2443,730+,1,3,2,1160,5.0,0,1,34,201,4,3,2,1.0,0.0,0.0,0.0,0.0,0.0
17283,full_active,0,1,1,1656,500+,4449,"[1k,5k)",67,"[60,120)",1822,730+,1,4,29,925,0.0,0,1,20,191,5,3,0,0.0,0.0,1.0,0.0,0.0,0.0
17299,full_active,0,-124,1,1362,500+,114,"[100,1k)",50,"[30,60)",974,730+,0,6,29,1320,1.0,0,0,19,111,6,2,0,1.0,0.0,0.0,0.0,0.0,0.0
17306,full_active,0,1,1,1404,500+,976,"[100,1k)",178,"[120,250)",2303,730+,0,3,10,398,0.0,0,0,33,107,1,3,0,1.0,0.0,1.0,0.0,0.0,0.0
17309,middle_active,0,-124,1,208,"(150,250]",12,"[10,100)",3,"[1,5)",790,730+,0,1,10,1009,3.0,0,1,17,60,3,3,0,1.0,0.0,1.0,0.0,0.0,0.0
17316,full_active,0,-124,1,43,"(10,50]",55,"[10,100)",9,"[5,30)",1223,730+,0,4,2,1180,2.0,0,0,28,241,1,3,2,1.0,0.0,0.0,0.0,0.0,0.0
17328,2_14_day_new,0,-124,1,172,"(150,250]",69,"[10,100)",65,"[60,120)",53,31-60,1,5,29,931,1.0,0,0,13,183,6,3,0,1.0,0.0,0.0,0.0,0.0,0.0
17344,full_active,0,1,1,621,500+,215,"[100,1k)",125,"[120,250)",916,730+,1,5,19,659,1.0,0,0,1,82,2,2,0,1.0,0.0,0.0,0.0,0.0,0.0
17347,full_active,0,-124,0,18,"(10,50]",1,"[1,10)",1,"[1,5)",1401,730+,1,1,2,1165,6.0,0,1,8,181,2,2,2,0.0,0.0,0.0,0.0,0.0,0.0
17350,full_active,0,-124,1,110,"(100,150]",231,"[100,1k)",98,"[60,120)",592,366-730,0,1,2,1159,3.0,0,1,5,332,5,4,2,1.0,0.0,0.0,0.0,0.0,0.0
17360,high_active,0,-124,1,9,"(0,10]",6,"[1,10)",1,"[1,5)",1225,730+,1,4,9,296,0.0,0,1,43,20,0,0,0,1.0,0.0,0.0,0.0,0.0,0.0
17361,high_active,0,1,1,209,"(150,250]",340,"[100,1k)",207,"[120,250)",1361,730+,1,4,29,919,1.0,0,1,20,348,4,2,0,1.0,0.0,0.0,0.0,0.0,0.0
17367,full_active,0,-124,1,796,500+,801,"[100,1k)",537,250+,1715,730+,1,1,29,936,1.0,0,0,13,330,5,4,0,1.0,0.0,0.0,0.0,0.0,0.0
17369,high_active,0,1,1,198,"(150,250]",41,"[10,100)",16,"[5,30)",717,366-730,1,1,2,1153,4.0,0,1,20,272,6,0,2,0.0,0.0,0.0,0.0,0.0,0.0
17370,middle_active,0,-124,1,14,"(10,50]",6,"[1,10)",3,"[1,5)",19,15-30,1,3,2,1180,2.0,0,1,8,287,2,2,2,1.0,0.0,0.0,0.0,0.0,1.0
17377,single_low_active,0,1,1,517,500+,122,"[100,1k)",90,"[60,120)",1964,730+,1,4,29,899,1.0,0,0,14,65,3,2,0,1.0,0.0,0.0,0.0,0.0,0.0
17379,full_active,0,-124,1,142,"(100,150]",232,"[100,1k)",138,"[120,250)",1680,730+,0,2,9,715,3.0,0,1,10,152,3,3,0,1.0,0.0,0.0,0.0,0.0,1.0
17380,full_active,0,-124,1,22,"(10,50]",171,"[100,1k)",5,"[5,30)",2018,730+,0,2,2,1152,3.0,0,1,20,348,4,2,2,0.0,0.0,0.0,0.0,0.0,0.0
17381,full_active,0,-124,1,18,"(10,50]",3,"[1,10)",1,"[1,5)",101,91-180,0,2,10,177,2.0,0,1,9,88,5,2,0,0.0,0.0,0.0,0.0,0.0,0.0
17388,full_active,0,-124,0,66,"(50,100]",2,"[1,10)",0,0,1571,730+,1,2,19,567,0.0,0,0,13,183,6,3,0,1.0,1.0,0.0,0.0,0.0,1.0
17397,2_14_day_new,0,-124,0,15,"(10,50]",1,"[1,10)",1,"[1,5)",98,91-180,0,1,28,210,,0,0,15,371,3,3,0,1.0,0.0,0.0,0.0,0.0,0.0
17400,full_active,0,-124,0,315,"(250,500]",8,"[1,10)",3,"[1,5)",1709,730+,1,4,29,977,3.0,0,1,43,136,3,3,0,1.0,0.0,1.0,0.0,0.0,0.0
17401,full_active,0,-124,0,93,"(50,100]",23,"[10,100)",9,"[5,30)",792,730+,1,4,10,252,1.0,0,0,26,124,1,0,0,1.0,1.0,0.0,0.0,0.0,0.0
17406,full_active,0,1,0,51,"(50,100]",7,"[1,10)",2,"[1,5)",927,730+,1,4,10,261,6.0,0,0,14,65,3,3,0,1.0,0.0,0.0,0.0,0.0,0.0
17407,full_active,0,-124,1,79,"(50,100]",134,"[100,1k)",49,"[30,60)",869,730+,0,6,2,1176,2.0,0,0,1,82,2,2,2,1.0,0.0,0.0,0.0,0.0,0.0
17418,full_active,0,-124,0,88,"(50,100]",5,"[1,10)",5,"[5,30)",620,366-730,1,4,28,830,,0,0,31,37,3,0,0,1.0,0.0,0.0,0.0,0.0,0.0
17420,full_active,0,-124,1,87,"(50,100]",94,"[10,100)",53,"[30,60)",1902,730+,1,4,10,242,1.0,0,0,31,271,6,3,0,0.0,0.0,0.0,0.0,0.0,0.0
17421,full_active,0,-124,0,12,"(10,50]",3,"[1,10)",3,"[1,5)",1849,730+,1,4,19,583,1.0,0,1,44,238,4,2,0,0.0,1.0,0.0,0.0,0.0,0.0
17430,full_active,0,-124,1,3,"(0,10]",5,"[1,10)",3,"[1,5)",56,31-60,1,2,19,659,1.0,0,0,30,114,6,2,0,0.0,0.0,0.0,0.0,0.0,0.0
17435,full_active,0,-124,1,829,500+,671,"[100,1k)",134,"[120,250)",1233,730+,1,3,29,899,1.0,0,0,7,317,1,3,0,1.0,1.0,0.0,0.0,0.0,0.0
17442,full_active,0,-124,1,848,500+,10,"[10,100)",2,"[1,5)",1311,730+,0,2,2,1124,3.0,0,1,8,181,2,0,1,0.0,0.0,0.0,0.0,0.0,0.0
17446,full_active,0,1,1,28,"(10,50]",154,"[100,1k)",3,"[1,5)",953,730+,0,4,2,1160,4.0,0,1,20,191,5,3,2,1.0,0.0,0.0,0.0,0.0,0.0
17447,high_active,0,-124,1,208,"(150,250]",23,"[10,100)",10,"[5,30)",1603,730+,1,4,29,899,1.0,0,0,31,275,5,2,0,1.0,0.0,0.0,0.0,0.0,0.0
17452,full_active,0,-124,1,449,"(250,500]",289,"[100,1k)",256,250+,577,366-730,1,6,29,931,1.0,0,0,38,139,4,3,0,0.0,0.0,0.0,0.0,0.0,0.0
17456,full_active,0,1,1,2799,500+,315,"[100,1k)",167,"[120,250)",1829,730+,1,2,19,582,2.0,0,0,15,394,4,3,0,1.0,0.0,0.0,0.0,0.0,0.0
17457,full_active,0,-124,0,1760,500+,814,"[100,1k)",811,250+,442,366-730,1,6,10,252,1.0,0,0,30,368,4,0,0,1.0,0.0,0.0,0.0,0.0,0.0
17483,full_active,0,1,1,1132,500+,50,"[10,100)",6,"[5,30)",819,730+,1,2,19,597,2.0,0,0,42,115,1,2,0,1.0,0.0,0.0,0.0,0.0,0.0
17489,full_active,0,-124,1,59,"(50,100]",15,"[10,100)",4,"[1,5)",2094,730+,1,2,31,741,1.0,0,0,31,143,6,3,0,1.0,0.0,0.0,0.0,1.0,0.0
17491,full_active,0,-124,1,134,"(100,150]",99,"[10,100)",58,"[30,60)",1645,730+,1,3,31,740,1.0,0,0,13,267,6,2,0,1.0,0.0,0.0,0.0,0.0,0.0
17496,high_active,0,-124,0,13,"(10,50]",6,"[1,10)",2,"[1,5)",139,91-180,0,5,28,340,,0,0,30,185,1,4,0,1.0,0.0,0.0,0.0,0.0,0.0
17505,middle_active,0,-124,0,326,"(250,500]",13,"[10,100)",3,"[1,5)",1717,730+,0,3,2,1180,2.0,0,1,0,360,6,0,2,1.0,0.0,0.0,0.0,0.0,0.0
17515,full_active,0,-124,1,248,"(150,250]",247,"[100,1k)",91,"[60,120)",1993,730+,1,4,2,1161,6.0,0,0,30,368,4,2,2,0.0,0.0,1.0,0.0,0.0,0.0
17518,full_active,0,-124,1,40,"(10,50]",20,"[10,100)",7,"[5,30)",1586,730+,1,4,10,172,1.0,0,0,31,275,5,3,0,1.0,0.0,0.0,0.0,0.0,0.0
17521,full_active,0,-124,0,100,"(50,100]",53,"[10,100)",26,"[5,30)",1833,730+,1,5,19,655,1.0,0,1,20,383,6,3,0,1.0,0.0,0.0,0.0,0.0,0.0
17522,full_active,0,1,1,372,"(250,500]",541,"[100,1k)",81,"[60,120)",1653,730+,1,3,29,947,1.0,0,1,44,400,5,4,0,0.0,0.0,1.0,0.0,0.0,0.0
17523,full_active,0,-124,0,35,"(10,50]",3,"[1,10)",3,"[1,5)",204,181-365,1,1,2,1153,5.0,0,1,18,189,1,0,2,0.0,0.0,0.0,0.0,0.0,0.0
17526,high_active,0,-124,0,22,"(10,50]",11,"[10,100)",4,"[1,5)",835,730+,1,6,9,296,0.0,0,0,22,123,1,0,0,0.0,0.0,1.0,0.0,0.0,0.0
17539,2_14_day_new,0,-124,1,64,"(50,100]",27,"[10,100)",24,"[5,30)",365,181-365,1,0,10,109,0.0,0,1,8,419,3,3,0,0.0,0.0,0.0,0.0,0.0,0.0
17540,high_active,0,-124,1,356,"(250,500]",28,"[10,100)",10,"[5,30)",1487,730+,0,4,31,363,0.0,0,0,24,357,3,2,0,1.0,0.0,0.0,0.0,0.0,0.0
17541,high_active,0,-124,1,440,"(250,500]",36,"[10,100)",18,"[5,30)",968,730+,0,4,10,844,1.0,0,0,15,109,3,3,0,0.0,0.0,0.0,0.0,0.0,0.0
17550,full_active,0,-124,1,1785,500+,129,"[100,1k)",94,"[60,120)",796,730+,1,5,2,1153,4.0,0,0,14,135,6,0,2,1.0,0.0,0.0,0.0,0.0,0.0
17552,full_active,0,-124,0,433,"(250,500]",6,"[1,10)",4,"[1,5)",1193,730+,0,4,29,936,1.0,0,0,22,412,5,2,0,1.0,0.0,0.0,0.0,0.0,0.0
17553,high_active,0,-124,1,318,"(250,500]",10,"[10,100)",8,"[5,30)",1661,730+,1,6,2,1177,2.0,0,0,24,380,1,0,2,1.0,1.0,1.0,0.0,0.0,0.0
17554,full_active,0,-124,1,45,"(10,50]",16,"[10,100)",5,"[5,30)",1531,730+,1,4,19,582,2.0,0,0,38,139,4,2,0,1.0,0.0,0.0,0.0,0.0,0.0
17557,2_14_day_new,0,-124,1,118,"(100,150]",11,"[10,100)",3,"[1,5)",1310,730+,1,5,28,210,,0,1,34,376,1,4,0,1.0,0.0,0.0,0.0,0.0,0.0
17561,full_active,0,-124,1,126,"(100,150]",19,"[10,100)",4,"[1,5)",2101,730+,1,4,2,1171,5.0,0,0,19,396,3,4,2,1.0,0.0,1.0,1.0,0.0,0.0
17562,middle_active,0,-124,1,545,500+,77,"[10,100)",39,"[30,60)",802,730+,0,0,10,276,1.0,0,1,9,324,3,4,0,1.0,0.0,0.0,0.0,0.0,0.0
17563,full_active,0,-124,1,803,500+,15,"[10,100)",11,"[5,30)",1396,730+,1,4,19,592,1.0,0,1,8,287,2,2,0,1.0,1.0,0.0,0.0,0.0,0.0
17566,full_active,0,1,1,360,"(250,500]",1799,"[1k,5k)",45,"[30,60)",1292,730+,0,4,33,956,2.0,0,0,38,139,4,2,0,0.0,0.0,0.0,0.0,0.0,0.0
17567,middle_active,0,1,1,209,"(150,250]",30,"[10,100)",9,"[5,30)",946,730+,1,3,31,24,1.0,0,1,8,287,2,2,0,0.0,0.0,0.0,0.0,0.0,0.0
17574,full_active,0,-124,1,33,"(10,50]",49,"[10,100)",15,"[5,30)",1406,730+,0,2,10,1025,3.0,0,1,9,245,6,3,0,1.0,0.0,0.0,0.0,0.0,0.0
17576,full_active,0,-124,1,1044,500+,57,"[10,100)",57,"[30,60)",427,366-730,1,6,29,973,1.0,0,0,15,214,6,0,0,1.0,0.0,1.0,0.0,0.0,1.0
17586,full_active,0,-124,0,2665,500+,577,"[100,1k)",550,250+,886,730+,1,5,31,754,1.0,0,0,15,151,3,3,0,0.0,0.0,0.0,0.0,0.0,0.0
17588,high_active,0,1,1,494,"(250,500]",63,"[10,100)",52,"[30,60)",2344,730+,1,3,2,1177,2.0,0,1,2,399,4,2,2,1.0,0.0,0.0,0.0,0.0,0.0
17591,full_active,0,1,1,441,"(250,500]",247,"[100,1k)",123,"[120,250)",2131,730+,1,4,19,646,3.0,0,0,31,354,3,4,0,1.0,0.0,1.0,0.0,0.0,0.0
17592,full_active,0,1,1,540,500+,52,"[10,100)",25,"[5,30)",1904,730+,0,2,2,1160,4.0,0,1,20,218,5,2,2,1.0,0.0,0.0,0.0,0.0,0.0
17597,high_active,0,-124,1,212,"(150,250]",31,"[10,100)",19,"[5,30)",1723,730+,1,3,30,948,2.0,0,1,2,399,4,2,0,1.0,0.0,1.0,0.0,1.0,1.0
17600,full_active,0,-124,0,201,"(150,250]",43,"[10,100)",9,"[5,30)",1977,730+,1,5,19,594,1.0,0,0,14,448,1,3,0,0.0,0.0,0.0,0.0,0.0,0.0
17608,full_active,0,-124,1,1303,500+,87,"[10,100)",22,"[5,30)",1964,730+,0,4,38,500,4.0,0,0,33,234,1,4,0,1.0,0.0,0.0,0.0,0.0,0.0
17614,full_active,0,-124,0,55,"(50,100]",3,"[1,10)",1,"[1,5)",1202,730+,1,2,2,1166,9.0,2,2,97,20,0,0,2,1.0,0.0,0.0,0.0,0.0,0.0
17616,high_active,0,-124,1,20,"(10,50]",20,"[10,100)",1,"[1,5)",462,366-730,1,6,9,296,0.0,0,0,15,441,1,3,0,1.0,1.0,1.0,0.0,0.0,0.0
17619,full_active,0,-124,1,1101,500+,104,"[100,1k)",79,"[60,120)",959,730+,0,4,19,594,1.0,0,1,20,191,5,3,0,1.0,0.0,0.0,0.0,0.0,0.0
17623,full_active,0,-124,1,1439,500+,83,"[10,100)",64,"[60,120)",1796,730+,1,4,19,583,1.0,0,0,22,123,1,3,0,0.0,0.0,0.0,0.0,0.0,0.0
17624,full_active,0,-124,1,111,"(100,150]",306,"[100,1k)",102,"[60,120)",1735,730+,0,2,2,1165,6.0,0,0,14,339,3,2,2,1.0,0.0,0.0,0.0,0.0,0.0
17627,full_active,0,-124,1,9,"(0,10]",6,"[1,10)",6,"[5,30)",2825,730+,0,6,29,899,1.0,0,0,24,359,1,3,0,1.0,0.0,0.0,0.0,0.0,0.0
17630,full_active,0,1,1,235,"(150,250]",145,"[100,1k)",127,"[120,250)",414,366-730,1,4,19,634,2.0,0,0,19,387,1,3,0,1.0,0.0,1.0,0.0,0.0,0.0
17631,high_active,0,-124,0,82,"(50,100]",10,"[10,100)",0,0,1010,730+,1,4,19,653,3.0,0,0,19,396,3,0,0,1.0,0.0,1.0,0.0,0.0,1.0
17643,high_active,0,1,1,59,"(50,100]",25,"[10,100)",0,0,1949,730+,1,3,2,1171,5.0,0,1,0,149,6,2,2,1.0,0.0,0.0,0.0,0.0,0.0
17646,full_active,0,-124,1,97,"(50,100]",26,"[10,100)",11,"[5,30)",1135,730+,0,4,29,931,1.0,0,0,24,236,1,2,0,0.0,0.0,0.0,0.0,0.0,0.0
17651,full_active,0,-124,1,67,"(50,100]",21,"[10,100)",12,"[5,30)",86,61-90,1,4,19,582,2.0,0,0,13,67,6,3,0,0.0,0.0,0.0,0.0,0.0,0.0
17654,full_active,0,1,1,9,"(0,10]",32,"[10,100)",5,"[5,30)",1249,730+,1,3,10,177,2.0,0,1,32,33,2,2,0,1.0,0.0,0.0,0.0,0.0,0.0
17658,full_active,0,-124,1,408,"(250,500]",79,"[10,100)",68,"[60,120)",450,366-730,0,4,29,918,1.0,0,1,34,210,1,4,0,1.0,0.0,0.0,0.0,0.0,0.0
17660,high_active,0,-124,0,245,"(150,250]",156,"[100,1k)",147,"[120,250)",110,91-180,0,1,19,522,0.0,0,0,15,214,6,2,0,0.0,0.0,0.0,0.0,0.0,0.0
17663,full_active,0,-124,0,123,"(100,150]",5,"[1,10)",5,"[5,30)",308,181-365,1,4,19,646,2.0,0,1,8,36,4,4,0,1.0,0.0,0.0,0.0,0.0,0.0
17665,full_active,0,-124,0,115,"(100,150]",6,"[1,10)",4,"[1,5)",1464,730+,0,3,19,637,1.0,0,0,31,276,6,0,0,1.0,1.0,0.0,0.0,0.0,0.0
17668,high_active,0,-124,0,3,"(0,10]",0,0,0,0,32,31-60,1,1,2,1173,1.0,0,1,8,344,6,0,2,,,,,,
17671,high_active,0,-124,1,228,"(150,250]",251,"[100,1k)",173,"[120,250)",247,181-365,1,1,28,658,,0,1,43,336,3,3,0,1.0,0.0,0.0,0.0,0.0,0.0
17682,full_active,0,-124,1,107,"(100,150]",20,"[10,100)",12,"[5,30)",913,730+,0,4,19,551,2.0,0,0,28,278,1,3,0,1.0,0.0,0.0,0.0,0.0,0.0
17683,high_active,0,-124,1,772,500+,245,"[100,1k)",242,"[120,250)",823,730+,1,4,19,583,1.0,0,1,43,136,3,3,0,1.0,1.0,1.0,0.0,0.0,0.0
17687,full_active,0,-124,0,4,"(0,10]",2,"[1,10)",0,0,1653,730+,1,4,10,841,1.0,0,0,24,137,5,0,0,1.0,0.0,0.0,0.0,0.0,0.0
17692,full_active,0,-124,1,607,500+,48,"[10,100)",42,"[30,60)",1421,730+,0,1,10,232,1.0,0,1,8,209,6,2,0,1.0,0.0,0.0,0.0,0.0,0.0
17694,full_active,0,1,1,15,"(10,50]",62,"[10,100)",14,"[5,30)",40,31-60,1,2,29,899,1.0,0,1,0,75,3,3,0,1.0,0.0,0.0,0.0,0.0,0.0
17697,high_active,0,-124,0,3,"(0,10]",2,"[1,10)",1,"[1,5)",1203,730+,1,4,31,417,0.0,0,0,13,392,6,0,0,1.0,0.0,0.0,0.0,0.0,0.0
17705,middle_active,0,-124,1,724,500+,927,"[100,1k)",677,250+,369,366-730,0,1,10,100,0.0,0,1,8,259,6,2,0,1.0,0.0,1.0,0.0,0.0,0.0
17716,full_active,0,1,1,390,"(250,500]",6400,"[5k,1w)",276,250+,1113,730+,1,4,29,953,2.0,0,0,31,42,6,2,0,1.0,0.0,0.0,0.0,0.0,0.0
17722,middle_active,0,-124,0,6,"(0,10]",2,"[1,10)",2,"[1,5)",226,181-365,1,4,19,628,1.0,0,0,33,107,1,3,0,1.0,0.0,0.0,0.0,0.0,0.0
17736,middle_active,0,-124,0,12,"(10,50]",15,"[10,100)",10,"[5,30)",998,730+,0,1,31,418,1.0,0,1,8,344,6,0,0,1.0,0.0,0.0,0.0,0.0,0.0
17738,full_active,0,-124,1,444,"(250,500]",710,"[100,1k)",147,"[120,250)",2075,730+,0,6,29,891,1.0,0,0,22,239,1,3,0,0.0,0.0,0.0,0.0,0.0,0.0
17739,middle_active,0,-124,1,28,"(10,50]",4,"[1,10)",0,0,741,730+,0,4,19,620,1.0,0,1,0,284,1,3,0,1.0,1.0,0.0,0.0,0.0,0.0
17757,full_active,0,1,1,1662,500+,533,"[100,1k)",404,250+,1577,730+,1,3,10,1039,1.0,0,1,8,287,2,2,0,1.0,0.0,0.0,0.0,0.0,0.0
17761,full_active,0,-124,0,52,"(50,100]",33,"[10,100)",3,"[1,5)",898,730+,1,3,19,595,1.0,0,0,42,63,1,3,0,1.0,0.0,0.0,0.0,0.0,0.0
17769,full_active,0,1,1,3827,500+,1288,"[1k,5k)",1004,250+,1520,730+,1,3,29,1409,1.0,0,0,33,234,1,2,0,1.0,1.0,0.0,0.0,0.0,0.0
17771,full_active,0,1,1,1835,500+,268,"[100,1k)",231,"[120,250)",1651,730+,0,5,29,951,3.0,0,0,24,433,6,2,0,1.0,0.0,0.0,0.0,0.0,0.0
17779,full_active,0,-124,1,2781,500+,1892,"[1k,5k)",1776,250+,1257,730+,0,5,10,841,1.0,0,0,13,267,6,2,0,1.0,0.0,0.0,0.0,0.0,0.0
17784,full_active,0,1,1,48,"(10,50]",215,"[100,1k)",45,"[30,60)",794,730+,0,6,29,977,2.0,0,0,14,116,5,4,0,1.0,0.0,1.0,0.0,0.0,0.0
17786,full_active,0,1,1,297,"(250,500]",235,"[100,1k)",79,"[60,120)",740,730+,1,4,29,953,2.0,0,0,19,396,3,2,0,1.0,0.0,0.0,0.0,0.0,0.0
17794,full_active,0,1,1,160,"(150,250]",960,"[100,1k)",21,"[5,30)",858,730+,0,4,19,595,1.0,0,0,13,330,5,2,0,1.0,0.0,1.0,0.0,0.0,0.0
17808,full_active,0,-124,1,38,"(10,50]",27,"[10,100)",6,"[5,30)",125,91-180,0,0,10,1037,0.0,0,1,20,326,6,4,0,1.0,0.0,0.0,0.0,0.0,0.0
17821,high_active,0,1,1,1620,500+,1362,"[1k,5k)",1197,250+,744,730+,1,2,2,1159,3.0,0,1,8,200,5,4,2,0.0,0.0,0.0,0.0,0.0,0.0
17841,full_active,0,-124,1,133,"(100,150]",46,"[10,100)",37,"[30,60)",825,730+,0,3,29,906,1.0,0,1,8,200,5,2,0,1.0,0.0,1.0,0.0,0.0,0.0
17843,middle_active,0,-124,0,3,"(0,10]",5,"[1,10)",0,0,1000,730+,1,2,2,1165,6.0,0,1,12,281,5,2,2,1.0,0.0,0.0,1.0,1.0,0.0
17849,full_active,0,-124,1,335,"(250,500]",501,"[100,1k)",310,250+,630,366-730,0,1,2,1153,4.0,0,1,0,102,5,2,2,1.0,0.0,0.0,0.0,0.0,0.0
17853,full_active,0,-124,0,112,"(100,150]",10,"[10,100)",0,0,371,366-730,1,4,2,1159,3.0,0,0,13,330,5,4,2,0.0,0.0,0.0,0.0,0.0,0.0
17857,high_active,0,-124,1,9,"(0,10]",2,"[1,10)",0,0,1776,730+,0,3,2,1171,5.0,0,0,15,187,3,4,2,1.0,0.0,0.0,0.0,0.0,0.0
17868,2_14_day_new,0,-124,1,927,500+,1184,"[1k,5k)",904,250+,839,730+,1,1,2,1153,5.0,0,1,20,218,5,2,2,0.0,0.0,0.0,0.0,0.0,0.0
17872,high_active,0,-124,1,76,"(50,100]",303,"[100,1k)",30,"[30,60)",1563,730+,1,5,19,629,1.0,0,0,31,296,3,2,0,0.0,0.0,1.0,0.0,0.0,0.0
17880,high_active,0,-124,1,803,500+,543,"[100,1k)",517,250+,1124,730+,0,3,19,622,1.0,0,1,9,243,6,3,0,1.0,0.0,0.0,0.0,0.0,0.0
17894,middle_active,0,-124,1,44,"(10,50]",26,"[10,100)",25,"[5,30)",96,91-180,1,0,2,1175,2.0,0,1,5,31,6,3,2,1.0,0.0,0.0,0.0,0.0,0.0
17896,high_active,0,-124,0,185,"(150,250]",2,"[1,10)",2,"[1,5)",293,181-365,1,4,19,583,1.0,0,1,44,147,4,3,0,0.0,0.0,1.0,0.0,0.0,0.0
17899,full_active,0,-124,1,71,"(50,100]",36,"[10,100)",22,"[5,30)",1578,730+,1,2,31,382,3.0,0,1,2,399,4,2,0,1.0,0.0,0.0,0.0,0.0,0.0
17901,full_active,0,1,1,597,500+,609,"[100,1k)",196,"[120,250)",2598,730+,1,4,29,1393,3.0,0,0,22,239,1,3,0,1.0,0.0,0.0,0.0,0.0,0.0
17905,full_active,0,-124,1,403,"(250,500]",22,"[10,100)",22,"[5,30)",899,730+,1,5,10,287,1.0,0,1,43,312,1,3,0,0.0,1.0,0.0,0.0,0.0,0.0
17918,full_active,0,-124,1,347,"(250,500]",18,"[10,100)",5,"[5,30)",614,366-730,0,1,28,774,,0,1,16,435,2,2,0,0.0,0.0,0.0,0.0,0.0,0.0
17933,full_active,0,-124,1,5000,500+,78,"[10,100)",48,"[30,60)",1529,730+,1,6,10,844,1.0,0,0,30,114,6,0,0,1.0,1.0,0.0,0.0,0.0,0.0
17938,full_active,0,-124,1,451,"(250,500]",659,"[100,1k)",406,250+,756,730+,0,1,19,628,1.0,0,0,24,264,4,3,0,1.0,0.0,0.0,0.0,0.0,0.0
17945,full_active,0,-124,0,292,"(250,500]",0,0,0,0,68,61-90,1,5,2,1180,2.0,0,0,42,73,1,0,2,1.0,0.0,0.0,0.0,0.0,0.0
17946,full_active,0,-124,1,1121,500+,279,"[100,1k)",224,"[120,250)",1863,730+,1,2,28,989,,0,1,8,39,5,4,0,1.0,0.0,0.0,1.0,1.0,0.0
17947,full_active,0,-124,1,144,"(100,150]",185,"[100,1k)",106,"[60,120)",2125,730+,0,2,2,1160,4.0,0,0,15,109,3,3,2,1.0,0.0,0.0,0.0,0.0,0.0
17948,high_active,0,-124,0,90,"(50,100]",6,"[1,10)",0,0,934,730+,1,5,31,382,3.0,0,0,15,151,3,3,0,1.0,0.0,0.0,0.0,0.0,0.0
17950,full_active,0,-124,1,253,"(250,500]",50,"[10,100)",27,"[5,30)",827,730+,1,4,9,1041,3.0,0,0,15,118,6,2,0,1.0,0.0,0.0,0.0,0.0,0.0
17964,full_active,0,-124,1,189,"(150,250]",32,"[10,100)",13,"[5,30)",1630,730+,1,4,28,33,,0,0,13,183,6,4,0,1.0,0.0,0.0,0.0,0.0,0.0
17966,high_active,0,-124,1,125,"(100,150]",14,"[10,100)",13,"[5,30)",644,366-730,1,4,29,1379,0.0,0,0,31,276,6,3,0,1.0,0.0,0.0,0.0,0.0,0.0
17978,middle_active,0,-124,0,239,"(150,250]",26,"[10,100)",14,"[5,30)",835,730+,1,1,2,1134,1.0,0,0,15,394,4,3,1,1.0,0.0,0.0,0.0,0.0,0.0
17979,high_active,0,-124,1,15,"(10,50]",145,"[100,1k)",13,"[5,30)",1596,730+,0,4,29,964,1.0,0,0,28,445,1,0,0,1.0,0.0,1.0,0.0,0.0,0.0
17984,high_active,0,-124,1,450,"(250,500]",313,"[100,1k)",265,250+,501,366-730,0,1,19,1234,0.0,0,0,13,390,3,2,0,1.0,0.0,0.0,0.0,0.0,0.0
17987,full_active,0,-124,1,256,"(250,500]",40,"[10,100)",27,"[5,30)",1352,730+,0,4,10,66,3.0,0,0,24,235,1,4,0,1.0,0.0,0.0,0.0,0.0,0.0
17992,full_active,0,1,1,1172,500+,202,"[100,1k)",120,"[120,250)",1995,730+,1,4,29,921,1.0,0,0,14,116,5,2,0,0.0,0.0,0.0,0.0,0.0,0.0
17999,high_active,0,-124,1,44,"(10,50]",25,"[10,100)",21,"[5,30)",254,181-365,1,0,29,1325,2.0,0,0,13,117,6,2,0,0.0,0.0,0.0,0.0,0.0,0.0
18002,full_active,0,-124,1,178,"(150,250]",314,"[100,1k)",115,"[60,120)",1372,730+,1,5,31,687,2.0,0,0,7,138,1,3,0,1.0,1.0,1.0,0.0,0.0,0.0
18010,high_active,0,-124,1,11,"(10,50]",12,"[10,100)",1,"[1,5)",735,730+,1,3,24,833,4.0,0,0,31,283,6,2,0,1.0,0.0,0.0,0.0,0.0,0.0
18011,middle_active,0,-124,1,7,"(0,10]",7,"[1,10)",6,"[5,30)",898,730+,0,2,2,1153,4.0,0,0,15,274,6,3,2,1.0,1.0,0.0,0.0,0.0,0.0
18018,high_active,0,-124,0,16,"(10,50]",6,"[1,10)",6,"[5,30)",275,181-365,0,1,19,516,0.0,0,0,15,274,6,4,0,0.0,0.0,0.0,0.0,0.0,0.0
18027,high_active,0,-124,1,253,"(250,500]",7,"[1,10)",3,"[1,5)",2226,730+,1,2,2,1152,3.0,0,0,22,386,1,2,2,0.0,0.0,0.0,0.0,0.0,0.0
18030,low_active,0,-124,0,5,"(0,10]",2,"[1,10)",0,0,114,91-180,1,1,2,1151,3.0,0,1,43,384,1,3,2,1.0,0.0,0.0,0.0,0.0,0.0
18034,high_active,0,-124,1,529,500+,135,"[100,1k)",114,"[60,120)",1565,730+,1,1,29,906,1.0,0,1,9,245,6,3,0,1.0,0.0,1.0,0.0,1.0,0.0
18035,high_active,0,-124,1,56,"(50,100]",96,"[10,100)",11,"[5,30)",174,91-180,0,3,19,595,1.0,0,0,15,118,6,4,0,0.0,0.0,0.0,0.0,0.0,0.0
18038,full_active,0,-124,0,31,"(10,50]",22,"[10,100)",17,"[5,30)",1127,730+,0,2,10,1025,3.0,0,1,5,352,6,2,0,1.0,0.0,0.0,0.0,0.0,0.0
18048,full_active,0,-124,1,4999,500+,2642,"[1k,5k)",2637,250+,129,91-180,1,3,19,606,1.0,0,0,42,331,1,2,0,1.0,0.0,0.0,0.0,0.0,0.0
18049,full_active,0,-124,1,9,"(0,10]",0,0,0,0,1729,730+,0,3,19,623,1.0,0,1,44,363,3,4,0,1.0,1.0,0.0,0.0,0.0,0.0
18051,high_active,0,-124,0,931,500+,18,"[10,100)",17,"[5,30)",834,730+,1,3,10,765,2.0,0,0,38,139,4,2,0,1.0,0.0,0.0,0.0,0.0,0.0
18052,high_active,0,-124,1,60,"(50,100]",3,"[1,10)",3,"[1,5)",281,181-365,0,2,31,369,1.0,0,0,24,380,1,0,0,1.0,0.0,0.0,0.0,0.0,0.0
18070,full_active,0,-124,1,36,"(10,50]",15,"[10,100)",6,"[5,30)",1149,730+,0,5,10,114,0.0,0,0,19,378,3,3,0,,,,,,
18085,full_active,0,-124,1,40,"(10,50]",33,"[10,100)",6,"[5,30)",1704,730+,1,4,19,594,1.0,0,0,42,131,1,3,0,0.0,0.0,1.0,0.0,0.0,0.0
18091,2_14_day_new,0,-124,1,246,"(150,250]",421,"[100,1k)",243,"[120,250)",1637,730+,1,2,16,839,2.0,0,0,31,193,3,3,0,1.0,1.0,0.0,0.0,0.0,0.0
18098,middle_active,0,-124,0,91,"(50,100]",2,"[1,10)",1,"[1,5)",220,181-365,0,1,29,1302,1.0,0,1,0,417,6,2,0,1.0,1.0,1.0,0.0,0.0,0.0
18099,full_active,0,1,1,138,"(100,150]",172,"[100,1k)",92,"[60,120)",2255,730+,0,2,29,891,1.0,0,1,34,201,4,2,0,1.0,0.0,0.0,0.0,0.0,0.0
18124,high_active,0,-124,1,671,500+,379,"[100,1k)",377,250+,778,730+,0,3,10,103,0.0,0,1,34,376,1,3,0,1.0,0.0,0.0,0.0,0.0,0.0
18125,full_active,0,-124,1,698,500+,7,"[1,10)",3,"[1,5)",1618,730+,0,4,19,578,1.0,0,0,13,390,3,3,0,1.0,0.0,1.0,0.0,0.0,0.0
18126,full_active,0,-124,0,6,"(0,10]",1,"[1,10)",0,0,1432,730+,0,1,19,578,1.0,0,1,8,260,3,4,0,1.0,0.0,1.0,0.0,0.0,0.0
18128,2_14_day_new,0,-124,1,44,"(10,50]",50,"[10,100)",0,0,1571,730+,1,2,31,741,1.0,0,1,8,262,6,2,0,0.0,0.0,0.0,0.0,0.0,0.0
18131,full_active,0,-124,0,28,"(10,50]",3,"[1,10)",1,"[1,5)",2011,730+,0,2,2,1160,4.0,0,0,15,109,3,0,2,1.0,0.0,0.0,0.0,0.0,0.0
18134,2_14_day_new,0,-124,1,2,"(0,10]",3,"[1,10)",2,"[1,5)",365,181-365,0,1,31,367,0.0,0,1,8,248,6,4,0,0.0,0.0,0.0,0.0,0.0,0.0
18150,high_active,0,-124,1,83,"(50,100]",30,"[10,100)",18,"[5,30)",1243,730+,0,5,10,115,0.0,0,1,18,175,3,0,0,1.0,0.0,0.0,0.0,0.0,0.0
18152,full_active,0,1,1,81,"(50,100]",1002,"[1k,5k)",52,"[30,60)",2025,730+,1,4,28,993,,0,0,14,116,5,0,0,0.0,0.0,0.0,0.0,0.0,0.0
18162,full_active,0,1,1,949,500+,1300,"[1k,5k)",585,250+,1730,730+,0,5,19,625,2.0,0,0,13,333,6,0,0,1.0,0.0,0.0,0.0,0.0,0.0
18165,full_active,0,-124,0,191,"(150,250]",80,"[10,100)",70,"[60,120)",827,730+,0,3,29,979,2.0,0,0,13,330,5,4,0,1.0,0.0,0.0,0.0,0.0,0.0
18169,full_active,0,-124,1,592,500+,312,"[100,1k)",303,250+,104,91-180,1,0,19,570,0.0,0,1,0,417,6,0,0,0.0,0.0,0.0,0.0,0.0,0.0
18173,full_active,0,-124,0,8,"(0,10]",3,"[1,10)",2,"[1,5)",520,366-730,1,2,10,765,2.0,0,0,30,185,1,3,0,1.0,0.0,0.0,0.0,0.0,0.0
18184,full_active,0,-124,1,700,500+,157,"[100,1k)",87,"[60,120)",1902,730+,1,5,10,320,6.0,0,0,31,276,6,4,0,1.0,0.0,0.0,0.0,0.0,0.0
18185,full_active,0,-124,0,223,"(150,250]",0,0,0,0,406,366-730,1,4,29,958,1.0,0,1,12,35,1,0,0,1.0,0.0,0.0,0.0,0.0,0.0
18187,full_active,0,-124,1,337,"(250,500]",431,"[100,1k)",308,250+,796,730+,1,1,29,964,1.0,0,0,31,275,5,3,0,1.0,0.0,0.0,0.0,0.0,0.0
18190,full_active,0,1,1,1777,500+,306,"[100,1k)",217,"[120,250)",890,730+,0,4,19,632,0.0,0,1,20,174,5,2,0,1.0,0.0,0.0,0.0,0.0,0.0
18193,full_active,0,-124,1,29,"(10,50]",12,"[10,100)",3,"[1,5)",2057,730+,1,4,19,648,2.0,0,0,31,143,6,3,0,1.0,0.0,0.0,0.0,0.0,0.0
18195,high_active,0,-124,1,429,"(250,500]",90,"[10,100)",58,"[30,60)",989,730+,1,4,29,1354,1.0,0,1,20,348,4,4,0,1.0,0.0,0.0,0.0,0.0,0.0
18200,full_active,0,-124,0,128,"(100,150]",3,"[1,10)",2,"[1,5)",991,730+,1,3,10,1037,0.0,0,0,13,392,6,2,0,1.0,0.0,0.0,0.0,0.0,0.0
18204,full_active,0,1,1,261,"(250,500]",170,"[100,1k)",67,"[60,120)",1761,730+,0,5,29,1411,2.0,0,1,44,400,5,3,0,1.0,0.0,0.0,0.0,0.0,0.0
18205,full_active,0,-124,1,518,500+,15,"[10,100)",1,"[1,5)",83,61-90,1,1,28,1148,,0,0,1,82,2,2,1,1.0,1.0,0.0,0.0,1.0,0.0
18208,full_active,0,-124,1,2875,500+,2170,"[1k,5k)",1865,250+,265,181-365,0,6,10,215,1.0,0,1,21,34,6,3,0,1.0,0.0,0.0,0.0,0.0,0.0
18212,high_active,0,-124,1,23,"(10,50]",20,"[10,100)",15,"[5,30)",1271,730+,1,2,2,1160,4.0,0,1,10,254,3,3,2,1.0,0.0,0.0,0.0,0.0,0.0
18222,full_active,0,1,1,120,"(100,150]",431,"[100,1k)",65,"[60,120)",2761,730+,0,3,29,951,3.0,0,0,14,339,3,2,0,1.0,0.0,0.0,0.0,0.0,0.0
18229,high_active,0,-124,1,301,"(250,500]",17,"[10,100)",2,"[1,5)",2543,730+,0,3,2,1153,4.0,0,1,0,160,3,3,2,1.0,0.0,1.0,0.0,1.0,0.0
18231,full_active,0,1,1,4223,500+,1356,"[1k,5k)",895,250+,1571,730+,1,4,19,613,2.0,0,1,9,88,5,2,0,1.0,0.0,0.0,0.0,0.0,0.0
18236,high_active,0,-124,1,238,"(150,250]",134,"[100,1k)",125,"[120,250)",450,366-730,0,1,10,276,1.0,0,1,34,52,3,0,0,0.0,0.0,0.0,0.0,0.0,0.0
18242,full_active,0,-124,1,83,"(50,100]",3,"[1,10)",2,"[1,5)",2309,730+,1,3,19,606,1.0,0,0,19,111,6,2,0,0.0,0.0,0.0,0.0,1.0,0.0
18267,full_active,0,1,1,871,500+,441,"[100,1k)",276,250+,1812,730+,0,3,29,933,2.0,0,0,38,139,4,2,0,1.0,0.0,0.0,0.0,0.0,0.0
18277,high_active,0,-124,0,116,"(100,150]",1,"[1,10)",0,0,633,366-730,1,5,31,753,0.0,0,1,8,269,3,3,0,0.0,0.0,1.0,0.0,0.0,0.0
18283,high_active,0,-124,1,16,"(10,50]",6,"[1,10)",0,0,766,730+,0,3,29,923,2.0,0,1,8,287,2,2,0,1.0,0.0,1.0,0.0,0.0,0.0
18294,middle_active,0,-124,1,278,"(250,500]",685,"[100,1k)",240,"[120,250)",1543,730+,1,2,2,1158,5.0,0,1,43,136,3,3,2,1.0,0.0,0.0,0.0,0.0,0.0
18308,full_active,0,-124,0,310,"(250,500]",58,"[10,100)",8,"[5,30)",1090,730+,1,6,19,615,2.0,0,0,33,420,1,3,0,0.0,0.0,0.0,0.0,0.0,0.0
18316,middle_active,0,-124,0,49,"(10,50]",6,"[1,10)",0,0,655,366-730,1,1,19,606,1.0,0,1,21,231,3,4,0,1.0,0.0,0.0,0.0,1.0,0.0
18324,full_active,0,1,1,202,"(150,250]",109,"[100,1k)",90,"[60,120)",395,366-730,1,2,2,1165,6.0,0,1,43,221,4,2,2,1.0,0.0,0.0,0.0,0.0,0.0
18333,full_active,0,-124,1,109,"(100,150]",75,"[10,100)",21,"[5,30)",1543,730+,0,4,10,666,1.0,0,0,24,433,6,2,0,1.0,1.0,0.0,0.0,0.0,0.0
18334,full_active,0,-124,1,0,0,105,"[100,1k)",0,0,2373,730+,0,2,2,1160,4.0,0,1,44,101,5,3,2,1.0,0.0,0.0,0.0,0.0,0.0
18338,full_active,0,-124,0,4,"(0,10]",1,"[1,10)",0,0,242,181-365,1,4,9,58,3.0,0,0,13,390,3,0,0,1.0,0.0,0.0,0.0,0.0,0.0
18339,full_active,0,-124,1,145,"(100,150]",518,"[100,1k)",29,"[5,30)",1693,730+,0,4,2,1165,6.0,0,0,24,433,6,3,2,1.0,0.0,0.0,0.0,0.0,0.0
18340,middle_active,0,-124,1,129,"(100,150]",42,"[10,100)",38,"[30,60)",265,181-365,0,0,31,753,0.0,0,1,9,245,6,0,0,1.0,0.0,1.0,0.0,0.0,0.0
18341,full_active,0,-124,1,103,"(100,150]",47,"[10,100)",9,"[5,30)",724,366-730,1,4,19,594,1.0,0,1,8,36,4,4,0,0.0,0.0,0.0,0.0,0.0,0.0
18347,high_active,0,-124,0,47,"(10,50]",5,"[1,10)",5,"[5,30)",356,181-365,1,4,9,715,3.0,0,1,10,373,5,0,0,1.0,0.0,1.0,0.0,0.0,0.0
18355,high_active,0,-124,1,292,"(250,500]",65,"[10,100)",49,"[30,60)",2181,730+,1,4,19,532,1.0,0,1,43,226,1,3,0,1.0,1.0,1.0,0.0,0.0,0.0
18357,high_active,0,-124,1,23,"(10,50]",4,"[1,10)",0,0,1695,730+,1,4,9,1058,0.0,0,1,43,221,4,4,0,1.0,0.0,0.0,0.0,0.0,0.0
18365,high_active,0,-124,0,5,"(0,10]",0,0,0,0,351,181-365,1,3,2,1171,5.0,0,0,13,67,6,3,2,0.0,0.0,0.0,0.0,0.0,0.0
18367,full_active,0,-124,1,4978,500+,69,"[10,100)",14,"[5,30)",1139,730+,1,2,33,956,2.0,0,1,10,389,6,4,0,0.0,0.0,0.0,0.0,1.0,0.0
18374,full_active,0,-124,1,75,"(50,100]",312,"[100,1k)",75,"[60,120)",513,366-730,0,1,29,906,1.0,0,1,44,400,5,2,0,1.0,0.0,0.0,1.0,1.0,0.0
18383,full_active,0,-124,1,51,"(50,100]",75,"[10,100)",46,"[30,60)",218,181-365,0,1,29,1302,1.0,0,1,5,270,5,3,0,1.0,0.0,0.0,0.0,0.0,0.0
18386,full_active,0,-124,1,305,"(250,500]",21,"[10,100)",14,"[5,30)",1751,730+,0,4,19,620,1.0,0,0,31,42,6,2,0,1.0,0.0,0.0,0.0,0.0,0.0
18387,middle_active,0,-124,0,8,"(0,10]",0,0,0,0,443,366-730,0,1,10,246,1.0,0,1,2,399,4,3,0,,,,,,
18398,full_active,0,-124,1,305,"(250,500]",17,"[10,100)",2,"[1,5)",1157,730+,0,4,10,172,1.0,0,1,18,292,6,3,0,1.0,0.0,0.0,0.0,0.0,0.0
18402,full_active,0,-124,1,62,"(50,100]",63,"[10,100)",41,"[30,60)",1933,730+,0,2,29,909,1.0,0,0,14,452,3,2,0,1.0,0.0,0.0,0.0,0.0,0.0
18405,middle_active,0,-124,0,1,"(0,10]",0,0,0,0,265,181-365,1,1,19,571,1.0,0,1,44,147,4,2,0,1.0,1.0,0.0,0.0,0.0,0.0
18415,full_active,0,-124,1,418,"(250,500]",99,"[10,100)",77,"[60,120)",1569,730+,1,5,24,812,3.0,0,0,30,251,3,4,0,1.0,0.0,0.0,0.0,0.0,0.0
18422,full_active,0,-124,1,12,"(10,50]",62,"[10,100)",1,"[1,5)",1691,730+,0,4,2,1165,6.0,0,0,14,116,5,0,2,1.0,0.0,0.0,0.0,0.0,0.0
18424,full_active,0,1,1,53,"(50,100]",171,"[100,1k)",14,"[5,30)",1715,730+,0,3,2,1160,5.0,0,0,13,330,5,2,2,1.0,0.0,0.0,0.0,0.0,0.0
18435,full_active,0,-124,1,33,"(10,50]",1015,"[1k,5k)",33,"[30,60)",1436,730+,1,1,2,1169,8.0,0,0,31,275,5,3,2,1.0,0.0,0.0,0.0,0.0,0.0
18449,full_active,0,-124,1,72,"(50,100]",312,"[100,1k)",56,"[30,60)",786,730+,1,3,2,1157,4.0,0,1,20,191,5,2,2,1.0,0.0,0.0,0.0,0.0,0.0
18451,middle_active,0,-124,1,10,"(0,10]",2,"[1,10)",1,"[1,5)",492,366-730,1,1,19,612,2.0,0,1,21,377,6,0,0,1.0,0.0,0.0,0.0,0.0,0.0
18456,full_active,0,-124,1,826,500+,11,"[10,100)",7,"[5,30)",1033,730+,0,5,10,1068,1.0,0,1,32,33,2,2,0,1.0,0.0,1.0,0.0,0.0,0.0
18470,full_active,0,-124,1,28,"(10,50]",22,"[10,100)",12,"[5,30)",1774,730+,1,3,10,177,2.0,0,0,7,77,5,2,0,0.0,0.0,0.0,0.0,1.0,0.0
18476,full_active,0,-124,1,117,"(100,150]",79,"[10,100)",50,"[30,60)",1107,730+,0,2,10,282,2.0,0,0,24,433,6,3,0,1.0,0.0,0.0,0.0,0.0,0.0
18478,full_active,0,-124,0,21,"(10,50]",2,"[1,10)",1,"[1,5)",1966,730+,1,4,10,137,1.0,0,0,31,275,5,2,0,1.0,0.0,0.0,0.0,0.0,0.0
18489,full_active,0,-124,1,96,"(50,100]",42,"[10,100)",14,"[5,30)",1597,730+,1,4,29,966,3.0,0,1,0,58,1,4,0,1.0,0.0,0.0,0.0,0.0,0.0
18501,full_active,0,-124,1,829,500+,116,"[100,1k)",98,"[60,120)",486,366-730,1,5,28,710,,0,1,20,218,5,4,0,1.0,0.0,1.0,0.0,0.0,0.0
18502,middle_active,0,1,1,157,"(150,250]",42,"[10,100)",11,"[5,30)",1037,730+,1,1,48,698,1.0,0,1,10,451,1,3,0,0.0,0.0,0.0,0.0,0.0,0.0
18503,full_active,0,-124,1,230,"(150,250]",15,"[10,100)",15,"[5,30)",375,366-730,1,0,29,885,1.0,0,1,21,53,6,3,0,0.0,0.0,0.0,0.0,0.0,0.0
18508,full_active,0,-124,0,681,500+,4,"[1,10)",3,"[1,5)",569,366-730,0,5,10,101,0.0,0,0,30,119,1,4,0,1.0,0.0,0.0,0.0,0.0,0.0
18518,full_active,0,-124,1,25,"(10,50]",25,"[10,100)",21,"[5,30)",824,730+,0,1,29,920,1.0,0,0,13,392,6,3,0,1.0,0.0,0.0,0.0,0.0,0.0
18522,full_active,0,-124,1,377,"(250,500]",110,"[100,1k)",101,"[60,120)",1688,730+,1,1,29,1304,3.0,0,0,30,185,1,2,0,1.0,0.0,0.0,0.0,0.0,0.0
18523,full_active,0,1,1,1373,500+,6,"[1,10)",5,"[5,30)",1631,730+,1,2,19,592,1.0,0,1,8,349,3,3,0,1.0,0.0,0.0,0.0,0.0,0.0
18524,high_active,0,-124,1,829,500+,74,"[10,100)",70,"[60,120)",1477,730+,1,6,10,145,0.0,0,0,13,67,6,3,0,0.0,1.0,0.0,0.0,0.0,0.0
18525,middle_active,0,-124,1,113,"(100,150]",87,"[10,100)",54,"[30,60)",310,181-365,1,1,2,1159,3.0,0,0,19,378,3,3,2,0.0,0.0,0.0,0.0,0.0,0.0
18530,full_active,0,-124,0,18,"(10,50]",6,"[1,10)",1,"[1,5)",836,730+,1,4,10,59,1.0,0,0,24,410,3,2,0,1.0,0.0,0.0,0.0,0.0,0.0
18538,full_active,0,-124,1,76,"(50,100]",135,"[100,1k)",76,"[60,120)",1181,730+,0,2,2,1165,6.0,0,1,8,287,2,2,2,1.0,0.0,0.0,0.0,0.0,0.0
18541,low_active,0,-124,0,3,"(0,10]",1,"[1,10)",1,"[1,5)",100,91-180,1,1,28,67,,33,2,109,385,0,0,0,0.0,0.0,0.0,0.0,0.0,0.0
18543,full_active,0,1,1,3,"(0,10]",164,"[100,1k)",2,"[1,5)",1641,730+,1,4,19,530,1.0,28,2,46,1,0,0,0,0.0,0.0,1.0,0.0,0.0,0.0
18547,full_active,0,1,1,924,500+,283,"[100,1k)",250,250+,1662,730+,1,3,10,172,1.0,0,0,42,50,6,2,0,1.0,0.0,0.0,0.0,0.0,0.0
18556,middle_active,0,-124,1,28,"(10,50]",37,"[10,100)",20,"[5,30)",1184,730+,1,3,9,136,1.0,0,1,10,254,3,0,0,1.0,1.0,0.0,0.0,0.0,0.0
18557,middle_active,0,-124,0,72,"(50,100]",15,"[10,100)",8,"[5,30)",2140,730+,1,1,10,338,0.0,0,1,10,389,6,3,0,1.0,0.0,0.0,0.0,0.0,0.0
18560,full_active,0,-124,0,1,"(0,10]",0,0,0,0,103,91-180,1,5,19,580,1.0,0,0,13,330,5,0,0,1.0,0.0,0.0,0.0,0.0,0.0
18564,full_active,0,-124,1,56,"(50,100]",45,"[10,100)",33,"[30,60)",268,181-365,1,2,19,641,1.0,0,0,42,112,1,3,0,1.0,0.0,0.0,0.0,0.0,0.0
18565,full_active,0,1,1,18,"(10,50]",245,"[100,1k)",14,"[5,30)",1596,730+,0,3,2,1160,4.0,0,1,43,221,4,2,2,1.0,0.0,0.0,0.0,0.0,0.0
18576,full_active,0,-124,0,42,"(10,50]",2,"[1,10)",1,"[1,5)",974,730+,0,1,2,1152,4.0,0,0,13,390,3,2,2,1.0,0.0,0.0,0.0,0.0,0.0
18580,high_active,0,-124,0,185,"(150,250]",7,"[1,10)",5,"[5,30)",392,366-730,1,0,10,188,1.0,0,1,18,395,6,3,0,1.0,0.0,0.0,0.0,0.0,0.0
18582,full_active,0,1,1,314,"(250,500]",238,"[100,1k)",82,"[60,120)",2360,730+,1,3,19,625,2.0,0,0,14,339,3,2,0,1.0,1.0,1.0,0.0,0.0,0.0
18585,2_14_day_new,0,1,1,537,500+,173,"[100,1k)",94,"[60,120)",1637,730+,1,5,10,129,2.0,0,0,24,137,5,2,0,1.0,0.0,0.0,0.0,0.0,0.0
18589,full_active,0,-124,1,4995,500+,562,"[100,1k)",528,250+,1992,730+,0,5,19,578,1.0,0,0,31,343,3,2,0,0.0,0.0,0.0,0.0,0.0,0.0
18603,full_active,0,-124,1,562,500+,621,"[100,1k)",482,250+,596,366-730,1,1,19,622,1.0,0,1,2,399,4,3,0,1.0,0.0,0.0,0.0,0.0,0.0
18606,full_active,0,1,1,794,500+,873,"[100,1k)",252,250+,1906,730+,0,5,19,583,1.0,0,0,28,278,1,2,0,,,,,,
18630,full_active,0,-124,0,37,"(10,50]",4,"[1,10)",0,0,1309,730+,1,4,19,641,1.0,0,0,13,117,6,4,0,1.0,0.0,0.0,0.0,0.0,0.0
18632,full_active,0,-124,1,885,500+,281,"[100,1k)",197,"[120,250)",1087,730+,1,4,19,594,1.0,0,1,43,226,1,3,0,1.0,1.0,0.0,0.0,0.0,0.0
18640,full_active,0,-124,1,146,"(100,150]",15,"[10,100)",14,"[5,30)",1258,730+,0,4,2,1152,4.0,0,1,21,91,5,3,2,1.0,0.0,0.0,0.0,0.0,0.0
18643,full_active,0,-124,0,25,"(10,50]",0,0,0,0,37,31-60,0,4,19,632,0.0,0,0,13,390,3,3,0,1.0,1.0,0.0,0.0,0.0,0.0
18644,full_active,0,1,1,453,"(250,500]",30,"[10,100)",15,"[5,30)",2372,730+,1,4,19,576,2.0,0,0,15,394,4,2,0,1.0,0.0,1.0,0.0,0.0,0.0
18652,full_active,0,-124,1,883,500+,174,"[100,1k)",80,"[60,120)",1189,730+,0,4,29,899,1.0,0,0,19,387,1,3,0,0.0,0.0,0.0,0.0,0.0,0.0
18657,high_active,0,1,1,1302,500+,1613,"[1k,5k)",1040,250+,897,730+,0,1,19,605,1.0,0,1,43,192,3,3,0,1.0,0.0,1.0,0.0,0.0,0.0
18659,full_active,0,-124,0,4043,500+,2,"[1,10)",1,"[1,5)",1604,730+,1,4,10,130,2.0,0,1,20,348,4,2,0,1.0,0.0,0.0,0.0,0.0,0.0
18678,full_active,0,1,1,419,"(250,500]",269,"[100,1k)",37,"[30,60)",1768,730+,0,3,29,958,1.0,0,0,19,396,3,3,0,1.0,0.0,0.0,0.0,0.0,0.0
18683,high_active,0,-124,1,49,"(10,50]",15,"[10,100)",6,"[5,30)",1224,730+,0,6,10,183,2.0,0,0,13,117,6,0,0,1.0,0.0,0.0,0.0,0.0,0.0
18684,full_active,0,-124,0,16,"(10,50]",0,0,0,0,867,730+,0,2,10,851,3.0,0,1,20,85,4,0,0,0.0,0.0,0.0,0.0,0.0,0.0
18685,middle_active,0,-124,1,122,"(100,150]",323,"[100,1k)",71,"[60,120)",2438,730+,0,2,2,1160,4.0,0,1,43,211,1,3,2,1.0,0.0,0.0,0.0,0.0,0.0
18688,full_active,0,-124,1,1980,500+,1803,"[1k,5k)",1231,250+,175,91-180,0,2,19,636,2.0,0,1,20,348,4,2,0,1.0,0.0,0.0,0.0,0.0,0.0
18690,full_active,0,-124,1,42,"(10,50]",63,"[10,100)",33,"[30,60)",1786,730+,0,1,19,605,1.0,0,1,8,287,2,2,0,0.0,0.0,0.0,0.0,0.0,0.0
18697,middle_active,0,1,1,70,"(50,100]",72,"[10,100)",50,"[30,60)",301,181-365,1,2,10,1039,1.0,0,0,28,367,3,3,0,1.0,0.0,0.0,0.0,0.0,0.0
18721,full_active,0,-124,1,5,"(0,10]",21,"[10,100)",2,"[1,5)",912,730+,0,2,29,1356,1.0,0,1,20,286,6,2,0,1.0,0.0,0.0,0.0,0.0,0.0
18724,full_active,0,1,1,572,500+,252,"[100,1k)",71,"[60,120)",1899,730+,0,2,29,906,1.0,0,1,10,450,3,3,0,1.0,0.0,0.0,0.0,0.0,0.0
18730,full_active,0,1,1,123,"(100,150]",91,"[10,100)",0,0,2056,730+,0,4,2,1180,2.0,0,0,13,117,6,3,2,1.0,0.0,0.0,0.0,0.0,0.0
18734,full_active,0,1,1,406,"(250,500]",135,"[100,1k)",45,"[30,60)",1794,730+,1,4,10,396,1.0,0,0,24,235,1,3,0,1.0,1.0,0.0,0.0,0.0,0.0
18744,middle_active,0,-124,1,3053,500+,2941,"[1k,5k)",31,"[30,60)",815,730+,1,1,19,556,2.0,0,0,13,117,6,3,0,0.0,0.0,0.0,0.0,0.0,0.0
18755,high_active,0,-124,1,261,"(250,500]",255,"[100,1k)",81,"[60,120)",1155,730+,0,5,9,296,0.0,0,0,19,48,1,3,0,1.0,0.0,1.0,0.0,0.0,0.0
18757,full_active,0,-124,1,270,"(250,500]",12,"[10,100)",2,"[1,5)",746,730+,0,2,10,1037,0.0,0,1,9,245,6,3,0,0.0,0.0,0.0,0.0,0.0,0.0
18759,full_active,0,-124,1,379,"(250,500]",10,"[10,100)",8,"[5,30)",1131,730+,1,4,29,958,1.0,0,0,13,183,6,3,0,1.0,0.0,1.0,0.0,0.0,0.0
18761,high_active,0,-124,0,346,"(250,500]",18,"[10,100)",10,"[5,30)",1353,730+,0,0,19,578,1.0,0,0,13,267,6,3,0,0.0,0.0,0.0,0.0,0.0,0.0
18764,full_active,0,1,1,10,"(0,10]",173,"[100,1k)",10,"[5,30)",1651,730+,1,2,2,1159,3.0,0,1,34,201,4,2,2,1.0,0.0,0.0,0.0,0.0,0.0
18766,full_active,0,1,1,343,"(250,500]",1037,"[1k,5k)",162,"[120,250)",1918,730+,1,5,10,287,1.0,0,0,28,278,1,3,0,1.0,0.0,1.0,0.0,0.0,0.0
18768,full_active,0,1,1,357,"(250,500]",53,"[10,100)",24,"[5,30)",790,730+,0,1,19,641,1.0,0,1,0,160,3,3,0,1.0,0.0,1.0,0.0,0.0,0.0
18775,full_active,0,-124,0,63,"(50,100]",0,0,0,0,406,366-730,1,2,31,377,2.0,0,1,8,200,5,3,0,1.0,0.0,0.0,0.0,0.0,0.0
18782,full_active,0,-124,0,63,"(50,100]",5,"[1,10)",3,"[1,5)",1207,730+,0,6,10,271,3.0,0,1,0,295,6,3,0,1.0,0.0,0.0,0.0,0.0,0.0
18784,full_active,0,-124,1,644,500+,112,"[100,1k)",23,"[5,30)",2121,730+,0,2,2,1212,8.0,0,1,10,76,3,2,2,1.0,0.0,0.0,0.0,0.0,0.0
18788,high_active,0,-124,1,5,"(0,10]",8,"[1,10)",2,"[1,5)",57,31-60,0,1,29,920,1.0,0,1,0,102,5,3,0,1.0,0.0,0.0,0.0,0.0,0.0
18796,2_14_day_new,0,-124,1,53,"(50,100]",49,"[10,100)",38,"[30,60)",465,366-730,1,5,19,638,2.0,0,1,18,413,4,2,0,1.0,0.0,0.0,0.0,0.0,0.0
18797,high_active,0,-124,0,15,"(10,50]",1,"[1,10)",1,"[1,5)",907,730+,0,4,29,966,2.0,0,1,9,237,1,4,0,1.0,0.0,1.0,0.0,0.0,0.0
18798,low_active,0,1,1,2003,500+,1040,"[1k,5k)",787,250+,852,730+,1,0,19,594,1.0,0,1,34,423,1,4,0,0.0,0.0,0.0,0.0,0.0,0.0
18814,middle_active,0,-124,1,2021,500+,171,"[100,1k)",60,"[60,120)",1557,730+,0,6,29,890,0.0,0,0,26,108,1,2,0,1.0,0.0,0.0,0.0,0.0,0.0
18816,high_active,0,-124,1,117,"(100,150]",21,"[10,100)",17,"[5,30)",2103,730+,1,2,19,527,2.0,0,0,42,63,1,0,0,1.0,0.0,0.0,0.0,0.0,0.0
18818,full_active,0,1,1,29,"(10,50]",287,"[100,1k)",19,"[5,30)",414,366-730,1,2,2,1165,6.0,0,0,7,398,1,3,2,1.0,0.0,0.0,0.0,0.0,0.0
18820,high_active,0,-124,1,314,"(250,500]",54,"[10,100)",23,"[5,30)",2143,730+,1,4,10,1004,1.0,0,0,24,235,1,3,0,0.0,0.0,0.0,0.0,0.0,0.0
18822,high_active,0,-124,1,73,"(50,100]",122,"[100,1k)",46,"[30,60)",1153,730+,0,4,31,24,1.0,0,1,0,284,1,3,0,1.0,0.0,0.0,0.0,0.0,0.0
18856,middle_active,0,-124,1,94,"(50,100]",3,"[1,10)",3,"[1,5)",239,181-365,0,1,2,1175,2.0,0,1,5,146,6,0,2,0.0,0.0,0.0,0.0,0.0,0.0
18857,full_active,0,-124,1,771,500+,68,"[10,100)",41,"[30,60)",205,181-365,0,1,9,296,0.0,0,1,32,33,2,4,0,1.0,0.0,0.0,0.0,0.0,0.0
18868,full_active,0,-124,1,462,"(250,500]",497,"[100,1k)",330,250+,1429,730+,1,1,19,620,1.0,0,1,43,221,4,3,0,0.0,0.0,0.0,0.0,0.0,0.0
18875,high_active,0,-124,1,37,"(10,50]",566,"[100,1k)",20,"[5,30)",1527,730+,1,4,2,1165,6.0,0,1,43,230,1,0,2,1.0,0.0,0.0,0.0,0.0,0.0
18878,full_active,0,1,1,833,500+,197,"[100,1k)",183,"[120,250)",1083,730+,0,3,19,583,1.0,0,0,26,124,1,2,0,1.0,0.0,1.0,0.0,0.0,0.0
18887,high_active,0,1,1,203,"(150,250]",299,"[100,1k)",33,"[30,60)",1740,730+,0,3,19,653,3.0,0,1,20,85,4,2,0,1.0,0.0,0.0,0.0,0.0,0.0
18891,full_active,0,1,1,27,"(10,50]",108,"[100,1k)",14,"[5,30)",917,730+,1,2,2,1167,9.0,0,1,8,181,2,2,2,1.0,0.0,0.0,0.0,0.0,0.0
18898,full_active,0,-124,1,394,"(250,500]",699,"[100,1k)",387,250+,480,366-730,0,1,29,1291,0.0,0,0,15,187,3,3,0,,,,,,
18902,high_active,0,-124,1,44,"(10,50]",18,"[10,100)",11,"[5,30)",454,366-730,0,5,29,877,0.0,0,1,10,254,3,3,0,1.0,0.0,0.0,0.0,0.0,0.0
18918,middle_active,0,-124,1,1079,500+,865,"[100,1k)",761,250+,283,181-365,0,1,2,1177,2.0,0,1,12,163,1,3,2,1.0,0.0,0.0,0.0,0.0,0.0
18919,2_14_day_new,0,-124,0,21,"(10,50]",6,"[1,10)",6,"[5,30)",17,15-30,1,1,22,371,1.0,0,0,15,274,6,2,0,1.0,0.0,0.0,0.0,0.0,0.0
18921,full_active,0,-124,0,115,"(100,150]",4,"[1,10)",0,0,480,366-730,1,2,2,1160,4.0,0,1,44,238,4,2,2,1.0,0.0,0.0,0.0,0.0,0.0
18923,full_active,0,-124,1,338,"(250,500]",9,"[1,10)",8,"[5,30)",1212,730+,1,2,10,133,1.0,0,1,17,444,3,3,0,0.0,0.0,0.0,0.0,0.0,0.0
18924,high_active,0,-124,1,2,"(0,10]",171,"[100,1k)",1,"[1,5)",1382,730+,1,2,2,1159,3.0,0,1,10,254,3,3,2,1.0,0.0,0.0,0.0,0.0,0.0
18926,full_active,0,1,1,286,"(250,500]",1108,"[1k,5k)",260,250+,2288,730+,0,4,10,238,3.0,0,0,13,117,6,0,0,1.0,0.0,0.0,0.0,0.0,0.0
18935,full_active,0,-124,1,111,"(100,150]",16,"[10,100)",13,"[5,30)",348,181-365,1,4,19,653,3.0,0,0,31,42,6,0,0,,,,,,
18940,2_14_day_new,0,-124,0,98,"(50,100]",5,"[1,10)",1,"[1,5)",1613,730+,0,2,2,1166,9.0,0,1,32,33,2,2,2,0.0,0.0,0.0,0.0,0.0,0.0
18943,full_active,0,-124,1,62,"(50,100]",12,"[10,100)",9,"[5,30)",373,366-730,1,2,31,386,1.0,0,1,17,350,6,2,0,0.0,0.0,0.0,0.0,0.0,0.0
18944,full_active,0,1,1,44,"(10,50]",95,"[10,100)",42,"[30,60)",1777,730+,1,2,10,1039,1.0,0,0,13,67,6,2,0,1.0,0.0,0.0,0.0,0.0,0.0
18948,full_active,0,-124,1,544,500+,48,"[10,100)",12,"[5,30)",1316,730+,1,1,2,1151,3.0,0,0,13,392,6,4,2,0.0,0.0,0.0,0.0,0.0,0.0
18950,full_active,0,-124,1,129,"(100,150]",6,"[1,10)",6,"[5,30)",1190,730+,0,4,10,287,1.0,0,0,31,299,6,3,0,1.0,1.0,1.0,0.0,0.0,0.0
18951,full_active,0,-124,0,100,"(50,100]",0,0,0,0,201,181-365,0,0,2,1175,1.0,0,0,13,330,5,4,2,1.0,0.0,0.0,0.0,0.0,0.0
18954,full_active,0,-124,1,69,"(50,100]",46,"[10,100)",17,"[5,30)",1780,730+,1,1,19,615,2.0,0,0,15,118,6,2,0,0.0,0.0,0.0,1.0,1.0,0.0
18962,high_active,0,-124,1,221,"(150,250]",44,"[10,100)",24,"[5,30)",285,181-365,1,0,29,1340,1.0,0,0,7,427,1,4,0,0.0,0.0,0.0,0.0,0.0,0.0
18974,full_active,0,-124,0,17,"(10,50]",52,"[10,100)",11,"[5,30)",451,366-730,1,1,2,1163,2.0,0,1,9,249,3,2,2,1.0,0.0,0.0,0.0,0.0,0.0
18980,full_active,0,1,1,111,"(100,150]",15,"[10,100)",10,"[5,30)",1967,730+,1,4,19,527,2.0,0,0,14,339,3,2,0,1.0,0.0,0.0,0.0,0.0,0.0
18981,full_active,0,-124,1,102,"(100,150]",9,"[1,10)",5,"[5,30)",547,366-730,1,5,19,547,2.0,0,1,5,146,6,4,0,1.0,0.0,0.0,0.0,0.0,0.0
18997,full_active,0,1,1,621,500+,139,"[100,1k)",79,"[60,120)",1066,730+,1,3,19,614,2.0,0,1,44,289,5,2,0,1.0,0.0,0.0,0.0,0.0,0.0
19018,full_active,0,-124,1,16,"(10,50]",27,"[10,100)",1,"[1,5)",1070,730+,1,2,2,1160,4.0,0,0,14,116,5,2,2,1.0,0.0,0.0,0.0,0.0,0.0
19028,full_active,0,-124,1,107,"(100,150]",140,"[100,1k)",88,"[60,120)",46,31-60,1,1,2,1175,1.0,0,1,10,450,3,4,2,0.0,0.0,0.0,0.0,0.0,0.0
19052,full_active,0,-124,1,2330,500+,58,"[10,100)",21,"[5,30)",1167,730+,0,4,10,79,0.0,0,0,13,267,6,3,0,0.0,0.0,0.0,0.0,0.0,0.0
19057,full_active,0,-124,1,26,"(10,50]",65,"[10,100)",26,"[5,30)",620,366-730,0,3,29,1316,1.0,0,0,15,109,3,3,0,0.0,0.0,0.0,0.0,0.0,0.0
19058,full_active,0,1,1,99,"(50,100]",142,"[100,1k)",49,"[30,60)",1244,730+,0,4,29,929,2.0,0,1,34,80,1,3,0,1.0,0.0,0.0,0.0,0.0,0.0
19071,full_active,0,-124,0,8,"(0,10]",0,0,0,0,620,366-730,1,6,31,1466,0.0,0,0,24,137,5,0,0,1.0,0.0,0.0,0.0,0.0,0.0
19078,full_active,0,-124,1,237,"(150,250]",405,"[100,1k)",220,"[120,250)",1142,730+,1,2,2,1169,8.0,0,0,42,171,1,2,2,0.0,0.0,0.0,0.0,0.0,0.0
19081,full_active,0,1,1,178,"(150,250]",133,"[100,1k)",8,"[5,30)",1996,730+,0,3,29,1377,,0,0,31,42,6,3,0,1.0,0.0,0.0,0.0,0.0,0.0
19085,high_active,0,-124,1,387,"(250,500]",22,"[10,100)",1,"[1,5)",1733,730+,1,2,29,1361,0.0,0,1,10,254,3,0,0,0.0,0.0,0.0,0.0,0.0,0.0
19116,full_active,0,-124,1,72,"(50,100]",9,"[1,10)",1,"[1,5)",1689,730+,1,3,19,620,1.0,0,1,8,314,5,0,0,1.0,0.0,0.0,0.0,0.0,0.0
19122,full_active,0,1,1,135,"(100,150]",256,"[100,1k)",82,"[60,120)",1494,730+,0,4,2,1171,5.0,0,1,20,161,6,4,2,1.0,0.0,1.0,0.0,0.0,0.0
19123,full_active,0,-124,1,5,"(0,10]",73,"[10,100)",3,"[1,5)",598,366-730,0,3,10,274,1.0,0,1,43,384,1,3,0,1.0,0.0,0.0,0.0,0.0,0.0
19126,full_active,0,-124,1,53,"(50,100]",31,"[10,100)",8,"[5,30)",1842,730+,1,2,22,372,2.0,0,1,9,375,1,3,0,0.0,0.0,0.0,0.0,1.0,0.0
19128,full_active,0,1,1,625,500+,374,"[100,1k)",288,250+,1826,730+,1,4,10,396,1.0,0,0,26,329,1,4,0,1.0,0.0,0.0,0.0,0.0,0.0
19129,full_active,0,-124,1,159,"(150,250]",16,"[10,100)",3,"[1,5)",1768,730+,0,3,2,1167,9.0,0,0,14,116,5,2,2,1.0,0.0,0.0,0.0,0.0,0.0
19131,full_active,0,-124,1,272,"(250,500]",378,"[100,1k)",258,250+,1128,730+,0,1,2,1160,4.0,0,0,13,117,6,4,2,1.0,0.0,0.0,0.0,0.0,0.0
19138,full_active,0,-124,1,814,500+,90,"[10,100)",58,"[30,60)",2228,730+,0,3,2,1165,6.0,0,1,43,136,3,2,2,1.0,0.0,0.0,0.0,0.0,0.0
19142,full_active,0,-124,1,131,"(100,150]",294,"[100,1k)",82,"[60,120)",1169,730+,1,5,9,278,2.0,0,0,13,267,6,2,0,1.0,0.0,1.0,0.0,0.0,0.0
19145,full_active,0,-124,1,47,"(10,50]",7,"[1,10)",2,"[1,5)",417,366-730,1,2,31,376,2.0,0,1,34,341,6,0,0,0.0,0.0,0.0,1.0,1.0,0.0
19146,full_active,0,1,1,43,"(10,50]",253,"[100,1k)",38,"[30,60)",1362,730+,0,3,19,611,1.0,0,0,28,367,3,2,0,1.0,0.0,0.0,0.0,0.0,0.0
19150,full_active,0,-124,1,1582,500+,41,"[10,100)",36,"[30,60)",706,366-730,0,1,19,628,1.0,0,1,20,191,5,0,0,0.0,0.0,1.0,0.0,0.0,0.0
19164,2_14_day_new,0,-124,1,79,"(50,100]",1,"[1,10)",1,"[1,5)",1521,730+,1,1,10,663,0.0,0,1,18,256,3,3,0,1.0,0.0,0.0,0.0,0.0,0.0
19167,full_active,0,-124,1,28,"(10,50]",25,"[10,100)",12,"[5,30)",2598,730+,1,2,9,715,3.0,0,0,13,267,6,3,0,1.0,0.0,0.0,0.0,0.0,0.0
19172,full_active,0,-124,1,22,"(10,50]",5,"[1,10)",1,"[1,5)",703,366-730,0,4,31,435,1.0,0,0,31,271,6,0,0,1.0,0.0,0.0,0.0,0.0,0.0
19176,2_14_day_new,0,-124,1,182,"(150,250]",332,"[100,1k)",180,"[120,250)",230,181-365,0,1,29,953,2.0,0,1,34,80,1,4,0,0.0,0.0,0.0,0.0,0.0,0.0
19187,high_active,0,1,1,435,"(250,500]",28,"[10,100)",20,"[5,30)",2521,730+,1,4,2,1159,3.0,0,1,43,221,4,0,2,1.0,0.0,1.0,1.0,1.0,1.0
19194,high_active,0,-124,1,75,"(50,100]",436,"[100,1k)",75,"[60,120)",1673,730+,0,1,2,1165,6.0,0,1,21,91,5,2,2,1.0,0.0,0.0,0.0,0.0,0.0
19196,full_active,0,-124,1,169,"(150,250]",170,"[100,1k)",60,"[60,120)",280,181-365,1,4,29,958,1.0,0,1,44,400,5,0,0,1.0,0.0,1.0,0.0,0.0,0.0
19201,full_active,0,-124,1,263,"(250,500]",73,"[10,100)",43,"[30,60)",1489,730+,0,4,19,633,2.0,0,0,24,416,1,0,0,1.0,0.0,0.0,0.0,0.0,0.0
19203,full_active,0,1,1,2685,500+,979,"[100,1k)",789,250+,942,730+,1,2,10,856,1.0,0,0,15,178,3,2,0,0.0,0.0,0.0,0.0,0.0,0.0
19209,full_active,0,-124,0,42,"(10,50]",1,"[1,10)",0,0,1377,730+,0,2,2,1160,4.0,2,2,60,20,0,0,2,0.0,0.0,0.0,0.0,0.0,0.0
19210,low_active,0,-124,0,18,"(10,50]",0,0,0,0,374,366-730,1,0,2,1126,6.0,0,1,2,399,4,0,1,1.0,0.0,0.0,0.0,0.0,0.0
19214,full_active,0,-124,1,92,"(50,100]",17,"[10,100)",5,"[5,30)",715,366-730,0,4,9,479,1.0,0,0,14,452,3,3,0,1.0,0.0,0.0,0.0,0.0,0.0
19215,low_active,0,-124,1,4,"(0,10]",49,"[10,100)",2,"[1,5)",1649,730+,0,2,31,364,0.0,0,1,17,444,3,0,0,0.0,0.0,0.0,0.0,0.0,0.0
19221,high_active,0,-124,1,383,"(250,500]",105,"[100,1k)",52,"[30,60)",28,15-30,0,0,10,240,0.0,0,0,13,183,6,3,0,1.0,0.0,1.0,0.0,0.0,0.0
19222,high_active,0,-124,1,8,"(0,10]",4,"[1,10)",1,"[1,5)",73,61-90,1,1,19,620,1.0,0,1,10,76,3,4,0,1.0,1.0,0.0,0.0,0.0,0.0
19224,full_active,0,1,1,101,"(100,150]",238,"[100,1k)",46,"[30,60)",2125,730+,0,3,2,1167,9.0,0,0,14,116,5,2,2,1.0,0.0,0.0,0.0,0.0,0.0
19226,full_active,0,-124,1,152,"(150,250]",197,"[100,1k)",102,"[60,120)",1102,730+,0,1,29,890,0.0,0,1,8,200,5,4,0,1.0,0.0,0.0,0.0,0.0,0.0
19235,full_active,0,1,1,194,"(150,250]",33,"[10,100)",4,"[1,5)",2336,730+,1,4,29,977,2.0,0,0,13,392,6,4,0,1.0,0.0,0.0,0.0,0.0,0.0
19237,full_active,0,-124,1,3,"(0,10]",176,"[100,1k)",0,0,1234,730+,1,1,2,1162,10.0,0,0,31,275,5,2,2,1.0,0.0,0.0,0.0,0.0,0.0
19238,full_active,0,-124,1,171,"(150,250]",463,"[100,1k)",170,"[120,250)",843,730+,0,1,31,733,0.0,0,1,8,209,6,3,0,1.0,0.0,0.0,0.0,0.0,0.0
19243,high_active,0,-124,1,57,"(50,100]",16,"[10,100)",0,0,143,91-180,1,1,29,950,1.0,0,0,26,408,6,3,0,,,,,,
19252,middle_active,0,1,1,868,500+,1155,"[1k,5k)",793,250+,1499,730+,1,2,2,1180,2.0,0,1,34,80,1,0,2,1.0,0.0,0.0,0.0,0.0,0.0
19262,full_active,0,-124,0,517,500+,61,"[10,100)",45,"[30,60)",1190,730+,0,4,29,882,1.0,0,0,22,239,1,3,0,0.0,0.0,0.0,0.0,0.0,0.0
19265,full_active,0,1,1,89,"(50,100]",239,"[100,1k)",9,"[5,30)",1690,730+,1,4,2,1124,3.0,0,0,31,275,5,3,1,1.0,0.0,0.0,0.0,0.0,0.0
19272,high_active,0,-124,1,30,"(10,50]",14,"[10,100)",9,"[5,30)",95,91-180,1,6,29,958,1.0,0,0,14,116,5,3,0,0.0,0.0,0.0,0.0,0.0,0.0
19278,middle_active,0,-124,1,9,"(0,10]",38,"[10,100)",2,"[1,5)",1004,730+,1,2,19,567,0.0,0,1,9,268,1,3,0,0.0,0.0,0.0,0.0,0.0,0.0
19282,high_active,0,-124,0,37,"(10,50]",0,0,0,0,916,730+,1,5,2,1151,3.0,0,1,2,399,4,2,2,1.0,1.0,0.0,0.0,0.0,0.0
19288,high_active,0,1,1,884,500+,210,"[100,1k)",62,"[60,120)",1688,730+,0,3,2,1159,4.0,0,1,17,429,1,2,2,1.0,0.0,0.0,0.0,0.0,0.0
19295,full_active,0,-124,1,291,"(250,500]",24,"[10,100)",12,"[5,30)",722,366-730,1,4,10,320,6.0,0,0,33,107,1,3,0,,,,,,
19297,full_active,0,-124,0,65,"(50,100]",5,"[1,10)",5,"[5,30)",708,366-730,0,5,29,978,1.0,0,0,24,137,5,0,0,,,,,,
19300,middle_active,0,-124,1,14,"(10,50]",7,"[1,10)",0,0,106,91-180,1,1,19,525,0.0,0,0,42,120,1,0,0,1.0,0.0,0.0,0.0,0.0,0.0
19309,high_active,0,-124,1,166,"(150,250]",13,"[10,100)",0,0,318,181-365,1,4,29,888,2.0,0,0,38,139,4,4,0,,,,,,
19316,full_active,0,-124,1,11,"(10,50]",3,"[1,10)",0,0,947,730+,1,4,2,1152,3.0,0,1,12,29,6,3,2,0.0,0.0,0.0,0.0,0.0,0.0
19318,high_active,0,1,1,1140,500+,256,"[100,1k)",104,"[60,120)",1965,730+,0,3,2,1160,4.0,0,1,8,301,6,3,2,1.0,0.0,0.0,0.0,0.0,0.0
19320,middle_active,0,-124,1,157,"(150,250]",35,"[10,100)",14,"[5,30)",1125,730+,0,1,29,950,1.0,0,0,13,183,6,3,1,1.0,0.0,0.0,0.0,0.0,0.0
19321,full_active,0,-124,1,50,"(10,50]",16,"[10,100)",10,"[5,30)",379,366-730,0,1,29,906,1.0,0,1,18,293,1,3,0,0.0,0.0,0.0,0.0,0.0,0.0
19328,middle_active,0,-124,1,72,"(50,100]",18,"[10,100)",7,"[5,30)",2142,730+,1,1,2,1151,3.0,0,1,9,243,6,3,2,0.0,0.0,0.0,0.0,0.0,0.0
19344,full_active,0,-124,1,480,"(250,500]",808,"[100,1k)",471,250+,1234,730+,0,1,19,656,2.0,0,0,7,427,1,4,0,0.0,0.0,0.0,0.0,0.0,0.0
19345,full_active,0,-124,1,178,"(150,250]",70,"[10,100)",50,"[30,60)",1221,730+,0,5,10,854,1.0,0,1,17,198,3,0,0,1.0,0.0,0.0,0.0,0.0,0.0
19347,full_active,0,-124,1,24,"(10,50]",26,"[10,100)",22,"[5,30)",56,31-60,1,1,19,536,1.0,0,0,15,371,3,3,0,1.0,0.0,0.0,0.0,0.0,0.0
19351,full_active,0,-124,1,224,"(150,250]",48,"[10,100)",19,"[5,30)",2704,730+,1,3,2,1160,4.0,0,1,34,201,4,2,2,1.0,0.0,0.0,0.0,0.0,0.0
19364,full_active,0,-124,1,177,"(150,250]",67,"[10,100)",55,"[30,60)",617,366-730,0,4,10,262,0.0,0,1,43,43,1,3,0,1.0,0.0,0.0,0.0,0.0,0.0
19377,middle_active,0,-124,1,217,"(150,250]",307,"[100,1k)",212,"[120,250)",219,181-365,0,1,29,964,1.0,0,0,15,93,6,0,0,1.0,0.0,0.0,0.0,0.0,0.0
19379,high_active,0,-124,0,61,"(50,100]",0,0,0,0,275,181-365,1,0,10,852,4.0,0,0,15,151,3,0,0,1.0,0.0,0.0,0.0,0.0,0.0
19385,full_active,0,-124,1,466,"(250,500]",435,"[100,1k)",282,250+,1969,730+,0,2,31,377,2.0,0,0,15,304,1,4,0,1.0,0.0,0.0,0.0,0.0,0.0
19387,full_active,0,-124,1,51,"(50,100]",159,"[100,1k)",21,"[5,30)",1902,730+,0,2,29,1388,1.0,0,1,44,147,4,4,0,1.0,0.0,0.0,0.0,0.0,0.0
19388,2_14_day_new,0,-124,1,1,"(0,10]",28,"[10,100)",0,0,524,366-730,1,1,2,1165,6.0,0,1,9,167,1,4,2,0.0,0.0,0.0,0.0,0.0,0.0
19397,full_active,0,1,1,1548,500+,501,"[100,1k)",443,250+,1143,730+,1,4,9,278,2.0,0,1,44,363,3,3,0,1.0,0.0,0.0,0.0,0.0,0.0
19401,full_active,0,-124,1,558,500+,129,"[100,1k)",90,"[60,120)",1083,730+,1,5,10,252,1.0,0,1,10,254,3,3,0,0.0,0.0,0.0,0.0,0.0,0.0
19416,full_active,0,-124,1,1285,500+,861,"[100,1k)",645,250+,977,730+,0,6,31,736,0.0,0,0,14,116,5,2,0,0.0,0.0,0.0,0.0,0.0,0.0
19420,full_active,0,-124,1,60,"(50,100]",12,"[10,100)",12,"[5,30)",1406,730+,0,2,2,1160,5.0,0,1,8,181,2,2,2,1.0,0.0,0.0,0.0,0.0,0.0
19421,high_active,0,-124,1,140,"(100,150]",101,"[100,1k)",54,"[30,60)",248,181-365,1,0,19,606,1.0,0,1,10,451,1,2,0,0.0,0.0,0.0,0.0,0.0,0.0
19430,middle_active,0,-124,1,1,"(0,10]",24,"[10,100)",1,"[1,5)",800,730+,1,5,29,890,0.0,0,0,19,78,1,3,0,0.0,0.0,0.0,0.0,0.0,0.0
19445,high_active,0,-124,0,39,"(10,50]",6,"[1,10)",1,"[1,5)",913,730+,1,4,10,230,1.0,0,1,34,201,4,2,0,1.0,0.0,1.0,0.0,0.0,0.0
19446,full_active,0,-124,0,173,"(150,250]",56,"[10,100)",55,"[30,60)",413,366-730,0,1,19,519,0.0,0,0,42,63,1,4,0,1.0,0.0,0.0,0.0,0.0,0.0
19450,2_14_day_new,0,1,1,118,"(100,150]",65,"[10,100)",5,"[5,30)",2562,730+,1,2,2,1159,3.0,0,0,13,117,6,3,2,1.0,0.0,0.0,0.0,0.0,0.0
19460,full_active,0,1,1,68,"(50,100]",153,"[100,1k)",29,"[5,30)",368,366-730,1,2,29,940,1.0,0,1,9,88,5,2,0,1.0,0.0,1.0,0.0,0.0,0.0
19462,high_active,0,-124,1,33,"(10,50]",0,0,0,0,42,31-60,1,4,19,515,0.0,0,0,31,354,3,0,0,0.0,0.0,0.0,0.0,0.0,0.0
19465,full_active,0,-124,1,23,"(10,50]",20,"[10,100)",14,"[5,30)",1640,730+,1,2,31,743,2.0,0,1,34,180,1,3,0,0.0,0.0,0.0,0.0,1.0,0.0
19468,full_active,0,-124,1,42,"(10,50]",5,"[1,10)",1,"[1,5)",1775,730+,0,2,10,565,1.0,0,1,20,383,6,4,0,0.0,0.0,0.0,0.0,0.0,0.0
19480,high_active,0,-124,1,205,"(150,250]",4,"[1,10)",0,0,903,730+,0,2,19,625,2.0,0,1,44,238,4,0,0,1.0,0.0,0.0,0.0,0.0,0.0
19482,middle_active,0,-124,1,1354,500+,2018,"[1k,5k)",1280,250+,821,730+,0,1,10,262,0.0,0,1,43,250,1,3,0,0.0,1.0,0.0,0.0,0.0,0.0
19484,full_active,0,1,1,367,"(250,500]",440,"[100,1k)",115,"[60,120)",1159,730+,1,4,19,646,3.0,0,0,31,275,5,2,0,1.0,1.0,1.0,0.0,0.0,0.0
19486,full_active,0,-124,1,3,"(0,10]",0,0,0,0,375,366-730,1,1,29,988,1.0,0,1,5,270,5,0,0,0.0,0.0,0.0,0.0,1.0,0.0
19487,full_active,0,-124,1,109,"(100,150]",144,"[100,1k)",62,"[60,120)",2227,730+,0,1,2,1153,4.0,0,1,0,263,1,3,2,1.0,0.0,0.0,0.0,0.0,0.0
19496,high_active,0,-124,1,219,"(150,250]",46,"[10,100)",26,"[5,30)",1849,730+,0,4,29,955,3.0,0,0,24,403,1,2,0,1.0,0.0,0.0,0.0,0.0,0.0
19503,full_active,0,1,1,139,"(100,150]",268,"[100,1k)",120,"[120,250)",2184,730+,1,2,2,1159,3.0,0,1,8,294,6,3,2,1.0,0.0,0.0,0.0,0.0,0.0
19506,full_active,0,-124,1,126,"(100,150]",10,"[10,100)",5,"[5,30)",1330,730+,1,2,34,960,1.0,0,0,30,150,1,4,0,1.0,0.0,0.0,0.0,0.0,0.0
19510,middle_active,0,-124,0,3,"(0,10]",0,0,0,0,441,366-730,0,0,2,1189,3.0,0,0,1,82,2,0,1,0.0,0.0,0.0,0.0,1.0,0.0
19513,full_active,0,-124,0,45,"(10,50]",44,"[10,100)",10,"[5,30)",1309,730+,1,5,10,664,1.0,0,0,19,387,1,3,0,,,,,,
19520,high_active,0,-124,1,1036,500+,835,"[100,1k)",806,250+,484,366-730,1,1,31,367,0.0,0,1,43,136,3,3,0,1.0,0.0,0.0,0.0,0.0,0.0
19523,full_active,0,-124,1,144,"(100,150]",41,"[10,100)",34,"[30,60)",847,730+,1,4,10,662,1.0,0,0,15,151,3,3,0,0.0,1.0,0.0,0.0,0.0,0.0
19528,full_active,0,1,1,357,"(250,500]",1320,"[1k,5k)",114,"[60,120)",1075,730+,0,2,2,1158,5.0,0,0,42,112,1,3,2,1.0,0.0,0.0,0.0,0.0,0.0
19536,full_active,0,-124,0,130,"(100,150]",4,"[1,10)",1,"[1,5)",629,366-730,0,6,31,364,0.0,0,0,22,412,5,2,0,,,,,,
19560,high_active,0,1,1,791,500+,739,"[100,1k)",148,"[120,250)",1853,730+,1,1,10,238,3.0,0,0,22,239,1,2,0,1.0,1.0,0.0,0.0,0.0,0.0
19564,full_active,0,1,1,1303,500+,503,"[100,1k)",418,250+,1624,730+,1,4,10,177,2.0,0,0,7,182,1,3,0,1.0,0.0,1.0,0.0,0.0,0.0
19573,full_active,0,-124,1,342,"(250,500]",16,"[10,100)",6,"[5,30)",1860,730+,0,2,19,601,1.0,0,0,13,392,6,3,0,0.0,0.0,0.0,0.0,0.0,0.0
19576,full_active,0,-124,0,64,"(50,100]",13,"[10,100)",5,"[5,30)",835,730+,0,3,29,901,1.0,0,1,32,33,2,2,0,1.0,0.0,0.0,0.0,0.0,0.0
19583,low_active,0,1,1,281,"(250,500]",367,"[100,1k)",272,250+,987,730+,0,1,2,1179,2.0,0,1,43,197,1,3,2,1.0,0.0,0.0,0.0,0.0,0.0
19585,full_active,0,-124,1,50,"(10,50]",54,"[10,100)",49,"[30,60)",1859,730+,0,1,2,1159,3.0,0,1,9,167,1,2,2,0.0,0.0,0.0,0.0,0.0,0.0
19586,high_active,0,-124,1,290,"(250,500]",84,"[10,100)",52,"[30,60)",1164,730+,0,5,29,1320,1.0,0,0,13,390,3,0,0,0.0,0.0,0.0,0.0,0.0,0.0
19594,high_active,0,-124,1,458,"(250,500]",502,"[100,1k)",449,250+,375,366-730,1,5,19,623,1.0,0,1,43,136,3,3,0,1.0,0.0,0.0,0.0,0.0,0.0
19603,high_active,0,-124,1,4253,500+,55,"[10,100)",53,"[30,60)",1374,730+,1,5,19,594,1.0,0,1,5,89,6,3,0,1.0,0.0,1.0,0.0,0.0,0.0
19605,full_active,0,-124,0,142,"(100,150]",17,"[10,100)",9,"[5,30)",1268,730+,1,6,10,474,6.0,0,0,14,135,6,2,0,1.0,0.0,0.0,0.0,0.0,0.0
19612,single_low_active,0,-124,1,209,"(150,250]",13,"[10,100)",11,"[5,30)",816,730+,0,6,31,378,3.0,0,1,44,121,5,3,0,1.0,0.0,0.0,0.0,0.0,0.0
19621,full_active,0,1,1,37,"(10,50]",10,"[10,100)",1,"[1,5)",413,366-730,1,2,2,1160,4.0,0,1,8,64,5,2,2,1.0,0.0,0.0,0.0,0.0,0.0
19626,full_active,0,1,1,124,"(100,150]",164,"[100,1k)",38,"[30,60)",1720,730+,0,4,19,611,1.0,0,0,33,195,1,4,0,0.0,0.0,0.0,0.0,0.0,0.0
19627,full_active,0,-124,0,91,"(50,100]",6,"[1,10)",6,"[5,30)",250,181-365,0,4,10,177,2.0,0,0,31,193,3,0,0,1.0,0.0,0.0,0.0,0.0,0.0
19630,full_active,0,-124,1,42,"(10,50]",87,"[10,100)",38,"[30,60)",1176,730+,1,1,19,620,1.0,0,0,13,183,6,3,0,0.0,0.0,0.0,0.0,0.0,0.0
19638,full_active,0,1,1,224,"(150,250]",402,"[100,1k)",173,"[120,250)",2300,730+,0,4,2,1165,6.0,0,0,22,239,1,2,2,1.0,0.0,0.0,0.0,0.0,0.0
19645,high_active,0,-124,1,888,500+,1073,"[1k,5k)",803,250+,748,730+,0,1,2,1177,2.0,0,1,10,449,3,4,2,1.0,0.0,0.0,0.0,0.0,0.0
19650,full_active,0,-124,1,1487,500+,548,"[100,1k)",455,250+,678,366-730,0,6,24,780,1.0,0,1,34,201,4,2,0,1.0,0.0,0.0,0.0,0.0,0.0
19662,full_active,0,1,1,158,"(150,250]",5,"[1,10)",5,"[5,30)",262,181-365,1,2,2,1160,4.0,0,0,19,48,1,3,2,1.0,0.0,0.0,0.0,0.0,0.0
19666,full_active,0,-124,1,454,"(250,500]",62,"[10,100)",28,"[5,30)",1686,730+,1,4,10,268,2.0,0,0,31,42,6,4,0,1.0,0.0,0.0,0.0,0.0,0.0
19672,full_active,0,1,1,7,"(0,10]",114,"[100,1k)",2,"[1,5)",2381,730+,1,2,33,956,2.0,0,0,7,138,1,3,0,0.0,0.0,0.0,0.0,0.0,0.0
19673,full_active,0,1,1,4,"(0,10]",61,"[10,100)",2,"[1,5)",2643,730+,0,2,2,1162,8.0,0,1,32,33,2,2,2,1.0,0.0,0.0,0.0,0.0,0.0
19677,full_active,0,-124,0,197,"(150,250]",1,"[1,10)",1,"[1,5)",590,366-730,0,1,31,378,3.0,0,1,2,399,4,2,0,1.0,0.0,0.0,0.0,0.0,0.0
19681,full_active,0,-124,1,225,"(150,250]",18,"[10,100)",12,"[5,30)",850,730+,1,1,19,568,0.0,0,1,20,218,5,3,0,1.0,0.0,0.0,0.0,0.0,0.0
19682,full_active,0,-124,1,142,"(100,150]",51,"[10,100)",35,"[30,60)",1933,730+,0,5,10,662,1.0,0,0,26,408,6,0,0,0.0,0.0,0.0,0.0,0.0,0.0
19685,full_active,0,-124,0,66,"(50,100]",14,"[10,100)",4,"[1,5)",1627,730+,1,3,29,880,1.0,0,0,14,62,1,4,0,1.0,0.0,0.0,0.0,0.0,0.0
19686,full_active,0,-124,1,583,500+,354,"[100,1k)",160,"[120,250)",1733,730+,0,6,19,594,1.0,0,0,13,390,3,3,0,1.0,1.0,0.0,0.0,0.0,0.0
19692,middle_active,0,-124,1,32,"(10,50]",47,"[10,100)",4,"[1,5)",874,730+,0,1,2,1141,4.0,0,0,13,183,6,3,1,0.0,0.0,0.0,0.0,0.0,0.0
19696,full_active,0,-124,1,51,"(50,100]",16,"[10,100)",1,"[1,5)",2758,730+,0,2,2,1166,8.0,0,0,24,433,6,2,2,1.0,0.0,0.0,0.0,0.0,0.0
19703,high_active,0,-124,1,741,500+,615,"[100,1k)",45,"[30,60)",1241,730+,0,1,31,736,0.0,0,0,13,392,6,3,0,0.0,0.0,0.0,0.0,0.0,0.0
19705,full_active,0,-124,1,208,"(150,250]",210,"[100,1k)",204,"[120,250)",91,91-180,1,4,29,906,1.0,0,0,22,239,1,4,0,,,,,,
19707,high_active,0,-124,0,103,"(100,150]",12,"[10,100)",9,"[5,30)",1612,730+,0,5,19,594,1.0,0,0,24,264,4,3,0,1.0,0.0,0.0,0.0,0.0,0.0
19711,full_active,0,-124,1,102,"(100,150]",18,"[10,100)",0,0,1611,730+,1,1,29,933,2.0,0,0,33,41,3,3,0,0.0,0.0,0.0,0.0,1.0,0.0
19712,full_active,0,-124,1,26,"(10,50]",9,"[1,10)",2,"[1,5)",24,15-30,0,4,2,1159,3.0,0,0,13,67,6,0,2,1.0,0.0,0.0,0.0,0.0,0.0
19718,full_active,0,1,1,2628,500+,5563,"[5k,1w)",2527,250+,1123,730+,0,1,2,1160,4.0,0,1,44,338,5,0,2,1.0,0.0,0.0,0.0,0.0,0.0
19722,middle_active,0,-124,1,111,"(100,150]",19,"[10,100)",11,"[5,30)",1048,730+,1,2,10,201,0.0,0,0,30,150,1,4,0,0.0,0.0,0.0,0.0,0.0,0.0
19726,high_active,0,1,1,568,500+,908,"[100,1k)",535,250+,1094,730+,0,1,2,1159,3.0,0,0,13,330,5,3,2,0.0,0.0,0.0,0.0,0.0,0.0
19727,full_active,0,1,1,86,"(50,100]",2620,"[1k,5k)",82,"[60,120)",1067,730+,0,2,2,1157,4.0,0,0,42,112,1,3,2,1.0,0.0,0.0,0.0,0.0,0.0
19728,full_active,0,-124,1,50,"(10,50]",16,"[10,100)",5,"[5,30)",1924,730+,0,3,2,1158,7.0,0,0,24,403,1,3,2,1.0,0.0,0.0,0.0,0.0,0.0
19736,full_active,0,-124,1,76,"(50,100]",172,"[100,1k)",73,"[60,120)",1185,730+,0,1,2,1159,4.0,0,1,21,34,6,3,2,0.0,0.0,0.0,0.0,0.0,0.0
19747,high_active,0,1,1,57,"(50,100]",100,"[100,1k)",22,"[5,30)",2366,730+,1,3,2,1166,8.0,0,1,8,314,5,3,2,1.0,0.0,0.0,0.0,0.0,0.0
19762,full_active,0,1,1,211,"(150,250]",647,"[100,1k)",206,"[120,250)",1366,730+,0,2,29,943,0.0,0,0,15,394,4,3,0,1.0,0.0,1.0,0.0,0.0,0.0
19770,full_active,0,-124,1,98,"(50,100]",105,"[100,1k)",89,"[60,120)",669,366-730,0,1,10,453,3.0,0,0,13,117,6,0,0,1.0,0.0,0.0,0.0,0.0,0.0
19783,full_active,0,-124,1,1546,500+,391,"[100,1k)",176,"[120,250)",1660,730+,0,3,19,520,0.0,0,0,24,359,1,3,0,1.0,0.0,0.0,0.0,0.0,0.0
19791,full_active,0,1,1,902,500+,396,"[100,1k)",290,250+,1691,730+,0,5,10,272,3.0,0,0,33,134,3,0,2,1.0,0.0,0.0,0.0,0.0,0.0
19824,full_active,0,-124,1,132,"(100,150]",4,"[1,10)",0,0,1810,730+,0,4,2,1171,5.0,0,1,44,291,6,3,2,1.0,0.0,0.0,0.0,0.0,0.0
19842,high_active,0,-124,1,157,"(150,250]",17,"[10,100)",0,0,1324,730+,1,5,10,274,1.0,0,1,10,373,5,3,0,1.0,1.0,1.0,0.0,0.0,0.0
19847,full_active,0,-124,0,90,"(50,100]",5,"[1,10)",2,"[1,5)",776,730+,1,4,10,474,6.0,0,0,19,110,1,3,0,1.0,1.0,1.0,0.0,0.0,0.0
19852,high_active,0,1,0,279,"(250,500]",45,"[10,100)",13,"[5,30)",2487,730+,1,6,29,911,1.0,0,0,24,403,1,3,0,1.0,0.0,0.0,0.0,0.0,0.0
19854,full_active,0,-124,0,63,"(50,100]",7,"[1,10)",5,"[5,30)",1551,730+,0,5,31,422,2.0,0,0,14,116,5,3,0,1.0,0.0,0.0,0.0,0.0,0.0
19865,high_active,0,-124,1,523,500+,33,"[10,100)",10,"[5,30)",2183,730+,1,2,29,972,1.0,0,1,43,232,3,3,0,1.0,0.0,0.0,0.0,0.0,0.0
19867,high_active,0,-124,1,17,"(10,50]",44,"[10,100)",17,"[5,30)",598,366-730,0,2,29,936,1.0,27,2,48,61,0,0,0,0.0,0.0,0.0,0.0,0.0,0.0
19869,high_active,0,-124,1,43,"(10,50]",9,"[1,10)",3,"[1,5)",1110,730+,1,5,29,1403,3.0,0,0,24,403,1,3,0,1.0,0.0,0.0,0.0,0.0,0.0
19873,full_active,0,1,1,695,500+,1057,"[1k,5k)",654,250+,1386,730+,0,2,10,77,1.0,0,1,18,362,6,3,0,1.0,0.0,0.0,0.0,0.0,0.0
19877,full_active,0,-124,1,113,"(100,150]",10,"[10,100)",7,"[5,30)",130,91-180,0,0,29,1446,1.0,0,1,18,256,3,0,0,0.0,0.0,0.0,0.0,0.0,0.0
19878,full_active,0,-124,1,171,"(150,250]",37,"[10,100)",7,"[5,30)",1442,730+,1,2,29,1320,1.0,0,0,15,109,3,2,0,1.0,1.0,0.0,0.0,0.0,0.0
19879,full_active,0,-124,1,105,"(100,150]",144,"[100,1k)",56,"[30,60)",1148,730+,1,5,48,698,1.0,0,1,34,80,1,3,0,0.0,0.0,0.0,0.0,0.0,0.0
19880,high_active,0,-124,1,0,0,0,0,0,0,902,730+,1,2,10,718,1.0,0,0,15,394,4,2,0,0.0,0.0,0.0,0.0,0.0,0.0
19894,full_active,0,1,1,190,"(150,250]",76,"[10,100)",48,"[30,60)",1778,730+,1,3,10,205,2.0,0,1,39,207,3,2,0,1.0,0.0,0.0,0.0,0.0,0.0
19900,full_active,0,1,1,2127,500+,1784,"[1k,5k)",18,"[5,30)",2568,730+,0,3,10,178,3.0,0,1,44,238,4,2,0,1.0,0.0,1.0,0.0,0.0,0.0
19902,high_active,0,1,1,126,"(100,150]",31,"[10,100)",7,"[5,30)",1696,730+,1,2,2,1165,6.0,0,1,20,218,5,2,2,0.0,0.0,0.0,0.0,0.0,0.0
19905,full_active,0,-124,1,178,"(150,250]",30,"[10,100)",6,"[5,30)",1568,730+,1,5,10,172,1.0,0,0,24,264,4,2,0,1.0,1.0,0.0,0.0,0.0,0.0
19906,high_active,0,-124,0,25,"(10,50]",2,"[1,10)",0,0,272,181-365,1,4,19,642,1.0,0,1,0,285,3,0,0,1.0,0.0,0.0,0.0,0.0,0.0
19910,high_active,0,-124,1,360,"(250,500]",531,"[100,1k)",317,250+,105,91-180,0,1,28,992,,0,1,8,288,6,3,0,0.0,0.0,0.0,0.0,0.0,0.0
19912,full_active,0,-124,1,502,500+,557,"[100,1k)",327,250+,1190,730+,0,6,19,632,0.0,0,1,44,121,5,4,0,1.0,0.0,0.0,0.0,0.0,0.0
19916,full_active,0,1,1,268,"(250,500]",26,"[10,100)",18,"[5,30)",347,181-365,0,4,9,715,3.0,0,0,22,186,3,2,0,1.0,0.0,0.0,0.0,0.0,0.0
19919,high_active,0,-124,1,362,"(250,500]",9,"[1,10)",1,"[1,5)",1520,730+,1,4,48,682,1.0,0,1,21,377,6,3,1,1.0,0.0,1.0,0.0,0.0,0.0
19921,middle_active,0,-124,1,430,"(250,500]",15,"[10,100)",13,"[5,30)",1723,730+,1,4,9,478,2.0,0,1,18,413,4,0,0,1.0,0.0,0.0,0.0,0.0,0.0
19927,full_active,0,-124,0,78,"(50,100]",14,"[10,100)",1,"[1,5)",836,730+,1,6,10,464,2.0,0,0,13,183,6,2,0,1.0,0.0,0.0,0.0,0.0,0.0
19930,full_active,0,-124,0,59,"(50,100]",7,"[1,10)",7,"[5,30)",1404,730+,1,2,19,655,1.0,0,0,15,69,6,3,0,1.0,0.0,0.0,0.0,0.0,0.0
19933,middle_active,0,-124,0,6,"(0,10]",0,0,0,0,343,181-365,1,4,19,618,3.0,0,1,8,181,2,0,0,1.0,0.0,0.0,0.0,0.0,0.0
19939,2_14_day_new,0,-124,1,94,"(50,100]",129,"[100,1k)",92,"[60,120)",1118,730+,0,1,19,641,1.0,0,1,12,35,1,3,0,1.0,0.0,0.0,0.0,0.0,0.0
19941,full_active,0,-124,1,31,"(10,50]",8,"[1,10)",6,"[5,30)",42,31-60,0,4,10,178,3.0,0,0,13,333,6,2,0,1.0,0.0,0.0,0.0,0.0,0.0
19942,full_active,0,-124,1,289,"(250,500]",584,"[100,1k)",283,250+,1808,730+,0,2,19,606,1.0,0,1,34,86,3,3,0,1.0,0.0,0.0,0.0,0.0,0.0
19950,full_active,0,-124,0,1,"(0,10]",0,0,0,0,293,181-365,1,4,2,1170,5.0,0,1,18,413,4,2,2,1.0,0.0,0.0,0.0,0.0,0.0
19955,full_active,0,1,1,129,"(100,150]",369,"[100,1k)",96,"[60,120)",1992,730+,1,4,10,320,6.0,0,0,30,251,3,3,0,,,,,,
19967,full_active,0,-124,1,223,"(150,250]",182,"[100,1k)",134,"[120,250)",1560,730+,1,4,29,880,1.0,0,0,7,323,1,4,0,1.0,0.0,1.0,0.0,0.0,0.0
19968,full_active,0,-124,1,175,"(150,250]",2,"[1,10)",1,"[1,5)",1612,730+,1,4,31,369,1.0,0,1,9,88,5,2,0,1.0,0.0,1.0,0.0,0.0,0.0
19970,full_active,0,1,1,69,"(50,100]",61,"[10,100)",39,"[30,60)",836,730+,1,2,10,129,2.0,0,0,42,120,1,3,0,1.0,0.0,0.0,0.0,0.0,0.0
19971,2_14_day_new,0,-124,1,128,"(100,150]",3,"[1,10)",1,"[1,5)",1911,730+,1,4,10,177,2.0,0,0,15,118,6,4,0,1.0,0.0,0.0,0.0,0.0,0.0
19978,high_active,0,-124,1,330,"(250,500]",162,"[100,1k)",112,"[60,120)",1615,730+,0,3,19,530,1.0,0,1,34,80,1,3,0,1.0,0.0,0.0,0.0,0.0,0.0
19991,full_active,0,-124,1,659,500+,1236,"[1k,5k)",434,250+,1007,730+,0,5,31,382,3.0,0,0,7,40,1,3,0,1.0,0.0,0.0,0.0,0.0,0.0
20004,full_active,0,-124,1,47,"(10,50]",70,"[10,100)",43,"[30,60)",2142,730+,1,2,2,1160,4.0,0,1,32,33,2,2,2,1.0,0.0,0.0,0.0,0.0,0.0
20006,high_active,0,-124,1,569,500+,43,"[10,100)",23,"[5,30)",1147,730+,1,4,2,1178,3.0,0,0,13,183,6,3,2,1.0,0.0,0.0,0.0,0.0,0.0
20008,full_active,0,-124,1,6,"(0,10]",14,"[10,100)",6,"[5,30)",52,31-60,1,2,19,605,1.0,0,1,9,88,5,2,0,0.0,0.0,0.0,0.0,0.0,0.0
20012,full_active,0,-124,1,1310,500+,1455,"[1k,5k)",1088,250+,169,91-180,0,1,31,419,1.0,0,1,2,399,4,2,0,1.0,0.0,0.0,0.0,0.0,0.0
20029,high_active,0,-124,0,340,"(250,500]",4,"[1,10)",0,0,495,366-730,1,4,10,320,6.0,0,1,20,348,4,3,0,1.0,1.0,0.0,0.0,0.0,1.0
20041,full_active,0,-124,1,154,"(150,250]",101,"[100,1k)",91,"[60,120)",312,181-365,0,1,29,906,1.0,0,1,2,399,4,2,0,1.0,0.0,1.0,0.0,0.0,0.0
20043,middle_active,0,-124,1,114,"(100,150]",311,"[100,1k)",112,"[60,120)",1772,730+,1,1,19,597,2.0,0,1,43,232,3,3,0,0.0,0.0,0.0,0.0,0.0,0.0
20045,full_active,0,1,1,347,"(250,500]",717,"[100,1k)",221,"[120,250)",1942,730+,0,2,2,1171,5.0,0,0,14,62,1,3,2,1.0,0.0,0.0,0.0,0.0,0.0
20048,high_active,0,-124,1,44,"(10,50]",0,0,0,0,274,181-365,0,4,48,686,1.0,0,0,15,69,6,3,0,1.0,0.0,0.0,0.0,0.0,0.0
20051,full_active,0,1,1,172,"(150,250]",106,"[100,1k)",10,"[5,30)",1222,730+,0,4,28,993,,0,1,20,191,5,3,0,1.0,0.0,0.0,0.0,0.0,0.0
20052,full_active,0,-124,1,664,500+,1025,"[1k,5k)",661,250+,1753,730+,0,1,2,1165,6.0,0,0,38,139,4,2,2,1.0,0.0,0.0,0.0,0.0,0.0
20059,full_active,0,-124,1,1634,500+,594,"[100,1k)",164,"[120,250)",1030,730+,1,4,29,906,1.0,0,0,30,185,1,3,0,1.0,0.0,0.0,0.0,0.0,0.0
20075,full_active,0,-124,1,220,"(150,250]",9,"[1,10)",1,"[1,5)",1449,730+,1,6,29,908,1.0,0,0,19,110,1,2,0,1.0,0.0,0.0,0.0,0.0,0.0
20076,full_active,0,-124,1,110,"(100,150]",24,"[10,100)",4,"[1,5)",1341,730+,1,5,29,918,1.0,0,0,31,343,3,3,0,0.0,1.0,0.0,0.0,0.0,0.0
20086,full_active,0,-124,1,4999,500+,4707,"[1k,5k)",4103,250+,1197,730+,0,4,19,568,0.0,0,0,31,296,3,3,0,1.0,0.0,0.0,0.0,0.0,0.0
20089,full_active,0,-124,0,14,"(10,50]",0,0,0,0,68,61-90,1,1,2,1160,4.0,0,1,2,399,4,2,2,0.0,0.0,0.0,0.0,0.0,0.0
20092,full_active,0,-124,1,1368,500+,1168,"[1k,5k)",393,250+,1439,730+,0,4,19,633,2.0,0,0,24,236,1,3,0,0.0,0.0,0.0,0.0,0.0,0.0
20094,full_active,0,1,1,119,"(100,150]",295,"[100,1k)",104,"[60,120)",1672,730+,0,6,29,953,2.0,0,0,31,299,6,2,0,1.0,0.0,0.0,0.0,0.0,0.0
20099,middle_active,0,-124,1,1005,500+,138,"[100,1k)",105,"[60,120)",2158,730+,1,4,19,520,0.0,0,0,24,235,1,3,0,0.0,0.0,0.0,0.0,0.0,0.0
20100,middle_active,0,-124,1,310,"(250,500]",90,"[10,100)",80,"[60,120)",1371,730+,1,4,29,900,1.0,0,1,9,324,3,3,0,1.0,0.0,0.0,0.0,0.0,1.0
20105,full_active,0,-124,1,233,"(150,250]",481,"[100,1k)",227,"[120,250)",1409,730+,1,1,31,363,0.0,0,1,8,181,2,2,0,1.0,0.0,0.0,0.0,0.0,0.0
20119,2_14_day_new,0,-124,1,975,500+,513,"[100,1k)",301,250+,84,61-90,0,2,19,659,1.0,0,1,44,238,4,2,0,1.0,0.0,0.0,0.0,0.0,0.0
20123,2_14_day_new,0,-124,1,18,"(10,50]",5,"[1,10)",5,"[5,30)",1113,730+,0,2,2,1156,4.0,0,1,9,268,1,3,2,1.0,0.0,0.0,0.0,0.0,0.0
20124,full_active,0,-124,1,789,500+,32,"[10,100)",20,"[5,30)",457,366-730,0,4,10,242,1.0,0,0,13,183,6,0,0,1.0,0.0,0.0,0.0,0.0,0.0
20125,full_active,0,-124,1,90,"(50,100]",79,"[10,100)",79,"[60,120)",1128,730+,0,1,2,1160,4.0,0,1,10,373,5,3,2,1.0,0.0,0.0,0.0,0.0,0.0
20131,full_active,0,1,1,12,"(10,50]",113,"[100,1k)",0,0,1657,730+,0,4,19,602,2.0,0,0,13,67,6,3,0,0.0,0.0,0.0,0.0,0.0,0.0
20132,full_active,0,-124,1,433,"(250,500]",38,"[10,100)",17,"[5,30)",674,366-730,1,1,2,1167,9.0,0,1,17,365,6,2,2,1.0,0.0,0.0,0.0,0.0,0.0
20140,high_active,0,-124,1,128,"(100,150]",151,"[100,1k)",46,"[30,60)",995,730+,0,1,30,948,2.0,0,1,8,301,6,2,0,0.0,0.0,1.0,0.0,0.0,0.0
20141,high_active,0,-124,1,6,"(0,10]",1,"[1,10)",0,0,1619,730+,0,2,2,1169,8.0,0,1,44,338,5,0,2,1.0,0.0,0.0,0.0,0.0,0.0
20162,full_active,0,-124,1,66,"(50,100]",104,"[100,1k)",50,"[30,60)",842,730+,0,1,31,461,1.0,0,1,21,356,1,0,0,1.0,0.0,0.0,0.0,0.0,0.0
20164,full_active,0,-124,1,183,"(150,250]",13,"[10,100)",6,"[5,30)",1793,730+,0,4,28,260,,0,1,20,348,4,0,0,1.0,0.0,0.0,0.0,0.0,0.0
20170,high_active,0,-124,1,160,"(150,250]",21,"[10,100)",3,"[1,5)",2081,730+,1,4,19,611,1.0,0,0,15,441,1,3,0,1.0,0.0,0.0,0.0,0.0,0.0
20172,full_active,0,-124,1,826,500+,347,"[100,1k)",328,250+,914,730+,0,6,31,422,2.0,0,0,42,50,6,2,0,1.0,0.0,0.0,0.0,0.0,0.0
20180,high_active,0,-124,1,77,"(50,100]",65,"[10,100)",44,"[30,60)",789,730+,0,1,2,1177,2.0,0,0,13,183,6,4,2,1.0,0.0,0.0,0.0,0.0,0.0
20182,full_active,0,-124,1,173,"(150,250]",53,"[10,100)",9,"[5,30)",2055,730+,0,4,10,844,1.0,0,0,24,327,3,3,0,1.0,0.0,0.0,0.0,0.0,0.0
20183,middle_active,0,-124,1,19,"(10,50]",15,"[10,100)",12,"[5,30)",555,366-730,0,1,29,917,0.0,0,1,43,226,1,3,0,1.0,0.0,0.0,0.0,0.0,0.0
20197,full_active,0,-124,1,31,"(10,50]",15,"[10,100)",10,"[5,30)",1179,730+,1,2,19,595,1.0,0,0,42,72,1,0,0,1.0,0.0,0.0,0.0,0.0,0.0
20208,full_active,0,1,1,888,500+,952,"[100,1k)",79,"[60,120)",2552,730+,1,3,10,230,1.0,0,1,43,136,3,2,2,1.0,0.0,0.0,0.0,0.0,0.0
20210,high_active,0,-124,1,74,"(50,100]",166,"[100,1k)",74,"[60,120)",467,366-730,0,1,19,640,1.0,0,1,8,294,6,3,0,1.0,0.0,0.0,0.0,0.0,0.0
20231,full_active,0,1,1,913,500+,2854,"[1k,5k)",907,250+,555,366-730,1,6,29,923,2.0,0,0,14,135,6,3,0,1.0,0.0,0.0,0.0,0.0,0.0
20232,full_active,0,-124,0,28,"(10,50]",3,"[1,10)",2,"[1,5)",961,730+,0,1,29,920,1.0,0,0,15,304,1,2,0,1.0,1.0,0.0,0.0,0.0,0.0
20236,full_active,0,1,1,236,"(150,250]",38,"[10,100)",2,"[1,5)",1334,730+,1,4,2,1158,7.0,0,0,38,139,4,2,2,0.0,0.0,0.0,0.0,0.0,0.0
20239,high_active,0,-124,0,29,"(10,50]",3,"[1,10)",3,"[1,5)",92,91-180,1,1,22,371,1.0,0,0,7,182,1,3,0,1.0,0.0,0.0,0.0,0.0,0.0
20256,full_active,0,-124,1,46,"(10,50]",57,"[10,100)",31,"[30,60)",869,730+,0,2,29,1351,1.0,0,1,8,181,2,4,0,1.0,0.0,0.0,0.0,0.0,0.0
20257,full_active,0,1,1,43,"(10,50]",48,"[10,100)",3,"[1,5)",2506,730+,1,3,29,932,2.0,0,1,44,338,5,2,0,1.0,0.0,1.0,0.0,1.0,0.0
20260,full_active,0,-124,1,5,"(0,10]",250,"[100,1k)",5,"[5,30)",995,730+,1,5,2,1167,9.0,0,1,5,31,6,2,2,0.0,0.0,0.0,0.0,1.0,0.0
20262,full_active,0,-124,1,127,"(100,150]",166,"[100,1k)",115,"[60,120)",825,730+,0,1,19,510,1.0,0,1,8,419,3,2,2,1.0,0.0,0.0,0.0,0.0,0.0
20266,full_active,0,-124,1,5,"(0,10]",7,"[1,10)",3,"[1,5)",1937,730+,1,2,31,376,2.0,0,1,9,88,5,2,0,1.0,0.0,1.0,0.0,0.0,0.0
20271,full_active,0,-124,1,21,"(10,50]",44,"[10,100)",12,"[5,30)",594,366-730,1,0,29,1445,0.0,0,0,13,333,6,3,0,0.0,1.0,0.0,0.0,0.0,0.0
20272,full_active,0,-124,1,174,"(150,250]",2,"[1,10)",0,0,1658,730+,1,3,9,715,3.0,0,0,14,96,1,0,0,1.0,0.0,0.0,1.0,0.0,0.0
20273,full_active,0,-124,1,190,"(150,250]",22,"[10,100)",4,"[1,5)",506,366-730,1,4,19,644,3.0,0,0,31,299,6,2,0,1.0,0.0,0.0,0.0,0.0,0.0
20279,full_active,0,-124,1,512,500+,40,"[10,100)",15,"[5,30)",1742,730+,1,4,2,1202,4.0,0,0,13,117,6,0,2,1.0,0.0,0.0,0.0,0.0,0.0
20287,single_low_active,0,-124,1,190,"(150,250]",58,"[10,100)",18,"[5,30)",974,730+,0,3,10,442,0.0,0,0,26,108,1,3,0,0.0,0.0,0.0,0.0,0.0,1.0
20289,high_active,0,-124,1,36,"(10,50]",24,"[10,100)",3,"[1,5)",129,91-180,1,1,29,950,1.0,0,0,13,188,3,3,0,1.0,0.0,0.0,0.0,0.0,0.0
20303,full_active,0,-124,1,33,"(10,50]",126,"[100,1k)",12,"[5,30)",1400,730+,1,2,29,895,2.0,0,1,8,181,2,2,0,0.0,0.0,0.0,0.0,0.0,0.0
20304,full_active,0,-124,0,2012,500+,35,"[10,100)",9,"[5,30)",793,730+,1,4,19,583,1.0,0,0,31,271,6,3,0,0.0,0.0,0.0,0.0,0.0,0.0
20322,middle_active,0,1,1,322,"(250,500]",40,"[10,100)",4,"[1,5)",1631,730+,0,4,2,1175,1.0,0,0,15,394,4,2,2,1.0,0.0,0.0,0.0,0.0,0.0
20342,full_active,0,-124,1,414,"(250,500]",883,"[100,1k)",266,250+,1348,730+,0,2,29,958,1.0,0,1,0,417,6,3,0,1.0,0.0,0.0,0.0,0.0,0.0
20345,high_active,0,-124,1,147,"(100,150]",19,"[10,100)",10,"[5,30)",2216,730+,0,2,2,1163,2.0,0,0,31,275,5,0,2,1.0,0.0,0.0,0.0,0.0,0.0
20349,full_active,0,1,1,506,500+,444,"[100,1k)",328,250+,1895,730+,1,5,10,271,3.0,0,0,28,280,1,3,0,1.0,0.0,0.0,0.0,0.0,0.0
20363,low_active,0,-124,0,1,"(0,10]",0,0,0,0,1088,730+,1,1,2,1180,2.0,0,1,10,449,3,3,2,0.0,0.0,0.0,0.0,0.0,0.0
20365,day_new,0,1,1,259,"(250,500]",54,"[10,100)",8,"[5,30)",1659,730+,1,2,19,594,1.0,0,1,8,344,6,2,0,1.0,0.0,0.0,0.0,0.0,0.0
20368,full_active,0,-124,1,80,"(50,100]",163,"[100,1k)",60,"[60,120)",2464,730+,1,2,2,1158,7.0,0,1,34,52,3,4,2,1.0,0.0,0.0,0.0,0.0,0.0
20372,full_active,0,-124,1,64,"(50,100]",0,0,0,0,817,730+,1,1,10,96,2.0,0,0,31,42,6,2,0,0.0,0.0,0.0,0.0,0.0,0.0
20377,full_active,0,1,1,465,"(250,500]",96,"[10,100)",55,"[30,60)",2355,730+,1,4,19,607,2.0,0,0,1,82,2,3,0,1.0,0.0,0.0,0.0,0.0,0.0
20378,full_active,0,-124,1,214,"(150,250]",24,"[10,100)",13,"[5,30)",202,181-365,1,0,29,882,1.0,0,0,15,109,3,3,0,0.0,0.0,0.0,0.0,0.0,0.0
20385,middle_active,0,-124,1,237,"(150,250]",21,"[10,100)",2,"[1,5)",628,366-730,0,1,10,669,0.0,0,0,15,214,6,3,0,,,,,,
20388,full_active,0,-124,0,142,"(100,150]",3,"[1,10)",1,"[1,5)",461,366-730,1,4,29,1340,1.0,0,0,19,111,6,0,0,1.0,0.0,0.0,0.0,0.0,0.0
20389,middle_active,0,-124,1,905,500+,12,"[10,100)",4,"[1,5)",214,181-365,1,4,2,1152,4.0,0,0,31,275,5,2,1,0.0,0.0,0.0,0.0,0.0,0.0
20391,high_active,0,-124,1,285,"(250,500]",129,"[100,1k)",29,"[5,30)",994,730+,1,6,29,1348,0.0,0,0,28,278,1,4,0,0.0,0.0,0.0,0.0,0.0,0.0
20401,middle_active,0,-124,1,20,"(10,50]",45,"[10,100)",18,"[5,30)",230,181-365,0,1,2,1175,2.0,0,1,12,316,1,3,0,1.0,0.0,0.0,0.0,0.0,0.0
20409,full_active,0,-124,1,920,500+,44,"[10,100)",28,"[5,30)",1103,730+,0,3,19,641,1.0,0,1,44,289,5,2,0,0.0,0.0,0.0,0.0,0.0,0.0
20414,full_active,0,-124,1,565,500+,284,"[100,1k)",143,"[120,250)",313,181-365,1,1,33,956,2.0,0,1,21,91,5,4,0,1.0,0.0,1.0,0.0,1.0,0.0
20424,high_active,0,-124,0,53,"(50,100]",7,"[1,10)",1,"[1,5)",855,730+,0,0,28,46,,0,0,7,122,1,2,0,1.0,0.0,0.0,0.0,0.0,0.0
20425,full_active,0,-124,0,15,"(10,50]",1,"[1,10)",0,0,212,181-365,0,3,2,1165,6.0,0,1,18,413,4,0,2,1.0,0.0,0.0,0.0,0.0,0.0
20426,full_active,0,1,1,1684,500+,833,"[100,1k)",468,250+,1618,730+,1,3,29,949,1.0,0,1,8,288,6,3,0,1.0,0.0,1.0,0.0,0.0,0.0
20441,full_active,0,1,1,224,"(150,250]",138,"[100,1k)",54,"[30,60)",1420,730+,0,2,2,1165,6.0,0,0,15,178,3,3,2,1.0,0.0,0.0,0.0,0.0,0.0
20442,high_active,0,-124,1,17,"(10,50]",15,"[10,100)",4,"[1,5)",413,366-730,1,1,2,1159,3.0,0,1,21,103,3,3,2,0.0,0.0,0.0,0.0,0.0,0.0
20445,full_active,0,-124,0,329,"(250,500]",5,"[1,10)",2,"[1,5)",327,181-365,0,1,2,1159,3.0,11,2,64,28,0,0,2,,,,,,
20449,low_active,0,-124,0,15,"(10,50]",0,0,0,0,706,366-730,1,4,10,262,0.0,0,0,30,158,3,3,0,1.0,0.0,0.0,0.0,0.0,0.0
20450,full_active,0,-124,1,3,"(0,10]",31,"[10,100)",2,"[1,5)",2032,730+,0,2,2,1160,4.0,0,1,9,243,6,2,2,1.0,0.0,0.0,0.0,0.0,0.0
20458,full_active,0,-124,1,327,"(250,500]",419,"[100,1k)",280,250+,1173,730+,0,4,29,1338,0.0,0,1,43,336,3,4,0,,,,,,
20464,full_active,0,-124,0,9,"(0,10]",1,"[1,10)",0,0,1004,730+,0,3,29,977,3.0,0,0,22,386,1,2,0,1.0,0.0,1.0,0.0,0.0,0.0
20465,2_14_day_new,0,-124,1,135,"(100,150]",33,"[10,100)",14,"[5,30)",1028,730+,1,5,10,79,0.0,0,0,13,67,6,3,0,1.0,0.0,0.0,0.0,0.0,0.0
20466,high_active,0,-124,1,265,"(250,500]",39,"[10,100)",10,"[5,30)",1608,730+,0,5,29,1399,1.0,0,1,34,201,4,2,0,1.0,0.0,0.0,0.0,0.0,0.0
20471,middle_active,0,-124,0,44,"(10,50]",1,"[1,10)",1,"[1,5)",192,181-365,1,1,19,633,2.0,0,1,43,68,3,0,0,1.0,0.0,1.0,0.0,0.0,0.0
20482,full_active,0,-124,1,182,"(150,250]",25,"[10,100)",12,"[5,30)",1624,730+,0,4,19,628,1.0,0,0,24,264,4,2,0,0.0,1.0,1.0,0.0,0.0,0.0
20483,full_active,0,1,1,84,"(50,100]",98,"[10,100)",34,"[30,60)",1531,730+,0,3,19,625,2.0,0,1,43,221,4,2,0,1.0,0.0,1.0,0.0,0.0,0.0
20484,full_active,0,-124,1,56,"(50,100]",13,"[10,100)",10,"[5,30)",240,181-365,1,1,2,1160,4.0,0,0,15,187,3,4,2,1.0,1.0,0.0,0.0,0.0,0.0
20487,full_active,0,-124,1,18,"(10,50]",49,"[10,100)",10,"[5,30)",1851,730+,1,4,19,551,2.0,0,0,13,390,3,3,0,0.0,1.0,0.0,0.0,0.0,0.0
20489,full_active,0,-124,1,171,"(150,250]",8,"[1,10)",1,"[1,5)",1826,730+,0,3,29,1302,1.0,0,1,17,447,3,2,0,1.0,0.0,0.0,0.0,0.0,0.0
20491,full_active,0,-124,1,370,"(250,500]",179,"[100,1k)",179,"[120,250)",448,366-730,0,4,10,243,0.0,0,1,5,270,5,0,0,1.0,0.0,0.0,0.0,0.0,0.0
20492,high_active,0,-124,1,79,"(50,100]",144,"[100,1k)",76,"[60,120)",1599,730+,1,1,2,1167,9.0,0,1,20,85,4,2,2,1.0,0.0,0.0,0.0,0.0,0.0
20497,full_active,0,-124,0,275,"(250,500]",1,"[1,10)",0,0,402,366-730,0,4,29,955,3.0,0,1,43,136,3,3,0,1.0,0.0,0.0,0.0,0.0,0.0
20498,2_14_day_new,0,-124,1,418,"(250,500]",3,"[1,10)",0,0,2702,730+,1,3,2,1165,6.0,0,1,18,413,4,2,2,1.0,0.0,0.0,0.0,0.0,0.0
20502,middle_active,0,1,1,133,"(100,150]",128,"[100,1k)",93,"[60,120)",548,366-730,1,2,2,1159,3.0,0,1,18,413,4,2,2,0.0,0.0,0.0,0.0,0.0,0.0
20504,full_active,0,-124,1,124,"(100,150]",9,"[1,10)",0,0,1357,730+,0,5,10,129,2.0,0,0,1,82,2,2,0,1.0,1.0,0.0,0.0,0.0,0.0
20505,full_active,0,-124,1,236,"(150,250]",430,"[100,1k)",224,"[120,250)",686,366-730,0,1,29,1306,1.0,0,1,0,417,6,3,0,0.0,0.0,0.0,0.0,0.0,0.0
20508,full_active,0,-124,0,103,"(100,150]",1,"[1,10)",1,"[1,5)",59,31-60,1,1,19,578,1.0,0,1,0,360,6,0,0,0.0,0.0,0.0,0.0,0.0,0.0
20509,full_active,0,-124,1,396,"(250,500]",227,"[100,1k)",200,"[120,250)",804,730+,1,5,19,515,0.0,0,0,24,359,1,3,0,1.0,0.0,0.0,0.0,0.0,0.0
20512,high_active,0,-124,1,495,"(250,500]",832,"[100,1k)",477,250+,961,730+,0,1,20,311,2.0,0,0,13,188,3,3,0,1.0,0.0,0.0,0.0,0.0,0.0
20522,full_active,0,-124,0,50,"(10,50]",15,"[10,100)",3,"[1,5)",1178,730+,0,4,2,1153,4.0,0,0,22,412,5,0,2,1.0,0.0,1.0,0.0,0.0,0.0
20525,full_active,0,-124,0,50,"(10,50]",2,"[1,10)",1,"[1,5)",848,730+,1,3,28,658,,0,0,42,120,1,0,0,1.0,0.0,0.0,0.0,0.0,0.0
20531,full_active,0,1,1,340,"(250,500]",67,"[10,100)",36,"[30,60)",1721,730+,1,3,28,139,,0,0,13,267,6,4,0,1.0,0.0,0.0,0.0,0.0,0.0
20532,full_active,0,-124,1,16,"(10,50]",246,"[100,1k)",9,"[5,30)",1781,730+,1,5,29,913,,0,0,33,134,3,2,0,,,,,,
20541,middle_active,0,-124,0,8,"(0,10]",1,"[1,10)",1,"[1,5)",18,15-30,1,1,9,229,1.0,0,0,33,234,1,3,0,1.0,0.0,0.0,0.0,0.0,0.0
20547,full_active,0,-124,1,153,"(150,250]",104,"[100,1k)",45,"[30,60)",2542,730+,0,2,31,740,1.0,0,0,15,394,4,3,0,1.0,0.0,0.0,0.0,0.0,0.0
20551,full_active,0,-124,1,4990,500+,2693,"[1k,5k)",1987,250+,1422,730+,0,5,22,371,1.0,0,0,19,396,3,0,0,1.0,1.0,0.0,0.0,0.0,0.0
20553,full_active,0,-124,1,37,"(10,50]",121,"[100,1k)",35,"[30,60)",1240,730+,1,1,48,683,1.0,0,1,9,310,3,0,0,0.0,0.0,0.0,0.0,0.0,0.0
20557,2_14_day_new,0,-124,1,27,"(10,50]",18,"[10,100)",15,"[5,30)",1636,730+,0,1,2,1179,2.0,0,1,0,417,6,3,2,1.0,0.0,0.0,0.0,0.0,0.0
20571,full_active,0,-124,1,98,"(50,100]",229,"[100,1k)",94,"[60,120)",1769,730+,1,2,2,1160,4.0,0,0,31,271,6,3,2,1.0,0.0,0.0,0.0,0.0,0.0
20575,full_active,0,1,1,2534,500+,121,"[100,1k)",62,"[60,120)",1906,730+,0,4,48,682,1.0,0,0,22,239,1,2,0,0.0,0.0,0.0,0.0,0.0,0.0
20585,full_active,0,-124,1,34,"(10,50]",8,"[1,10)",6,"[5,30)",768,730+,1,1,31,736,0.0,0,1,43,43,1,3,0,1.0,1.0,0.0,0.0,0.0,0.0
20602,full_active,0,-124,1,151,"(150,250]",13,"[10,100)",12,"[5,30)",1839,730+,1,3,10,230,1.0,0,1,20,272,6,2,0,1.0,0.0,0.0,0.0,0.0,0.0
20604,full_active,0,-124,1,84,"(50,100]",24,"[10,100)",13,"[5,30)",1684,730+,1,2,31,368,1.0,0,1,44,147,4,2,0,0.0,0.0,0.0,0.0,0.0,0.0
20606,high_active,0,-124,1,492,"(250,500]",27,"[10,100)",11,"[5,30)",1151,730+,1,5,10,77,1.0,0,0,42,421,1,3,0,0.0,0.0,0.0,0.0,0.0,0.0
20610,full_active,0,-124,1,1298,500+,593,"[100,1k)",304,250+,955,730+,0,2,10,205,2.0,0,0,38,139,4,2,0,0.0,0.0,0.0,0.0,0.0,0.0
20627,high_active,0,1,1,212,"(150,250]",1023,"[1k,5k)",199,"[120,250)",1213,730+,0,1,2,1160,4.0,0,1,12,29,6,3,0,1.0,1.0,0.0,0.0,0.0,0.0
20631,middle_active,0,-124,1,1,"(0,10]",5,"[1,10)",0,0,435,366-730,0,2,2,1211,12.0,0,1,44,238,4,2,2,1.0,0.0,0.0,0.0,0.0,0.0
20634,2_14_day_new,0,-124,1,318,"(250,500]",22,"[10,100)",19,"[5,30)",2023,730+,1,2,28,657,,0,1,43,20,0,0,0,,,,,,
20636,middle_active,0,-124,1,263,"(250,500]",521,"[100,1k)",219,"[120,250)",1898,730+,0,1,19,531,2.0,0,1,10,405,3,4,0,1.0,0.0,0.0,0.0,0.0,0.0
20638,middle_active,0,1,1,3,"(0,10]",7,"[1,10)",1,"[1,5)",1011,730+,1,4,9,296,0.0,0,1,2,399,4,3,0,1.0,0.0,0.0,0.0,0.0,0.0
20642,full_active,0,1,1,107,"(100,150]",153,"[100,1k)",61,"[60,120)",1650,730+,1,4,31,367,0.0,0,0,13,392,6,3,0,0.0,0.0,0.0,0.0,0.0,0.0
20654,middle_active,0,-124,0,89,"(50,100]",6,"[1,10)",3,"[1,5)",1274,730+,0,2,2,1164,5.0,0,1,10,389,6,0,2,1.0,0.0,0.0,0.0,0.0,0.0
20655,full_active,0,1,1,331,"(250,500]",536,"[100,1k)",72,"[60,120)",1951,730+,1,3,10,177,2.0,0,0,7,77,5,3,0,1.0,0.0,0.0,0.0,0.0,0.0
20670,high_active,0,-124,1,25,"(10,50]",8,"[1,10)",8,"[5,30)",273,181-365,1,4,19,625,2.0,0,1,20,348,4,4,0,1.0,0.0,0.0,0.0,0.0,0.0
20674,full_active,0,1,1,116,"(100,150]",74,"[10,100)",37,"[30,60)",1420,730+,1,2,29,906,1.0,0,0,28,278,1,3,0,0.0,0.0,0.0,0.0,1.0,0.0
20677,full_active,0,-124,1,87,"(50,100]",205,"[100,1k)",87,"[60,120)",390,366-730,0,1,2,1159,3.0,0,1,9,88,5,2,2,1.0,0.0,0.0,0.0,0.0,0.0
20678,full_active,0,1,1,480,"(250,500]",3042,"[1k,5k)",445,250+,1208,730+,0,4,19,641,1.0,0,1,10,254,3,3,0,1.0,0.0,0.0,0.0,0.0,0.0
20684,full_active,0,1,1,1,"(0,10]",102,"[100,1k)",0,0,2317,730+,1,2,2,1165,6.0,0,0,28,367,3,2,2,1.0,0.0,0.0,0.0,0.0,0.0
20691,full_active,0,1,1,486,"(250,500]",318,"[100,1k)",181,"[120,250)",1331,730+,0,5,19,573,1.0,0,0,22,104,6,2,0,1.0,1.0,0.0,0.0,0.0,0.0
20692,high_active,0,1,1,20,"(10,50]",8,"[1,10)",5,"[5,30)",699,366-730,1,3,29,1304,3.0,0,0,33,107,1,3,0,1.0,0.0,1.0,1.0,1.0,1.0
20693,full_active,0,-124,1,499,"(250,500]",50,"[10,100)",20,"[5,30)",2069,730+,0,3,19,637,1.0,0,0,13,267,6,3,0,1.0,0.0,0.0,0.0,0.0,0.0
20700,full_active,0,-124,1,72,"(50,100]",6,"[1,10)",2,"[1,5)",445,366-730,1,4,10,205,2.0,0,0,14,116,5,3,0,0.0,0.0,0.0,0.0,0.0,0.0
20703,full_active,0,-124,1,152,"(150,250]",137,"[100,1k)",56,"[30,60)",1567,730+,0,4,2,1165,6.0,0,0,24,416,1,2,2,0.0,0.0,0.0,0.0,0.0,0.0
20705,middle_active,0,-124,1,4998,500+,185,"[100,1k)",151,"[120,250)",569,366-730,0,1,10,230,1.0,0,0,15,187,3,3,0,1.0,0.0,0.0,0.0,0.0,0.0
20711,high_active,0,-124,1,201,"(150,250]",28,"[10,100)",26,"[5,30)",400,366-730,0,0,29,1316,1.0,0,1,5,89,6,3,0,1.0,0.0,0.0,0.0,0.0,0.0
20713,full_active,0,-124,1,112,"(100,150]",311,"[100,1k)",111,"[60,120)",2439,730+,1,2,2,1160,4.0,0,1,10,254,3,4,2,1.0,0.0,0.0,0.0,0.0,0.0
20714,full_active,0,1,1,253,"(250,500]",145,"[100,1k)",59,"[30,60)",2017,730+,0,3,19,634,2.0,0,0,24,359,1,3,0,0.0,0.0,0.0,0.0,0.0,0.0
20717,high_active,0,-124,1,526,500+,423,"[100,1k)",309,250+,1302,730+,1,4,19,641,1.0,0,1,43,136,3,3,0,1.0,0.0,0.0,0.0,0.0,0.0
20722,high_active,0,-124,1,834,500+,1103,"[1k,5k)",814,250+,1532,730+,1,1,29,953,2.0,0,1,20,326,6,3,0,0.0,0.0,0.0,0.0,1.0,0.0
20725,full_active,0,-124,0,2,"(0,10]",0,0,0,0,49,31-60,1,2,2,1159,3.0,0,1,8,64,5,2,2,1.0,0.0,0.0,0.0,0.0,0.0
20727,full_active,0,-124,1,298,"(250,500]",23,"[10,100)",11,"[5,30)",558,366-730,1,0,31,725,0.0,0,1,9,167,1,3,0,0.0,0.0,1.0,0.0,0.0,0.0
20734,full_active,0,1,1,113,"(100,150]",104,"[100,1k)",37,"[30,60)",1704,730+,1,4,29,942,2.0,0,0,19,396,3,4,0,1.0,0.0,0.0,0.0,0.0,0.0
20741,high_active,0,-124,0,83,"(50,100]",6,"[1,10)",2,"[1,5)",1574,730+,1,4,19,632,0.0,0,1,8,287,2,0,0,0.0,0.0,0.0,0.0,0.0,0.0
20750,full_active,0,-124,1,383,"(250,500]",2,"[1,10)",1,"[1,5)",525,366-730,0,1,10,285,1.0,0,0,15,93,6,3,0,0.0,0.0,0.0,0.0,0.0,0.0
20752,full_active,0,-124,0,250,"(150,250]",9,"[1,10)",3,"[1,5)",853,730+,1,6,29,944,1.0,0,0,19,81,6,0,0,,,,,,
20768,high_active,0,-124,1,62,"(50,100]",6,"[1,10)",6,"[5,30)",606,366-730,0,3,31,741,1.0,0,1,43,211,1,3,0,1.0,0.0,0.0,0.0,0.0,0.0
20774,full_active,0,1,1,40,"(10,50]",476,"[100,1k)",21,"[5,30)",724,366-730,0,1,10,287,1.0,0,0,26,124,1,3,0,1.0,0.0,0.0,0.0,0.0,0.0
20776,full_active,0,-124,1,111,"(100,150]",24,"[10,100)",2,"[1,5)",1519,730+,1,1,10,843,0.0,0,1,12,51,1,3,0,0.0,0.0,0.0,0.0,0.0,0.0
20777,full_active,0,1,1,169,"(150,250]",205,"[100,1k)",157,"[120,250)",636,366-730,1,2,33,956,2.0,0,1,5,298,6,3,0,1.0,0.0,1.0,0.0,1.0,0.0
20778,high_active,0,-124,1,12,"(10,50]",13,"[10,100)",9,"[5,30)",225,181-365,0,1,29,890,0.0,0,0,22,379,1,3,0,0.0,0.0,0.0,0.0,0.0,0.0
20780,full_active,0,-124,1,959,500+,0,0,0,0,1007,730+,1,1,10,443,0.0,0,0,13,330,5,4,0,0.0,0.0,0.0,0.0,0.0,0.0
20783,2_14_day_new,0,1,1,1675,500+,548,"[100,1k)",505,250+,1628,730+,1,4,28,139,,0,0,42,115,1,3,0,1.0,0.0,0.0,0.0,0.0,0.0
20785,full_active,0,1,1,18,"(10,50]",18,"[10,100)",2,"[1,5)",1395,730+,0,3,29,958,1.0,0,1,20,286,6,3,0,1.0,0.0,0.0,0.0,0.0,0.0
20787,high_active,0,-124,0,33,"(10,50]",0,0,0,0,265,181-365,0,1,10,96,2.0,0,1,18,413,4,0,0,0.0,0.0,0.0,0.0,0.0,0.0
20794,middle_active,0,-124,1,420,"(250,500]",5,"[1,10)",1,"[1,5)",829,730+,1,2,29,895,2.0,0,1,0,417,6,3,0,0.0,0.0,0.0,0.0,0.0,0.0
20795,low_active,0,-124,0,10,"(0,10]",1,"[1,10)",1,"[1,5)",434,366-730,1,2,2,1160,4.0,0,0,22,412,5,2,2,1.0,0.0,0.0,0.0,0.0,0.0
20802,full_active,0,-124,1,282,"(250,500]",4,"[1,10)",0,0,835,730+,0,4,10,238,3.0,0,0,13,267,6,2,0,1.0,0.0,0.0,0.0,0.0,0.0
20804,full_active,0,-124,1,380,"(250,500]",38,"[10,100)",13,"[5,30)",728,366-730,0,6,29,925,0.0,0,0,24,433,6,3,0,0.0,0.0,0.0,0.0,0.0,0.0
20806,full_active,0,-124,1,88,"(50,100]",45,"[10,100)",24,"[5,30)",1338,730+,1,4,19,641,1.0,0,0,31,276,6,3,0,1.0,1.0,0.0,0.0,0.0,0.0
20809,full_active,0,1,1,1314,500+,1280,"[1k,5k)",1255,250+,1253,730+,0,4,9,478,2.0,0,1,8,287,2,0,0,1.0,0.0,0.0,0.0,0.0,0.0
20811,low_active,0,-124,1,44,"(10,50]",3,"[1,10)",1,"[1,5)",1364,730+,0,2,19,625,2.0,0,0,31,276,6,0,0,1.0,0.0,0.0,0.0,0.0,0.0
20812,high_active,0,-124,1,133,"(100,150]",58,"[10,100)",36,"[30,60)",1543,730+,0,3,16,839,2.0,0,0,33,234,1,4,0,0.0,0.0,0.0,0.0,0.0,0.0
20813,high_active,0,-124,1,103,"(100,150]",135,"[100,1k)",92,"[60,120)",1237,730+,1,1,19,586,3.0,0,1,9,88,5,2,0,0.0,0.0,0.0,0.0,0.0,0.0
20826,high_active,0,-124,1,533,500+,7,"[1,10)",5,"[5,30)",927,730+,0,5,28,27,,0,1,8,287,2,2,0,1.0,0.0,0.0,0.0,0.0,0.0
20835,full_active,0,1,1,38,"(10,50]",98,"[10,100)",33,"[30,60)",2542,730+,1,3,10,230,1.0,0,0,13,67,6,2,0,1.0,0.0,0.0,0.0,0.0,0.0
20837,high_active,0,-124,1,132,"(100,150]",32,"[10,100)",29,"[5,30)",93,91-180,1,2,31,367,0.0,0,1,10,254,3,3,0,1.0,0.0,0.0,0.0,0.0,0.0
20839,high_active,0,-124,1,126,"(100,150]",43,"[10,100)",32,"[30,60)",1268,730+,1,3,10,172,1.0,0,1,34,155,3,3,0,1.0,0.0,0.0,0.0,0.0,0.0
20853,full_active,0,1,1,78,"(50,100]",66,"[10,100)",0,0,2479,730+,1,2,10,765,2.0,0,0,13,204,3,0,0,1.0,0.0,0.0,0.0,0.0,0.0
20872,full_active,0,1,1,232,"(150,250]",1105,"[1k,5k)",224,"[120,250)",1605,730+,1,4,10,1004,1.0,0,0,26,38,1,3,0,0.0,0.0,0.0,0.0,0.0,0.0
20877,full_active,0,-124,1,197,"(150,250]",91,"[10,100)",34,"[30,60)",1568,730+,0,1,19,567,0.0,0,0,13,267,6,3,0,1.0,0.0,0.0,0.0,0.0,0.0
20884,full_active,0,-124,1,461,"(250,500]",21,"[10,100)",3,"[1,5)",1327,730+,0,4,2,1152,3.0,0,0,31,432,4,2,2,1.0,0.0,0.0,0.0,0.0,0.0
20890,full_active,0,-124,1,27,"(10,50]",33,"[10,100)",25,"[5,30)",241,181-365,0,1,19,606,1.0,0,0,15,93,6,4,0,1.0,0.0,0.0,0.0,0.0,0.0
20892,full_active,0,-124,1,927,500+,0,0,0,0,1307,730+,1,4,29,946,5.0,0,0,1,82,2,2,0,0.0,0.0,0.0,0.0,0.0,0.0
20909,full_active,0,-124,1,552,500+,610,"[100,1k)",550,250+,1801,730+,0,1,19,567,0.0,0,0,15,187,3,2,0,1.0,0.0,0.0,0.0,0.0,0.0
20911,full_active,0,-124,1,2,"(0,10]",1,"[1,10)",1,"[1,5)",2044,730+,1,2,29,921,1.0,0,1,10,389,6,3,0,1.0,0.0,0.0,1.0,1.0,0.0
20913,high_active,0,-124,1,40,"(10,50]",72,"[10,100)",11,"[5,30)",273,181-365,0,2,19,534,2.0,0,1,0,149,6,0,0,1.0,0.0,0.0,0.0,0.0,0.0
20920,full_active,0,-124,1,67,"(50,100]",14,"[10,100)",5,"[5,30)",1691,730+,0,4,31,740,1.0,0,0,31,275,5,2,0,0.0,0.0,0.0,0.0,0.0,0.0
20923,high_active,0,-124,1,599,500+,74,"[10,100)",23,"[5,30)",1245,730+,1,6,19,590,1.0,0,0,31,343,3,3,0,1.0,0.0,0.0,0.0,0.0,0.0
20935,high_active,0,-124,1,395,"(250,500]",14,"[10,100)",12,"[5,30)",1894,730+,0,4,19,650,1.0,0,0,24,264,4,0,0,1.0,0.0,0.0,0.0,0.0,0.0
20937,full_active,0,-124,1,452,"(250,500]",90,"[10,100)",17,"[5,30)",1513,730+,0,3,29,941,2.0,0,1,21,103,3,3,0,1.0,0.0,0.0,0.0,0.0,0.0
20941,full_active,0,1,1,38,"(10,50]",169,"[100,1k)",15,"[5,30)",1001,730+,0,3,29,955,3.0,0,0,7,40,1,3,0,0.0,0.0,0.0,0.0,0.0,0.0
20949,high_active,0,-124,0,1,"(0,10]",1,"[1,10)",1,"[1,5)",147,91-180,0,1,29,1355,0.0,0,0,42,50,6,0,0,0.0,0.0,0.0,0.0,0.0,0.0
20952,full_active,0,1,1,1487,500+,50,"[10,100)",6,"[5,30)",2223,730+,1,4,10,474,6.0,0,0,15,394,4,2,0,0.0,0.0,1.0,0.0,0.0,1.0
20953,high_active,0,-124,1,60,"(50,100]",27,"[10,100)",4,"[1,5)",2070,730+,0,1,19,622,1.0,0,1,8,294,6,3,0,1.0,0.0,1.0,0.0,0.0,0.0
20960,full_active,0,1,1,85,"(50,100]",153,"[100,1k)",73,"[60,120)",1119,730+,1,4,29,906,1.0,0,0,31,276,6,3,0,0.0,0.0,0.0,0.0,0.0,0.0
20963,high_active,0,-124,1,51,"(50,100]",9,"[1,10)",3,"[1,5)",690,366-730,0,5,19,601,1.0,0,0,14,135,6,2,0,1.0,0.0,1.0,0.0,0.0,0.0
20965,high_active,0,-124,1,331,"(250,500]",139,"[100,1k)",67,"[60,120)",1481,730+,1,4,29,958,1.0,0,0,24,235,1,3,0,1.0,0.0,1.0,0.0,0.0,0.0
20966,full_active,0,1,1,1245,500+,788,"[100,1k)",628,250+,1113,730+,0,1,2,1158,5.0,0,0,31,276,6,0,2,1.0,0.0,0.0,0.0,0.0,0.0
20968,full_active,0,-124,1,1058,500+,3,"[1,10)",0,0,527,366-730,0,6,19,592,1.0,0,1,10,254,3,0,0,1.0,0.0,1.0,0.0,0.0,0.0
20974,full_active,0,-124,1,375,"(250,500]",588,"[100,1k)",373,250+,1006,730+,0,1,2,1171,5.0,0,0,14,135,6,0,2,1.0,0.0,0.0,0.0,0.0,0.0
20975,full_active,0,-124,1,6,"(0,10]",4,"[1,10)",3,"[1,5)",163,91-180,0,0,29,1334,0.0,0,0,7,40,1,3,0,,,,,,
20984,full_active,0,-124,1,106,"(100,150]",87,"[10,100)",12,"[5,30)",1184,730+,0,6,2,1177,2.0,0,0,42,63,1,3,2,1.0,0.0,0.0,0.0,0.0,0.0
20985,high_active,0,-124,1,249,"(150,250]",387,"[100,1k)",218,"[120,250)",1707,730+,0,1,2,1171,5.0,0,0,22,186,3,3,2,1.0,0.0,0.0,0.0,0.0,0.0
20989,full_active,0,-124,1,412,"(250,500]",208,"[100,1k)",119,"[60,120)",1131,730+,0,5,31,23,1.0,0,0,24,410,3,3,0,1.0,0.0,0.0,0.0,0.0,0.0
20992,full_active,0,-124,0,9,"(0,10]",11,"[10,100)",0,0,313,181-365,1,4,29,933,2.0,0,0,13,267,6,0,0,0.0,0.0,0.0,0.0,0.0,0.0
20994,full_active,0,-124,1,219,"(150,250]",137,"[100,1k)",130,"[120,250)",103,91-180,0,1,28,875,,0,1,9,372,1,3,0,,,,,,
20997,full_active,0,1,1,17,"(10,50]",6860,"[5k,1w)",4,"[1,5)",2694,730+,0,3,2,1160,4.0,0,1,20,348,4,2,2,1.0,0.0,0.0,0.0,0.0,0.0
21001,full_active,0,1,1,401,"(250,500]",386,"[100,1k)",90,"[60,120)",1830,730+,0,4,10,1025,3.0,0,0,30,251,3,3,0,1.0,0.0,0.0,0.0,0.0,0.0
21002,full_active,0,-124,1,3,"(0,10]",17,"[10,100)",3,"[1,5)",1187,730+,0,5,29,891,1.0,0,0,31,354,3,3,0,,,,,,
21004,full_active,0,1,1,201,"(150,250]",489,"[100,1k)",101,"[60,120)",1842,730+,0,5,2,1160,4.0,0,0,13,330,5,4,2,1.0,0.0,0.0,0.0,0.0,0.0
21009,full_active,0,-124,1,125,"(100,150]",54,"[10,100)",43,"[30,60)",2106,730+,1,4,29,920,1.0,0,0,24,235,1,3,0,0.0,0.0,0.0,0.0,0.0,0.0
21026,high_active,0,1,1,697,500+,827,"[100,1k)",542,250+,1189,730+,0,4,10,183,2.0,0,0,1,82,2,2,2,1.0,0.0,0.0,0.0,0.0,0.0
21027,full_active,0,-124,0,688,500+,12,"[10,100)",9,"[5,30)",345,181-365,0,1,10,844,1.0,0,1,0,149,6,3,0,1.0,0.0,1.0,0.0,0.0,0.0
21030,high_active,0,-124,0,18,"(10,50]",3,"[1,10)",3,"[1,5)",317,181-365,1,6,31,735,0.0,0,0,19,111,6,0,0,1.0,0.0,1.0,0.0,0.0,0.0
21037,high_active,0,1,1,26,"(10,50]",43,"[10,100)",16,"[5,30)",2255,730+,0,2,29,908,1.0,0,1,44,338,5,4,0,1.0,0.0,0.0,0.0,0.0,0.0
21038,full_active,0,-124,0,44,"(10,50]",8,"[1,10)",2,"[1,5)",1882,730+,0,5,10,66,3.0,0,0,31,275,5,0,0,1.0,0.0,0.0,0.0,0.0,0.0
21041,full_active,0,-124,1,179,"(150,250]",29,"[10,100)",10,"[5,30)",557,366-730,0,5,31,365,1.0,0,0,33,41,3,2,0,1.0,0.0,0.0,0.0,0.0,0.0
21043,full_active,0,-124,1,3487,500+,556,"[100,1k)",538,250+,1684,730+,1,6,29,924,3.0,0,0,7,138,1,3,0,1.0,1.0,1.0,0.0,0.0,0.0
21057,full_active,0,1,0,96,"(50,100]",4,"[1,10)",0,0,365,181-365,1,4,10,215,1.0,0,1,5,270,5,3,0,1.0,1.0,1.0,0.0,0.0,0.0
21060,high_active,0,-124,1,629,500+,331,"[100,1k)",76,"[60,120)",1652,730+,1,1,29,1297,1.0,0,1,8,419,3,3,0,1.0,0.0,0.0,0.0,0.0,0.0
21064,full_active,0,1,1,164,"(150,250]",315,"[100,1k)",116,"[60,120)",1442,730+,1,2,29,929,2.0,0,1,10,449,3,3,0,0.0,0.0,0.0,0.0,0.0,0.0
21065,full_active,0,-124,0,91,"(50,100]",50,"[10,100)",28,"[5,30)",1152,730+,1,5,29,1313,1.0,0,0,7,138,1,3,0,1.0,0.0,0.0,0.0,0.0,0.0
21072,full_active,0,1,1,148,"(100,150]",1123,"[1k,5k)",141,"[120,250)",1640,730+,1,3,29,947,1.0,0,0,7,40,1,3,0,0.0,0.0,0.0,0.0,0.0,0.0
21083,full_active,0,-124,1,1412,500+,181,"[100,1k)",174,"[120,250)",1900,730+,1,2,19,527,2.0,0,0,22,320,1,3,0,1.0,0.0,0.0,0.0,0.0,0.0
21085,full_active,0,-124,1,45,"(10,50]",3,"[1,10)",2,"[1,5)",1365,730+,1,4,2,1167,9.0,0,0,31,354,3,3,2,1.0,0.0,0.0,0.0,0.0,0.0
21091,high_active,0,-124,1,357,"(250,500]",141,"[100,1k)",60,"[60,120)",1128,730+,0,4,10,230,1.0,0,1,9,324,3,0,0,0.0,1.0,0.0,0.0,0.0,0.0
21099,high_active,0,-124,1,230,"(150,250]",374,"[100,1k)",228,"[120,250)",1359,730+,0,1,2,1181,1.0,0,1,9,88,5,3,0,1.0,0.0,0.0,0.0,0.0,0.0
21101,high_active,0,-124,1,48,"(10,50]",8,"[1,10)",4,"[1,5)",173,91-180,0,3,29,891,1.0,0,0,15,151,3,2,0,1.0,0.0,0.0,0.0,0.0,0.0
21108,high_active,0,-124,0,3,"(0,10]",0,0,0,0,24,15-30,1,1,29,968,4.0,0,1,9,324,3,0,0,1.0,0.0,1.0,0.0,0.0,0.0
21111,full_active,0,-124,1,2618,500+,920,"[100,1k)",327,250+,1177,730+,0,5,19,603,2.0,0,0,15,304,1,3,0,1.0,1.0,0.0,0.0,0.0,0.0
21122,full_active,0,-124,1,55,"(50,100]",253,"[100,1k)",46,"[30,60)",1311,730+,1,1,10,854,1.0,0,1,10,254,3,4,0,0.0,0.0,0.0,0.0,0.0,0.0
21124,full_active,0,-124,1,897,500+,317,"[100,1k)",299,250+,479,366-730,0,0,19,544,2.0,0,0,33,227,3,4,0,1.0,0.0,1.0,0.0,0.0,0.0
21127,high_active,0,1,1,399,"(250,500]",97,"[10,100)",60,"[60,120)",1273,730+,0,3,10,398,0.0,0,1,10,254,3,4,0,1.0,0.0,0.0,0.0,0.0,0.0
21137,full_active,0,1,1,28,"(10,50]",384,"[100,1k)",28,"[5,30)",1015,730+,1,4,2,1156,5.0,0,1,8,259,6,4,2,1.0,0.0,0.0,0.0,0.0,0.0
21141,high_active,0,-124,0,128,"(100,150]",0,0,0,0,444,366-730,1,4,28,822,,5,2,11,162,0,0,0,,,,,,
21146,full_active,0,1,1,490,"(250,500]",29,"[10,100)",12,"[5,30)",1704,730+,1,3,28,993,,0,1,32,33,2,2,0,1.0,0.0,0.0,0.0,0.0,0.0
21163,high_active,0,-124,1,149,"(100,150]",42,"[10,100)",30,"[30,60)",1474,730+,1,3,2,1152,3.0,0,1,20,348,4,2,2,1.0,0.0,0.0,0.0,0.0,0.0
21164,full_active,0,-124,0,395,"(250,500]",1,"[1,10)",1,"[1,5)",803,730+,1,4,10,114,0.0,0,0,1,82,2,3,0,1.0,0.0,1.0,0.0,0.0,0.0
21165,full_active,0,-124,1,174,"(150,250]",259,"[100,1k)",170,"[120,250)",1166,730+,0,3,29,1361,0.0,0,0,15,151,3,4,0,0.0,0.0,0.0,0.0,0.0,0.0
21166,full_active,0,-124,1,45,"(10,50]",109,"[100,1k)",36,"[30,60)",2091,730+,1,2,2,1160,4.0,0,1,8,181,2,2,2,1.0,0.0,0.0,0.0,0.0,0.0
21174,middle_active,0,-124,0,0,0,0,0,0,0,39,31-60,1,1,29,955,3.0,0,1,9,402,1,2,0,0.0,0.0,0.0,0.0,0.0,0.0
21191,full_active,0,-124,1,984,500+,1121,"[1k,5k)",819,250+,724,366-730,0,5,19,514,0.0,0,1,10,450,3,3,0,0.0,0.0,0.0,0.0,0.0,0.0
21194,full_active,0,-124,0,47,"(10,50]",0,0,0,0,677,366-730,1,4,31,362,1.0,0,1,5,95,5,2,0,1.0,0.0,0.0,0.0,0.0,0.0
21203,high_active,0,-124,1,122,"(100,150]",29,"[10,100)",8,"[5,30)",1050,730+,1,4,19,659,1.0,0,1,9,88,5,0,0,1.0,0.0,1.0,1.0,0.0,0.0
21205,high_active,0,-124,1,43,"(10,50]",18,"[10,100)",4,"[1,5)",1688,730+,0,4,2,1160,4.0,0,0,33,228,1,3,2,1.0,0.0,0.0,0.0,0.0,0.0
21210,full_active,0,-124,1,330,"(250,500]",1687,"[1k,5k)",320,250+,915,730+,0,1,19,638,2.0,0,1,0,417,6,3,0,1.0,0.0,0.0,0.0,0.0,0.0
21213,full_active,0,-124,1,309,"(250,500]",32,"[10,100)",26,"[5,30)",850,730+,0,4,31,373,0.0,0,0,31,42,6,2,0,1.0,0.0,0.0,0.0,0.0,0.0
21227,full_active,0,1,1,426,"(250,500]",9728,"[5k,1w)",331,250+,1340,730+,1,5,10,238,3.0,0,0,14,116,5,3,0,1.0,0.0,1.0,0.0,0.0,0.0
21237,full_active,0,1,1,263,"(250,500]",420,"[100,1k)",259,250+,822,730+,1,2,19,620,1.0,0,1,10,254,3,4,0,0.0,0.0,0.0,0.0,0.0,0.0
21248,middle_active,0,-124,1,3,"(0,10]",1,"[1,10)",0,0,64,61-90,1,2,2,1165,6.0,0,0,19,387,1,3,2,1.0,0.0,0.0,0.0,0.0,0.0
21249,high_active,0,-124,1,53,"(50,100]",21,"[10,100)",2,"[1,5)",2450,730+,0,2,2,1160,4.0,0,1,8,288,6,2,2,1.0,0.0,0.0,1.0,1.0,0.0
21253,full_active,0,-124,0,263,"(250,500]",20,"[10,100)",1,"[1,5)",2346,730+,1,4,24,834,11.0,0,1,20,191,5,2,0,1.0,0.0,0.0,0.0,0.0,0.0
21256,middle_active,0,-124,1,455,"(250,500]",5,"[1,10)",4,"[1,5)",1390,730+,1,0,29,1340,1.0,0,1,0,160,3,0,0,,,,,,
21263,middle_active,0,-124,1,125,"(100,150]",43,"[10,100)",30,"[30,60)",262,181-365,1,1,29,1302,1.0,0,1,18,196,3,3,0,1.0,0.0,0.0,0.0,0.0,0.0
21265,full_active,0,-124,1,37,"(10,50]",127,"[100,1k)",37,"[30,60)",1359,730+,0,1,2,1153,5.0,0,1,8,259,6,2,2,1.0,0.0,0.0,0.0,0.0,0.0
21268,full_active,0,-124,1,42,"(10,50]",24,"[10,100)",10,"[5,30)",1893,730+,1,2,31,743,2.0,0,0,30,368,4,2,0,0.0,0.0,0.0,0.0,0.0,0.0
21290,full_active,0,-124,1,76,"(50,100]",12,"[10,100)",9,"[5,30)",684,366-730,1,4,10,61,1.0,0,1,8,181,2,3,0,1.0,1.0,0.0,0.0,0.0,0.0
21298,full_active,0,-124,1,391,"(250,500]",32,"[10,100)",4,"[1,5)",1600,730+,0,3,2,1168,7.0,0,1,8,287,2,2,2,1.0,0.0,0.0,0.0,0.0,0.0
21306,full_active,0,-124,1,31,"(10,50]",18,"[10,100)",8,"[5,30)",1705,730+,1,5,10,474,6.0,0,0,31,42,6,4,0,1.0,0.0,1.0,0.0,0.0,0.0
21308,high_active,0,-124,0,12,"(10,50]",6,"[1,10)",6,"[5,30)",124,91-180,1,4,2,1159,3.0,0,0,14,116,5,2,2,1.0,0.0,0.0,0.0,0.0,0.0
21310,full_active,0,1,1,458,"(250,500]",300,"[100,1k)",146,"[120,250)",2352,730+,1,4,2,1165,6.0,0,0,13,330,5,4,2,0.0,0.0,0.0,0.0,0.0,0.0
21326,middle_active,0,-124,1,649,500+,592,"[100,1k)",392,250+,1660,730+,1,0,2,1167,9.0,0,1,43,211,1,4,2,1.0,0.0,0.0,0.0,0.0,0.0
21329,full_active,0,-124,0,46,"(10,50]",4,"[1,10)",3,"[1,5)",1474,730+,1,4,10,339,1.0,0,0,1,82,2,2,0,0.0,0.0,0.0,0.0,0.0,0.0
21344,full_active,0,1,1,443,"(250,500]",14765,"[1w,10w)",417,250+,1433,730+,1,6,31,369,1.0,0,0,13,333,6,3,0,1.0,0.0,0.0,0.0,0.0,0.0
21345,full_active,0,-124,1,471,"(250,500]",219,"[100,1k)",89,"[60,120)",2310,730+,0,4,10,272,4.0,0,0,22,123,1,3,0,1.0,0.0,0.0,0.0,0.0,0.0
21352,full_active,0,-124,0,38,"(10,50]",1,"[1,10)",0,0,473,366-730,1,4,15,2,1.0,0,1,8,301,6,3,0,1.0,0.0,1.0,0.0,0.0,0.0
21354,full_active,0,-124,1,30,"(10,50]",10,"[10,100)",1,"[1,5)",897,730+,0,5,15,405,1.0,0,0,13,267,6,2,0,1.0,0.0,0.0,0.0,0.0,0.0
21355,30day_retention,0,-124,1,116,"(100,150]",165,"[100,1k)",112,"[60,120)",1111,730+,1,1,29,908,1.0,0,1,9,88,5,2,0,1.0,0.0,0.0,0.0,0.0,0.0
21361,full_active,0,1,1,35,"(10,50]",167,"[100,1k)",34,"[30,60)",462,366-730,1,1,29,906,1.0,0,1,18,362,6,3,0,1.0,0.0,0.0,0.0,0.0,0.0
21364,full_active,0,1,1,517,500+,659,"[100,1k)",106,"[60,120)",1767,730+,1,4,19,618,3.0,0,0,13,390,3,3,0,1.0,0.0,0.0,0.0,0.0,0.0
21369,full_active,0,-124,0,17,"(10,50]",21,"[10,100)",3,"[1,5)",1910,730+,1,3,2,1165,6.0,0,1,8,39,5,4,2,0.0,0.0,0.0,0.0,0.0,0.0
21373,full_active,0,1,1,609,500+,225,"[100,1k)",168,"[120,250)",1599,730+,1,4,10,765,2.0,0,0,7,40,1,4,0,0.0,0.0,0.0,0.0,0.0,0.0
21388,high_active,0,-124,1,167,"(150,250]",31,"[10,100)",20,"[5,30)",2280,730+,0,2,2,1163,2.0,0,0,30,368,4,0,2,1.0,0.0,0.0,0.0,0.0,0.0
21403,high_active,0,-124,1,55,"(50,100]",11,"[10,100)",3,"[1,5)",1070,730+,0,4,29,958,1.0,0,0,31,305,5,0,0,1.0,0.0,1.0,0.0,0.0,0.0
21405,full_active,0,-124,1,158,"(150,250]",111,"[100,1k)",57,"[30,60)",998,730+,1,1,29,936,1.0,0,0,13,392,6,4,0,1.0,0.0,0.0,0.0,0.0,0.0
21409,high_active,0,-124,0,312,"(250,500]",10,"[10,100)",9,"[5,30)",799,730+,1,6,2,1195,3.0,0,1,2,399,4,0,2,1.0,0.0,0.0,0.0,0.0,0.0
21418,full_active,0,-124,1,385,"(250,500]",86,"[10,100)",50,"[30,60)",1114,730+,0,2,48,695,1.0,0,0,19,378,3,3,0,1.0,0.0,0.0,0.0,0.0,0.0
21426,high_active,0,-124,1,130,"(100,150]",39,"[10,100)",15,"[5,30)",241,181-365,0,4,10,1104,1.0,0,0,15,304,1,4,0,1.0,0.0,0.0,0.0,0.0,0.0
21427,full_active,0,1,1,167,"(150,250]",82,"[10,100)",6,"[5,30)",274,181-365,1,3,10,178,3.0,0,0,13,67,6,4,0,1.0,0.0,0.0,0.0,0.0,0.0
21428,full_active,0,-124,1,253,"(250,500]",391,"[100,1k)",248,"[120,250)",803,730+,0,1,2,1156,4.0,0,1,44,400,5,2,2,1.0,0.0,0.0,0.0,0.0,0.0
21430,full_active,0,-124,0,405,"(250,500]",36,"[10,100)",29,"[5,30)",873,730+,1,5,10,243,0.0,0,0,13,117,6,2,0,1.0,0.0,0.0,0.0,0.0,0.0
21436,full_active,0,-124,1,406,"(250,500]",27,"[10,100)",19,"[5,30)",867,730+,1,3,48,695,1.0,0,0,28,280,1,0,0,,,,,,
21438,high_active,0,-124,0,19,"(10,50]",0,0,0,0,346,181-365,1,3,2,1165,6.0,0,1,17,444,3,3,2,0.0,0.0,0.0,0.0,0.0,0.0
21440,full_active,0,-124,1,333,"(250,500]",90,"[10,100)",71,"[60,120)",919,730+,1,4,29,950,1.0,0,1,34,80,1,0,0,1.0,0.0,0.0,0.0,0.0,0.0
21446,full_active,0,1,1,25,"(10,50]",815,"[100,1k)",22,"[5,30)",1876,730+,0,2,2,1160,4.0,0,1,44,338,5,4,2,1.0,0.0,0.0,0.0,0.0,0.0
21447,high_active,0,-124,1,370,"(250,500]",357,"[100,1k)",210,"[120,250)",607,366-730,0,0,10,104,0.0,0,0,15,109,3,4,0,1.0,0.0,1.0,0.0,0.0,0.0
21449,full_active,0,-124,1,581,500+,866,"[100,1k)",571,250+,2098,730+,1,2,19,615,2.0,0,0,31,276,6,3,0,0.0,0.0,0.0,0.0,0.0,0.0
21450,middle_active,0,-124,0,49,"(10,50]",4,"[1,10)",1,"[1,5)",399,366-730,1,6,10,853,1.0,0,0,13,183,6,0,0,1.0,0.0,0.0,0.0,0.0,0.0
21452,full_active,0,-124,1,182,"(150,250]",23,"[10,100)",10,"[5,30)",967,730+,1,6,27,1011,2.0,0,0,13,390,3,4,0,1.0,0.0,0.0,0.0,0.0,0.0
21457,full_active,0,-124,1,134,"(100,150]",110,"[100,1k)",74,"[60,120)",1260,730+,1,5,2,1165,6.0,0,1,8,287,2,2,2,1.0,0.0,0.0,0.0,0.0,0.0
21459,full_active,0,-124,0,30,"(10,50]",16,"[10,100)",3,"[1,5)",903,730+,1,4,10,1008,3.0,0,1,18,144,3,3,0,1.0,0.0,0.0,0.0,0.0,0.0
21462,full_active,0,1,1,310,"(250,500]",504,"[100,1k)",169,"[120,250)",1547,730+,1,4,19,592,1.0,0,1,20,383,6,3,0,1.0,0.0,0.0,0.0,0.0,0.0
21467,full_active,0,1,1,334,"(250,500]",1770,"[1k,5k)",11,"[5,30)",1364,730+,0,4,10,841,1.0,0,1,20,348,4,2,0,,,,,,
21468,full_active,0,1,1,151,"(150,250]",276,"[100,1k)",99,"[60,120)",1613,730+,1,4,19,613,2.0,0,1,44,147,4,4,2,1.0,0.0,0.0,0.0,0.0,0.0
21473,full_active,0,-124,1,69,"(50,100]",14,"[10,100)",8,"[5,30)",648,366-730,0,4,10,565,1.0,0,1,20,191,5,0,0,1.0,0.0,1.0,0.0,0.0,0.0
21481,high_active,0,-124,1,2396,500+,254,"[100,1k)",195,"[120,250)",2627,730+,0,3,31,23,1.0,0,1,32,33,2,2,0,1.0,0.0,0.0,0.0,0.0,0.0
21486,high_active,0,-124,1,98,"(50,100]",147,"[100,1k)",77,"[60,120)",1720,730+,0,3,10,765,2.0,0,0,7,138,1,3,0,1.0,0.0,0.0,0.0,0.0,0.0
21504,high_active,0,-124,1,74,"(50,100]",80,"[10,100)",37,"[30,60)",311,181-365,0,1,31,368,1.0,0,1,44,238,4,0,1,0.0,0.0,0.0,0.0,0.0,0.0
21511,full_active,0,-124,1,741,500+,21,"[10,100)",16,"[5,30)",642,366-730,1,4,9,229,1.0,0,1,8,64,5,2,0,1.0,0.0,0.0,0.0,0.0,0.0
21520,high_active,0,-124,1,2869,500+,170,"[100,1k)",149,"[120,250)",1327,730+,0,4,19,620,1.0,0,0,33,234,1,3,0,1.0,0.0,0.0,0.0,0.0,0.0
21523,full_active,0,-124,1,3,"(0,10]",7,"[1,10)",3,"[1,5)",532,366-730,0,1,2,1157,5.0,0,1,44,289,5,2,2,1.0,0.0,0.0,0.0,0.0,0.0
21526,high_active,0,-124,1,49,"(10,50]",34,"[10,100)",17,"[5,30)",1453,730+,0,3,29,947,1.0,0,1,43,221,4,2,0,1.0,0.0,1.0,0.0,0.0,0.0
21534,full_active,0,-124,1,119,"(100,150]",27,"[10,100)",19,"[5,30)",1537,730+,1,5,10,1008,3.0,0,0,38,139,4,2,0,0.0,0.0,1.0,0.0,0.0,0.0
21535,middle_active,0,-124,1,21,"(10,50]",107,"[100,1k)",19,"[5,30)",1854,730+,1,1,2,1158,5.0,0,1,43,192,3,3,2,1.0,0.0,0.0,0.0,0.0,0.0
21536,middle_active,0,1,1,1,"(0,10]",1,"[1,10)",0,0,2076,730+,1,2,33,975,2.0,0,1,43,221,4,2,0,0.0,0.0,1.0,0.0,0.0,0.0
21541,high_active,0,-124,0,105,"(100,150]",4,"[1,10)",3,"[1,5)",548,366-730,0,4,2,1171,5.0,0,0,19,78,1,0,2,0.0,0.0,0.0,0.0,0.0,0.0
21553,full_active,0,-124,1,69,"(50,100]",95,"[10,100)",69,"[60,120)",1415,730+,0,1,9,136,1.0,0,1,20,218,5,3,0,1.0,0.0,0.0,0.0,0.0,0.0
21557,middle_active,0,-124,0,5,"(0,10]",4,"[1,10)",3,"[1,5)",56,31-60,0,1,10,185,1.0,0,0,31,296,3,0,0,,,,,,
21558,high_active,0,-124,0,1,"(0,10]",2,"[1,10)",0,0,93,91-180,1,4,19,620,1.0,0,0,33,141,5,0,0,1.0,0.0,0.0,0.0,0.0,0.0
21565,middle_active,0,-124,1,501,500+,89,"[10,100)",81,"[60,120)",291,181-365,0,1,29,977,2.0,0,1,32,33,2,0,0,1.0,0.0,0.0,0.0,0.0,0.0
21566,full_active,0,-124,1,214,"(150,250]",84,"[10,100)",49,"[30,60)",1014,730+,1,4,9,859,1.0,0,0,38,139,4,2,0,0.0,0.0,0.0,0.0,0.0,0.0
21576,full_active,0,-124,1,994,500+,1027,"[1k,5k)",889,250+,799,730+,1,1,2,1176,2.0,0,1,20,191,5,4,2,1.0,0.0,0.0,0.0,0.0,0.0
21577,full_active,0,-124,1,321,"(250,500]",45,"[10,100)",32,"[30,60)",1624,730+,1,2,20,219,3.0,0,0,31,42,6,4,0,1.0,0.0,0.0,0.0,0.0,0.0
21578,2_14_day_new,0,-124,0,371,"(250,500]",8,"[1,10)",4,"[1,5)",834,730+,1,4,10,77,1.0,0,1,44,400,5,3,0,1.0,0.0,0.0,0.0,0.0,0.0
21598,full_active,0,-124,1,69,"(50,100]",15,"[10,100)",3,"[1,5)",2137,730+,1,2,2,1158,7.0,0,1,18,413,4,2,2,1.0,0.0,0.0,0.0,0.0,0.0
21600,full_active,0,-124,0,19,"(10,50]",3,"[1,10)",3,"[1,5)",838,730+,0,1,19,567,0.0,0,0,15,394,4,0,0,,,,,,
21610,full_active,0,1,1,77,"(50,100]",91,"[10,100)",20,"[5,30)",2026,730+,1,3,29,929,2.0,0,1,34,80,1,4,0,1.0,0.0,0.0,0.0,0.0,0.0
21612,full_active,0,1,1,168,"(150,250]",124,"[100,1k)",73,"[60,120)",2116,730+,1,2,2,1169,8.0,0,0,31,42,6,3,2,1.0,0.0,0.0,0.0,0.0,0.0
21618,full_active,0,-124,1,189,"(150,250]",77,"[10,100)",54,"[30,60)",2095,730+,1,3,10,57,1.0,0,1,32,33,2,2,0,1.0,0.0,0.0,0.0,0.0,0.0
21621,high_active,0,-124,1,67,"(50,100]",93,"[10,100)",30,"[30,60)",1607,730+,1,6,29,892,0.0,0,0,1,82,2,3,0,1.0,0.0,0.0,0.0,0.0,0.0
21624,full_active,0,1,1,228,"(150,250]",229,"[100,1k)",135,"[120,250)",1174,730+,1,2,2,1159,4.0,0,1,43,312,1,4,2,1.0,0.0,0.0,0.0,0.0,0.0
21626,middle_active,0,-124,1,4,"(0,10]",17,"[10,100)",4,"[1,5)",210,181-365,0,4,2,1153,4.0,0,1,8,259,6,3,2,1.0,0.0,0.0,0.0,0.0,0.0
21627,full_active,0,-124,1,328,"(250,500]",409,"[100,1k)",325,250+,2072,730+,1,4,10,287,1.0,0,1,5,332,5,2,0,1.0,0.0,0.0,0.0,0.0,0.0
21637,full_active,0,-124,1,1100,500+,1413,"[1k,5k)",1085,250+,1128,730+,0,1,19,628,1.0,0,0,42,223,1,3,0,1.0,0.0,0.0,0.0,0.0,0.0
21641,full_active,0,-124,0,17,"(10,50]",25,"[10,100)",3,"[1,5)",1216,730+,1,6,10,844,1.0,0,0,24,433,6,0,0,1.0,0.0,0.0,0.0,0.0,0.0
21651,full_active,0,1,1,45,"(10,50]",61,"[10,100)",5,"[5,30)",2170,730+,1,2,2,1160,4.0,0,0,15,118,6,3,2,1.0,0.0,0.0,0.0,0.0,0.0
21654,low_active,0,-124,0,7,"(0,10]",0,0,0,0,52,31-60,1,2,28,68,,0,1,32,33,2,0,0,1.0,0.0,0.0,0.0,0.0,0.0
21656,full_active,0,1,1,0,0,4,"[1,10)",0,0,2244,730+,1,4,10,118,3.0,0,0,33,382,3,2,0,1.0,0.0,0.0,0.0,1.0,0.0
21662,full_active,0,-124,1,609,500+,816,"[100,1k)",349,250+,812,730+,1,1,29,901,1.0,0,0,13,267,6,3,0,1.0,0.0,0.0,0.0,0.0,0.0
21680,full_active,0,-124,1,96,"(50,100]",19,"[10,100)",9,"[5,30)",1248,730+,0,5,29,983,4.0,0,0,42,115,1,2,0,1.0,1.0,1.0,0.0,0.0,0.0
21683,full_active,0,-124,0,66,"(50,100]",3,"[1,10)",1,"[1,5)",2009,730+,1,4,29,1390,2.0,0,1,20,191,5,2,0,1.0,0.0,0.0,0.0,0.0,1.0
21684,full_active,0,-124,1,40,"(10,50]",7,"[1,10)",3,"[1,5)",2313,730+,1,4,31,436,0.0,0,1,0,417,6,2,0,0.0,0.0,0.0,0.0,0.0,0.0
21687,full_active,0,-124,0,7,"(0,10]",0,0,0,0,1205,730+,0,4,2,1159,3.0,0,1,32,33,2,2,2,1.0,0.0,0.0,0.0,0.0,0.0
21712,full_active,0,1,1,57,"(50,100]",3,"[1,10)",2,"[1,5)",116,91-180,0,2,29,988,1.0,0,1,20,92,5,2,0,1.0,1.0,1.0,0.0,0.0,0.0
21713,full_active,0,-124,1,89,"(50,100]",30,"[10,100)",8,"[5,30)",2156,730+,0,4,2,1153,4.0,0,1,44,238,4,0,2,1.0,0.0,0.0,0.0,0.0,0.0
21725,full_active,0,-124,1,304,"(250,500]",31,"[10,100)",17,"[5,30)",1758,730+,1,5,29,949,1.0,0,0,38,139,4,2,0,0.0,0.0,1.0,0.0,0.0,0.0
21731,full_active,0,-124,0,9,"(0,10]",4,"[1,10)",4,"[1,5)",1589,730+,0,2,10,129,2.0,0,0,31,432,4,2,0,1.0,0.0,0.0,0.0,0.0,0.0
21737,full_active,0,-124,1,719,500+,31,"[10,100)",11,"[5,30)",1547,730+,1,4,9,478,2.0,0,0,13,392,6,4,0,1.0,0.0,0.0,0.0,0.0,0.0
21740,high_active,0,-124,1,283,"(250,500]",319,"[100,1k)",276,250+,567,366-730,0,1,2,1177,2.0,0,0,13,117,6,3,2,1.0,0.0,0.0,0.0,0.0,0.0
21742,full_active,0,-124,0,50,"(10,50]",4,"[1,10)",4,"[1,5)",1274,730+,1,4,28,993,,0,1,8,181,2,3,0,1.0,1.0,1.0,0.0,0.0,0.0
21757,middle_active,0,-124,1,28,"(10,50]",79,"[10,100)",26,"[5,30)",248,181-365,0,1,19,642,1.0,0,0,15,151,3,0,0,1.0,0.0,1.0,0.0,0.0,0.0
21762,full_active,0,-124,0,1148,500+,171,"[100,1k)",153,"[120,250)",906,730+,1,4,10,183,2.0,0,1,18,362,6,2,0,0.0,0.0,1.0,0.0,0.0,0.0
21768,full_active,0,-124,1,139,"(100,150]",27,"[10,100)",11,"[5,30)",1413,730+,1,4,10,271,3.0,0,1,18,413,4,4,0,1.0,0.0,0.0,0.0,0.0,0.0
21777,full_active,0,-124,1,132,"(100,150]",3,"[1,10)",0,0,450,366-730,1,0,2,1220,2.0,0,1,44,238,4,2,2,0.0,0.0,0.0,0.0,0.0,0.0
21784,full_active,0,-124,1,84,"(50,100]",161,"[100,1k)",82,"[60,120)",1214,730+,1,1,2,1159,3.0,0,1,10,389,6,2,2,1.0,0.0,0.0,0.0,0.0,0.0
21790,full_active,0,1,1,14,"(10,50]",102,"[100,1k)",14,"[5,30)",2030,730+,1,2,10,118,3.0,0,1,8,200,5,3,0,1.0,0.0,0.0,0.0,0.0,0.0
21791,high_active,0,-124,0,358,"(250,500]",14,"[10,100)",0,0,618,366-730,1,4,2,1143,2.0,0,0,31,343,3,3,1,0.0,0.0,0.0,0.0,0.0,0.0
21792,high_active,0,-124,0,82,"(50,100]",1,"[1,10)",0,0,122,91-180,1,3,29,955,3.0,0,1,20,348,4,2,0,1.0,0.0,0.0,0.0,1.0,0.0
21796,high_active,0,-124,1,93,"(50,100]",277,"[100,1k)",52,"[30,60)",1172,730+,1,1,29,906,1.0,0,1,9,310,3,3,2,1.0,0.0,0.0,0.0,0.0,0.0
21801,full_active,0,-124,1,405,"(250,500]",10,"[10,100)",7,"[5,30)",782,730+,1,6,29,906,1.0,0,1,20,218,5,0,0,1.0,0.0,0.0,0.0,0.0,0.0
21817,middle_active,0,-124,1,988,500+,604,"[100,1k)",522,250+,489,366-730,1,1,2,1180,2.0,0,1,34,318,1,3,2,0.0,0.0,0.0,0.0,0.0,0.0
21819,full_active,0,1,1,191,"(150,250]",159,"[100,1k)",7,"[5,30)",2145,730+,1,4,2,1160,4.0,0,0,31,42,6,3,2,1.0,0.0,0.0,0.0,0.0,0.0
21820,high_active,0,-124,1,1016,500+,56,"[10,100)",52,"[30,60)",1060,730+,0,1,19,606,1.0,0,0,13,267,6,4,0,1.0,0.0,0.0,0.0,0.0,0.0
21835,full_active,0,-124,1,330,"(250,500]",242,"[100,1k)",189,"[120,250)",237,181-365,0,5,31,369,1.0,0,1,34,201,4,4,0,1.0,0.0,0.0,0.0,0.0,0.0
21840,high_active,0,-124,1,14,"(10,50]",7,"[1,10)",4,"[1,5)",811,730+,1,5,10,59,1.0,0,0,14,116,5,0,0,,,,,,
21843,full_active,0,-124,1,2542,500+,994,"[100,1k)",989,250+,501,366-730,0,5,10,196,0.0,0,0,24,416,1,0,0,0.0,0.0,0.0,0.0,0.0,0.0
21845,full_active,0,-124,1,44,"(10,50]",195,"[100,1k)",6,"[5,30)",1611,730+,0,5,29,890,0.0,0,0,28,367,3,2,0,1.0,0.0,1.0,0.0,0.0,0.0
21848,full_active,0,1,1,241,"(150,250]",146,"[100,1k)",131,"[120,250)",1208,730+,0,2,10,80,0.0,0,1,44,147,4,2,0,1.0,0.0,0.0,0.0,0.0,0.0
21849,high_active,0,1,1,111,"(100,150]",38,"[10,100)",23,"[5,30)",2564,730+,1,3,19,573,1.0,0,1,44,400,5,2,0,1.0,0.0,0.0,0.0,0.0,0.0
21851,low_active,0,-124,0,52,"(50,100]",6,"[1,10)",1,"[1,5)",2260,730+,1,1,29,942,2.0,0,1,39,240,1,3,0,1.0,1.0,0.0,0.0,0.0,0.0
21858,middle_active,0,-124,1,279,"(250,500]",562,"[100,1k)",270,250+,583,366-730,0,1,2,1180,4.0,0,1,9,324,3,4,2,1.0,0.0,0.0,0.0,0.0,0.0
21862,full_active,0,-124,1,36,"(10,50]",30,"[10,100)",23,"[5,30)",1246,730+,1,5,29,891,1.0,0,0,7,154,1,3,0,0.0,0.0,0.0,0.0,0.0,0.0
21863,full_active,0,1,1,710,500+,81,"[10,100)",55,"[30,60)",1712,730+,1,5,31,362,1.0,0,0,13,117,6,3,0,1.0,0.0,0.0,0.0,0.0,0.0
21865,full_active,0,1,1,411,"(250,500]",176,"[100,1k)",72,"[60,120)",2320,730+,1,4,19,637,1.0,0,1,39,391,1,3,0,1.0,0.0,0.0,0.0,0.0,0.0
21873,full_active,0,-124,1,101,"(100,150]",38,"[10,100)",5,"[5,30)",2459,730+,0,3,10,765,2.0,0,0,13,183,6,4,0,1.0,0.0,0.0,0.0,0.0,0.0
21892,full_active,0,-124,0,40,"(10,50]",2,"[1,10)",2,"[1,5)",652,366-730,0,6,29,906,1.0,0,1,34,273,3,3,0,1.0,0.0,1.0,0.0,0.0,0.0
21898,full_active,0,-124,1,379,"(250,500]",53,"[10,100)",43,"[30,60)",1406,730+,0,2,19,641,1.0,0,0,13,67,6,4,0,1.0,0.0,0.0,0.0,0.0,0.0
21899,full_active,0,-124,1,79,"(50,100]",102,"[100,1k)",23,"[5,30)",1833,730+,1,2,28,36,,0,0,15,277,1,3,0,1.0,0.0,0.0,1.0,1.0,0.0
21901,full_active,0,-124,1,135,"(100,150]",72,"[10,100)",66,"[60,120)",769,730+,1,1,29,876,1.0,0,0,30,251,3,3,0,1.0,0.0,0.0,0.0,0.0,0.0
21911,full_active,0,-124,1,134,"(100,150]",246,"[100,1k)",67,"[60,120)",1545,730+,0,2,2,1160,4.0,0,1,43,221,4,4,2,1.0,0.0,0.0,0.0,0.0,0.0
21915,full_active,0,-124,1,233,"(150,250]",524,"[100,1k)",225,"[120,250)",1807,730+,0,1,2,1152,3.0,0,1,20,326,6,4,2,1.0,0.0,0.0,0.0,0.0,0.0
21924,full_active,0,-124,1,91,"(50,100]",22,"[10,100)",2,"[1,5)",647,366-730,1,3,10,277,1.0,0,1,17,253,4,2,0,0.0,0.0,0.0,0.0,0.0,0.0
21925,high_active,0,-124,1,63,"(50,100]",2,"[1,10)",0,0,696,366-730,0,2,19,580,1.0,0,0,33,141,5,0,0,1.0,0.0,0.0,0.0,0.0,0.0
21939,middle_active,0,-124,1,149,"(100,150]",38,"[10,100)",21,"[5,30)",1299,730+,1,3,29,979,2.0,0,0,33,414,1,3,0,1.0,0.0,1.0,0.0,0.0,0.0
21947,full_active,0,-124,1,233,"(150,250]",19,"[10,100)",6,"[5,30)",1456,730+,1,4,19,556,2.0,0,0,19,81,6,4,0,1.0,0.0,1.0,0.0,0.0,0.0
21948,full_active,0,1,1,28,"(10,50]",129,"[100,1k)",11,"[5,30)",2153,730+,1,4,31,752,1.0,0,0,24,264,4,2,0,1.0,0.0,0.0,0.0,0.0,0.0
21953,full_active,0,1,1,1911,500+,727,"[100,1k)",374,250+,1933,730+,1,3,10,322,5.0,0,0,15,394,4,3,0,1.0,0.0,0.0,0.0,0.0,0.0
21954,full_active,0,-124,0,80,"(50,100]",4,"[1,10)",1,"[1,5)",1935,730+,1,2,29,950,1.0,0,1,18,413,4,2,0,1.0,0.0,0.0,0.0,0.0,0.0
21956,high_active,0,1,1,95,"(50,100]",228,"[100,1k)",61,"[60,120)",2124,730+,0,4,10,765,2.0,0,0,28,367,3,2,0,1.0,0.0,0.0,0.0,0.0,0.0
21960,full_active,0,-124,0,17,"(10,50]",4,"[1,10)",1,"[1,5)",193,181-365,1,4,29,958,1.0,0,0,31,276,6,0,0,1.0,0.0,0.0,0.0,0.0,0.0
21966,full_active,0,1,1,51,"(50,100]",171,"[100,1k)",6,"[5,30)",1562,730+,0,4,10,855,1.0,0,0,13,267,6,2,0,1.0,0.0,0.0,0.0,0.0,0.0
21974,full_active,0,-124,1,212,"(150,250]",6,"[1,10)",2,"[1,5)",835,730+,0,2,10,285,1.0,0,1,8,287,2,2,0,1.0,0.0,0.0,0.0,0.0,0.0
21981,full_active,0,1,1,115,"(100,150]",311,"[100,1k)",0,0,1002,730+,0,1,2,1174,3.0,0,0,15,304,1,2,2,1.0,0.0,0.0,0.0,0.0,0.0
21982,high_active,0,-124,0,6,"(0,10]",2,"[1,10)",2,"[1,5)",24,15-30,0,1,10,663,1.0,0,1,20,161,6,0,0,1.0,0.0,0.0,0.0,0.0,0.0
21994,full_active,0,-124,1,166,"(150,250]",77,"[10,100)",28,"[5,30)",780,730+,1,4,10,172,1.0,0,1,9,249,3,4,0,1.0,0.0,0.0,0.0,0.0,0.0
22000,middle_active,0,-124,1,286,"(250,500]",480,"[100,1k)",284,250+,1046,730+,0,1,29,906,1.0,0,1,34,345,1,3,0,1.0,0.0,0.0,0.0,0.0,0.0
22012,high_active,0,1,1,166,"(150,250]",489,"[100,1k)",134,"[120,250)",1069,730+,0,2,2,1180,2.0,0,0,15,93,6,2,2,1.0,0.0,1.0,0.0,0.0,0.0
22014,high_active,0,1,1,493,"(250,500]",39,"[10,100)",19,"[5,30)",1585,730+,1,4,29,951,3.0,0,1,20,191,5,3,0,1.0,0.0,1.0,0.0,0.0,0.0
22018,high_active,0,-124,0,2,"(0,10]",0,0,0,0,451,366-730,0,4,19,646,2.0,0,1,44,289,5,0,0,0.0,0.0,0.0,0.0,0.0,0.0
22020,full_active,0,1,1,222,"(150,250]",36,"[10,100)",16,"[5,30)",1440,730+,0,3,10,464,2.0,0,0,30,368,4,2,0,1.0,0.0,0.0,0.0,0.0,0.0
22023,high_active,0,-124,0,1065,500+,4,"[1,10)",4,"[1,5)",245,181-365,0,5,29,1355,0.0,0,1,9,310,3,2,0,0.0,0.0,0.0,0.0,0.0,0.0
22024,full_active,0,-124,1,225,"(150,250]",23,"[10,100)",2,"[1,5)",1419,730+,1,4,2,1171,5.0,2,2,103,74,0,0,2,1.0,0.0,0.0,0.0,0.0,0.0
22025,high_active,0,1,1,86,"(50,100]",132,"[100,1k)",13,"[5,30)",996,730+,0,2,2,1159,3.0,0,1,18,413,4,2,2,1.0,0.0,0.0,0.0,0.0,0.0
22027,full_active,0,-124,0,214,"(150,250]",0,0,0,0,675,366-730,1,4,10,230,1.0,0,1,18,175,3,0,0,0.0,1.0,0.0,0.0,0.0,0.0
22030,high_active,0,-124,1,564,500+,105,"[100,1k)",86,"[60,120)",487,366-730,0,4,10,443,0.0,0,0,22,412,5,0,0,1.0,0.0,0.0,0.0,0.0,0.0
22038,full_active,0,1,1,320,"(250,500]",30204,"[1w,10w)",85,"[60,120)",2510,730+,0,4,19,600,2.0,0,0,14,452,3,3,0,1.0,0.0,0.0,0.0,0.0,0.0
22045,full_active,0,-124,1,24,"(10,50]",188,"[100,1k)",24,"[5,30)",1871,730+,0,5,2,1160,4.0,0,1,5,332,5,2,2,1.0,0.0,0.0,0.0,0.0,0.0
22050,full_active,0,-124,1,224,"(150,250]",50,"[10,100)",17,"[5,30)",1393,730+,0,2,29,906,1.0,0,1,34,52,3,3,0,1.0,0.0,0.0,0.0,0.0,0.0
22058,full_active,0,-124,1,614,500+,901,"[100,1k)",605,250+,1362,730+,1,1,2,1160,4.0,0,1,43,226,1,3,2,0.0,0.0,0.0,0.0,0.0,0.0
22076,full_active,0,1,1,442,"(250,500]",35,"[10,100)",11,"[5,30)",1000,730+,0,2,2,1168,7.0,0,1,8,287,2,2,2,1.0,0.0,0.0,0.0,0.0,0.0
22081,full_active,0,-124,0,259,"(250,500]",5,"[1,10)",1,"[1,5)",521,366-730,0,4,29,947,1.0,0,0,26,108,1,3,0,0.0,0.0,0.0,0.0,0.0,0.0
22083,full_active,0,1,1,216,"(150,250]",453,"[100,1k)",19,"[5,30)",1617,730+,0,3,2,1158,7.0,0,0,33,134,3,2,2,1.0,0.0,0.0,0.0,0.0,0.0
22085,full_active,0,-124,1,237,"(150,250]",29,"[10,100)",11,"[5,30)",2018,730+,0,3,10,1008,3.0,0,1,20,383,6,2,0,1.0,0.0,0.0,0.0,0.0,0.0
22086,middle_active,0,-124,1,52,"(50,100]",22,"[10,100)",11,"[5,30)",583,366-730,0,1,2,1151,3.0,0,1,34,341,6,0,2,0.0,0.0,0.0,0.0,0.0,0.0
22088,high_active,0,-124,1,741,500+,22,"[10,100)",18,"[5,30)",2231,730+,1,2,29,949,1.0,0,1,10,152,3,2,0,1.0,0.0,0.0,0.0,0.0,0.0
22089,middle_active,0,-124,0,31,"(10,50]",7,"[1,10)",1,"[1,5)",497,366-730,1,1,10,765,2.0,0,1,10,450,3,3,0,0.0,0.0,0.0,0.0,0.0,0.0
22091,full_active,0,-124,1,68,"(50,100]",27,"[10,100)",2,"[1,5)",875,730+,0,3,31,382,3.0,0,0,33,141,5,3,0,1.0,0.0,0.0,0.0,0.0,0.0
22097,full_active,0,-124,1,206,"(150,250]",40,"[10,100)",27,"[5,30)",967,730+,1,1,10,262,0.0,0,0,24,235,1,0,0,1.0,0.0,0.0,0.0,0.0,0.0
22105,high_active,0,1,1,420,"(250,500]",364,"[100,1k)",70,"[60,120)",1450,730+,1,5,2,1174,3.0,0,0,7,182,1,4,2,1.0,0.0,0.0,0.0,0.0,0.0
22107,full_active,0,1,1,30,"(10,50]",348,"[100,1k)",30,"[30,60)",1703,730+,0,5,31,419,1.0,0,1,34,201,4,3,0,1.0,0.0,0.0,0.0,0.0,0.0
22115,full_active,0,-124,1,35,"(10,50]",13,"[10,100)",1,"[1,5)",1399,730+,0,1,11,967,1.0,0,0,13,392,6,3,0,0.0,0.0,0.0,0.0,0.0,0.0
22117,full_active,0,-124,1,223,"(150,250]",48,"[10,100)",10,"[5,30)",1505,730+,0,3,29,959,3.0,0,1,5,95,5,2,0,1.0,0.0,0.0,0.0,0.0,0.0
22120,full_active,0,-124,0,1,"(0,10]",0,0,0,0,31,31-60,1,1,2,1195,3.0,0,0,31,42,6,2,2,,,,,,
22122,full_active,0,1,1,4824,500+,867,"[100,1k)",301,250+,2605,730+,1,3,19,620,1.0,0,0,33,107,1,3,0,1.0,0.0,0.0,0.0,0.0,0.0
22123,high_active,0,-124,1,99,"(50,100]",117,"[100,1k)",41,"[30,60)",348,181-365,0,1,48,698,1.0,0,1,18,244,6,4,0,1.0,0.0,0.0,0.0,0.0,0.0
22130,2_14_day_new,0,-124,1,191,"(150,250]",32,"[10,100)",10,"[5,30)",950,730+,1,2,29,1302,1.0,0,0,30,368,4,3,0,0.0,0.0,0.0,0.0,0.0,0.0
22133,full_active,0,-124,1,705,500+,919,"[100,1k)",655,250+,1947,730+,1,1,2,1157,4.0,0,0,19,409,1,2,2,1.0,0.0,0.0,0.0,0.0,0.0
22149,high_active,0,1,1,167,"(150,250]",477,"[100,1k)",160,"[120,250)",2133,730+,0,2,10,851,3.0,0,0,31,275,5,3,0,1.0,0.0,0.0,0.0,0.0,0.0
22155,high_active,0,1,1,395,"(250,500]",78,"[10,100)",0,0,640,366-730,0,5,19,616,2.0,0,1,20,161,6,0,0,1.0,1.0,0.0,0.0,0.0,0.0
22160,full_active,0,-124,1,17,"(10,50]",2,"[1,10)",0,0,77,61-90,1,2,2,1171,5.0,0,1,17,84,3,2,2,0.0,0.0,0.0,0.0,0.0,0.0
22167,full_active,0,-124,1,46,"(10,50]",215,"[100,1k)",30,"[30,60)",1002,730+,0,4,2,1171,5.0,0,0,31,193,3,2,2,1.0,0.0,0.0,0.0,1.0,0.0
22168,full_active,0,-124,1,256,"(250,500]",45,"[10,100)",21,"[5,30)",2598,730+,0,3,2,1159,3.0,0,0,31,299,6,4,2,1.0,0.0,0.0,0.0,0.0,0.0
22176,full_active,0,-124,1,1206,500+,505,"[100,1k)",498,250+,1641,730+,1,6,10,129,2.0,0,1,0,295,6,4,0,1.0,0.0,0.0,0.0,0.0,0.0
22181,high_active,0,-124,1,30,"(10,50]",5,"[1,10)",0,0,1965,730+,1,4,29,931,1.0,0,0,24,137,5,3,0,1.0,0.0,0.0,0.0,0.0,0.0
22187,full_active,0,-124,1,248,"(150,250]",8,"[1,10)",3,"[1,5)",1516,730+,1,4,19,593,1.0,0,0,24,264,4,2,0,1.0,0.0,0.0,0.0,0.0,0.0
22191,middle_active,0,1,1,52,"(50,100]",4605,"[1k,5k)",42,"[30,60)",859,730+,1,3,28,340,,0,1,34,201,4,2,0,1.0,0.0,0.0,0.0,0.0,0.0
22195,full_active,0,-124,1,87,"(50,100]",207,"[100,1k)",67,"[60,120)",1947,730+,0,2,2,1160,4.0,0,1,34,328,3,2,2,1.0,0.0,0.0,0.0,0.0,0.0
22196,full_active,0,1,1,823,500+,1102,"[1k,5k)",511,250+,1585,730+,1,4,29,912,2.0,0,0,30,185,1,4,0,1.0,1.0,0.0,0.0,0.0,1.0
22197,full_active,0,1,1,451,"(250,500]",863,"[100,1k)",309,250+,2247,730+,0,2,2,1160,4.0,0,0,30,368,4,2,2,1.0,0.0,0.0,0.0,0.0,0.0
22210,full_active,0,-124,1,142,"(100,150]",103,"[100,1k)",2,"[1,5)",2495,730+,1,3,2,1153,5.0,0,1,44,289,5,0,2,1.0,0.0,0.0,1.0,1.0,0.0
22217,middle_active,0,-124,1,9,"(0,10]",5,"[1,10)",2,"[1,5)",305,181-365,0,1,29,1348,0.0,0,0,26,124,1,3,0,0.0,0.0,0.0,0.0,0.0,0.0
22221,full_active,0,-124,1,362,"(250,500]",222,"[100,1k)",91,"[60,120)",1532,730+,1,4,29,1355,0.0,0,0,31,275,5,3,0,1.0,1.0,1.0,0.0,0.0,0.0
22225,high_active,0,-124,0,276,"(250,500]",0,0,0,0,985,730+,0,3,2,1160,4.0,0,1,20,348,4,0,2,0.0,0.0,0.0,0.0,0.0,0.0
22231,high_active,0,-124,1,31,"(10,50]",14,"[10,100)",7,"[5,30)",938,730+,0,3,19,582,2.0,0,1,5,89,6,4,0,1.0,0.0,0.0,0.0,0.0,0.0
22245,full_active,0,-124,0,11,"(10,50]",8,"[1,10)",8,"[5,30)",358,181-365,0,1,19,655,1.0,0,1,43,250,1,3,0,0.0,0.0,0.0,0.0,0.0,0.0
22248,high_active,0,-124,1,19,"(10,50]",2,"[1,10)",2,"[1,5)",345,181-365,1,1,29,1356,1.0,0,1,10,451,1,4,0,0.0,0.0,0.0,0.0,0.0,0.0
22252,high_active,0,-124,1,0,0,10,"[10,100)",0,0,1182,730+,1,2,29,891,1.0,0,1,8,260,3,2,0,1.0,0.0,0.0,0.0,0.0,0.0
22257,high_active,0,1,1,71,"(50,100]",268,"[100,1k)",54,"[30,60)",735,730+,1,4,19,647,1.0,0,0,30,251,3,4,0,0.0,0.0,0.0,1.0,0.0,0.0
22262,full_active,0,-124,1,11,"(10,50]",110,"[100,1k)",4,"[1,5)",1976,730+,1,4,10,287,1.0,0,0,13,330,5,2,0,1.0,0.0,0.0,0.0,0.0,0.0
22266,middle_active,0,-124,1,42,"(10,50]",13,"[10,100)",5,"[5,30)",1675,730+,1,1,28,357,,0,1,9,372,1,3,0,1.0,0.0,0.0,0.0,0.0,0.0
22268,full_active,0,-124,1,292,"(250,500]",24,"[10,100)",0,0,779,730+,0,6,19,527,2.0,0,0,1,82,2,0,0,0.0,0.0,0.0,0.0,0.0,0.0
22271,full_active,0,1,1,360,"(250,500]",57,"[10,100)",29,"[5,30)",1679,730+,0,3,2,1152,3.0,0,0,24,403,1,3,2,1.0,0.0,0.0,0.0,0.0,0.0
22273,full_active,0,1,1,296,"(250,500]",1715,"[1k,5k)",284,250+,1340,730+,0,1,28,68,,0,0,22,239,1,3,0,1.0,0.0,0.0,0.0,0.0,0.0
22274,high_active,0,1,1,400,"(250,500]",1065,"[1k,5k)",400,250+,686,366-730,0,2,2,1167,9.0,0,1,10,152,3,4,2,0.0,0.0,0.0,0.0,0.0,0.0
22283,full_active,0,1,1,81,"(50,100]",474,"[100,1k)",81,"[60,120)",1104,730+,0,5,2,1153,4.0,0,0,42,50,6,0,2,1.0,0.0,0.0,0.0,0.0,0.0
22288,full_active,0,-124,1,7,"(0,10]",4,"[1,10)",0,0,43,31-60,0,1,19,531,2.0,0,0,24,433,6,0,0,0.0,0.0,1.0,0.0,0.0,0.0
22290,high_active,0,-124,1,815,500+,298,"[100,1k)",224,"[120,250)",1162,730+,1,1,10,663,0.0,0,1,8,181,2,2,0,1.0,0.0,0.0,0.0,0.0,0.0
22294,full_active,0,-124,1,183,"(150,250]",131,"[100,1k)",64,"[60,120)",1095,730+,1,5,31,377,2.0,0,0,38,139,4,2,0,0.0,0.0,1.0,0.0,0.0,0.0
22313,full_active,0,1,1,1561,500+,116545,"[10w,100w)",364,250+,1742,730+,0,3,19,579,1.0,0,0,31,42,6,3,0,1.0,0.0,0.0,0.0,0.0,0.0
22314,full_active,0,1,1,356,"(250,500]",15,"[10,100)",5,"[5,30)",1748,730+,0,4,29,888,2.0,0,1,0,58,1,4,0,1.0,0.0,1.0,0.0,0.0,0.0
22320,full_active,0,-124,1,190,"(150,250]",158,"[100,1k)",114,"[60,120)",417,366-730,0,6,19,583,1.0,0,0,14,116,5,2,0,0.0,0.0,1.0,0.0,0.0,0.0
22324,high_active,0,-124,1,56,"(50,100]",72,"[10,100)",49,"[30,60)",832,730+,1,1,2,1162,7.0,0,0,13,117,6,3,2,1.0,0.0,0.0,0.0,0.0,0.0
22326,full_active,0,-124,1,95,"(50,100]",40,"[10,100)",35,"[30,60)",426,366-730,0,1,29,936,1.0,0,0,33,414,1,3,0,1.0,0.0,1.0,0.0,0.0,0.0
22333,full_active,0,-124,1,81,"(50,100]",7,"[1,10)",1,"[1,5)",49,31-60,0,4,19,620,1.0,0,1,18,325,3,0,0,1.0,0.0,0.0,0.0,0.0,0.0
22334,full_active,0,-124,1,28,"(10,50]",152,"[100,1k)",4,"[1,5)",662,366-730,0,6,2,1166,9.0,0,0,24,380,1,3,2,1.0,0.0,0.0,0.0,0.0,0.0
22336,full_active,0,-124,1,629,500+,74,"[10,100)",40,"[30,60)",316,181-365,1,1,19,543,2.0,0,0,13,392,6,3,0,0.0,0.0,0.0,0.0,0.0,0.0
22343,high_active,0,-124,1,3955,500+,63,"[10,100)",43,"[30,60)",1441,730+,0,1,29,1356,1.0,0,1,43,312,1,3,0,0.0,0.0,0.0,0.0,0.0,0.0
22344,high_active,0,-124,1,55,"(50,100]",2,"[1,10)",0,0,88,61-90,1,1,29,977,3.0,0,1,34,180,1,4,0,1.0,0.0,0.0,0.0,0.0,0.0
22373,middle_active,0,-124,0,2,"(0,10]",1,"[1,10)",0,0,49,31-60,1,1,24,778,2.0,0,0,42,120,1,2,0,1.0,0.0,0.0,0.0,0.0,0.0
22376,full_active,0,-124,1,129,"(100,150]",25,"[10,100)",19,"[5,30)",1049,730+,0,1,2,1151,3.0,0,1,5,298,6,0,2,1.0,0.0,0.0,0.0,0.0,0.0
22380,full_active,0,-124,1,165,"(150,250]",497,"[100,1k)",163,"[120,250)",2010,730+,1,1,2,1153,4.0,0,0,15,394,4,4,2,1.0,0.0,0.0,0.0,0.0,0.0
22381,full_active,0,-124,1,1222,500+,893,"[100,1k)",777,250+,405,366-730,1,4,10,765,2.0,0,0,33,141,5,2,0,0.0,0.0,0.0,0.0,0.0,0.0
22383,middle_active,0,-124,1,747,500+,590,"[100,1k)",137,"[120,250)",2346,730+,0,2,2,1151,3.0,0,1,9,88,5,3,2,1.0,0.0,0.0,0.0,0.0,0.0
22395,high_active,0,-124,1,97,"(50,100]",403,"[100,1k)",94,"[60,120)",2083,730+,0,2,2,1159,3.0,0,0,31,275,5,2,2,1.0,0.0,0.0,0.0,0.0,0.0
22401,full_active,0,-124,1,282,"(250,500]",79,"[10,100)",31,"[30,60)",2738,730+,0,2,10,501,4.0,0,0,13,330,5,4,0,1.0,0.0,0.0,0.0,0.0,0.0
22403,full_active,0,-124,0,7,"(0,10]",4,"[1,10)",1,"[1,5)",466,366-730,0,3,2,1165,6.0,0,1,43,250,1,0,2,1.0,0.0,1.0,0.0,0.0,0.0
22409,high_active,0,-124,1,746,500+,289,"[100,1k)",285,250+,556,366-730,1,0,29,1392,1.0,0,1,43,136,3,3,0,1.0,0.0,0.0,0.0,0.0,0.0
22416,high_active,0,1,1,85,"(50,100]",4,"[1,10)",0,0,1995,730+,1,4,2,1160,4.0,0,1,32,33,2,2,2,0.0,0.0,0.0,0.0,0.0,0.0
22418,full_active,0,-124,1,1,"(0,10]",158,"[100,1k)",0,0,2868,730+,1,2,2,1166,9.0,0,0,13,267,6,3,2,1.0,0.0,1.0,1.0,1.0,1.0
22419,full_active,0,-124,1,351,"(250,500]",125,"[100,1k)",68,"[60,120)",1078,730+,0,4,29,1340,1.0,0,1,8,181,2,3,0,0.0,0.0,0.0,0.0,0.0,0.0
22420,full_active,0,1,1,375,"(250,500]",130,"[100,1k)",93,"[60,120)",1580,730+,1,4,10,276,1.0,0,0,14,116,5,3,0,1.0,0.0,1.0,0.0,0.0,0.0
22425,full_active,0,-124,1,21,"(10,50]",2,"[1,10)",0,0,82,61-90,1,6,10,291,0.0,0,0,13,204,3,3,0,,,,,,
22434,full_active,0,1,1,92,"(50,100]",124,"[100,1k)",80,"[60,120)",900,730+,1,1,2,1152,3.0,0,1,8,301,6,4,2,0.0,0.0,0.0,0.0,0.0,0.0
22440,full_active,0,-124,1,520,500+,43,"[10,100)",39,"[30,60)",1823,730+,0,5,19,656,2.0,0,0,22,412,5,0,0,1.0,0.0,0.0,0.0,0.0,0.0
22441,full_active,0,1,1,38,"(10,50]",105,"[100,1k)",30,"[30,60)",1213,730+,1,3,2,1171,5.0,0,1,8,287,2,2,2,1.0,0.0,0.0,0.0,0.0,0.0
22447,full_active,0,-124,1,61,"(50,100]",11,"[10,100)",7,"[5,30)",2437,730+,1,2,2,1160,4.0,0,1,10,254,3,4,2,1.0,0.0,0.0,0.0,0.0,0.0
22450,full_active,0,1,1,586,500+,108,"[100,1k)",10,"[5,30)",2434,730+,0,2,2,1160,4.0,0,0,13,67,6,3,2,1.0,0.0,1.0,0.0,0.0,0.0
22455,full_active,0,-124,1,24,"(10,50]",40,"[10,100)",6,"[5,30)",1402,730+,1,4,19,578,1.0,0,1,8,209,6,2,0,1.0,0.0,0.0,0.0,0.0,0.0
22463,full_active,0,-124,0,67,"(50,100]",14,"[10,100)",4,"[1,5)",582,366-730,0,2,10,111,,0,0,42,50,6,2,0,1.0,0.0,0.0,0.0,0.0,0.0
22464,full_active,0,-124,1,102,"(100,150]",119,"[100,1k)",34,"[30,60)",978,730+,1,1,2,1166,8.0,0,1,20,202,5,2,2,0.0,0.0,0.0,0.0,0.0,0.0
22466,full_active,0,-124,1,6,"(0,10]",11,"[10,100)",1,"[1,5)",2294,730+,0,2,2,1160,4.0,0,0,15,93,6,3,2,1.0,0.0,0.0,0.0,0.0,0.0
22477,2_14_day_new,0,-124,1,24,"(10,50]",11,"[10,100)",2,"[1,5)",90,61-90,1,2,19,646,2.0,0,1,17,351,1,2,0,0.0,0.0,1.0,0.0,0.0,0.0
22489,high_active,0,-124,1,96,"(50,100]",15,"[10,100)",6,"[5,30)",568,366-730,0,2,10,230,1.0,0,1,5,270,5,0,0,1.0,0.0,0.0,0.0,0.0,0.0
22491,full_active,0,1,1,69,"(50,100]",49,"[10,100)",6,"[5,30)",1545,730+,0,3,31,368,1.0,0,0,31,299,6,2,0,1.0,0.0,0.0,0.0,0.0,0.0
22496,full_active,0,-124,1,29,"(10,50]",8,"[1,10)",3,"[1,5)",1618,730+,0,6,10,126,3.0,0,1,20,272,6,3,0,1.0,0.0,1.0,0.0,0.0,0.0
22501,full_active,0,-124,1,412,"(250,500]",269,"[100,1k)",171,"[120,250)",1361,730+,0,5,10,287,1.0,0,0,22,412,5,2,0,1.0,0.0,0.0,0.0,0.0,0.0
22502,high_active,0,-124,0,21,"(10,50]",2,"[1,10)",0,0,1755,730+,1,5,29,1344,1.0,0,0,28,367,3,2,0,,,,,,
22504,high_active,0,1,1,59,"(50,100]",30,"[10,100)",13,"[5,30)",2648,730+,1,4,2,1202,4.0,0,0,24,359,1,2,2,1.0,0.0,0.0,0.0,0.0,0.0
22506,full_active,0,-124,1,209,"(150,250]",2717,"[1k,5k)",194,"[120,250)",242,181-365,0,5,29,936,1.0,0,0,31,354,3,3,0,1.0,0.0,1.0,0.0,0.0,0.0
22507,full_active,0,1,1,97,"(50,100]",166,"[100,1k)",11,"[5,30)",2594,730+,0,2,2,1171,5.0,0,1,12,70,1,4,2,1.0,0.0,0.0,0.0,0.0,0.0
22513,full_active,0,-124,1,36,"(10,50]",3,"[1,10)",0,0,387,366-730,0,3,29,953,2.0,0,0,14,116,5,0,0,1.0,0.0,0.0,0.0,0.0,0.0
22521,full_active,0,-124,0,10,"(0,10]",3,"[1,10)",1,"[1,5)",264,181-365,1,4,19,634,2.0,0,0,30,185,1,3,0,1.0,0.0,0.0,0.0,0.0,0.0
22530,full_active,0,-124,1,1370,500+,16,"[10,100)",7,"[5,30)",1839,730+,1,4,19,646,2.0,0,0,13,117,6,3,0,1.0,0.0,1.0,0.0,0.0,0.0
22535,full_active,0,-124,0,141,"(100,150]",15,"[10,100)",6,"[5,30)",742,730+,1,4,29,906,1.0,0,0,13,188,3,3,0,1.0,1.0,1.0,0.0,1.0,1.0
22544,full_active,0,1,1,167,"(150,250]",111,"[100,1k)",47,"[30,60)",1677,730+,0,4,2,1171,5.0,0,0,30,185,1,3,2,1.0,0.0,0.0,0.0,0.0,0.0
22550,high_active,0,-124,1,531,500+,175,"[100,1k)",108,"[60,120)",1553,730+,0,0,2,1217,2.0,0,0,13,183,6,4,2,1.0,0.0,0.0,0.0,0.0,0.0
22558,full_active,0,-124,1,38,"(10,50]",10,"[10,100)",10,"[5,30)",64,61-90,0,5,29,1328,1.0,0,0,13,204,3,0,0,0.0,0.0,0.0,0.0,0.0,0.0
22561,full_active,0,-124,1,1496,500+,19,"[10,100)",19,"[5,30)",2123,730+,1,2,2,1171,5.0,0,1,18,413,4,4,2,0.0,0.0,0.0,0.0,0.0,0.0
22570,high_active,0,-124,1,51,"(50,100]",8,"[1,10)",4,"[1,5)",634,366-730,1,6,19,516,0.0,0,0,7,138,1,3,0,1.0,0.0,0.0,0.0,0.0,0.0
22579,2_14_day_new,0,-124,0,2486,500+,7,"[1,10)",8,"[5,30)",416,366-730,0,6,29,982,3.0,0,1,34,345,1,4,0,1.0,0.0,0.0,0.0,0.0,0.0
22582,full_active,0,-124,1,298,"(250,500]",19,"[10,100)",5,"[5,30)",2397,730+,0,4,2,1177,2.0,0,0,13,183,6,4,2,1.0,0.0,0.0,0.0,0.0,0.0
22585,full_active,0,1,1,147,"(100,150]",95,"[10,100)",33,"[30,60)",2680,730+,1,3,19,611,1.0,0,0,13,330,5,3,0,1.0,0.0,0.0,0.0,0.0,1.0
22591,high_active,0,-124,1,1771,500+,283,"[100,1k)",170,"[120,250)",1442,730+,0,6,29,964,1.0,0,0,26,329,1,2,0,1.0,0.0,0.0,0.0,0.0,0.0
22592,full_active,0,-124,1,299,"(250,500]",2266,"[1k,5k)",286,250+,407,366-730,0,1,2,1151,3.0,0,1,2,399,4,3,2,1.0,0.0,0.0,0.0,0.0,0.0
22599,high_active,0,-124,1,208,"(150,250]",5,"[1,10)",3,"[1,5)",1721,730+,1,3,2,1152,3.0,0,1,10,449,3,4,2,1.0,0.0,0.0,0.0,0.0,0.0
22607,full_active,0,-124,1,23,"(10,50]",17,"[10,100)",2,"[1,5)",1596,730+,1,4,19,571,1.0,0,0,31,42,6,3,0,1.0,0.0,1.0,0.0,0.0,0.0
22618,full_active,0,-124,0,621,500+,2,"[1,10)",0,0,1760,730+,0,2,10,604,2.0,0,1,18,175,3,0,0,1.0,0.0,0.0,0.0,0.0,0.0
22621,full_active,0,1,1,20,"(10,50]",238,"[100,1k)",17,"[5,30)",2615,730+,1,2,2,1162,8.0,0,1,8,349,3,3,2,0.0,0.0,0.0,0.0,0.0,0.0
22623,full_active,0,-124,1,334,"(250,500]",3417,"[1k,5k)",327,250+,1437,730+,0,6,10,341,3.0,0,0,14,116,5,2,0,1.0,0.0,0.0,0.0,0.0,0.0
22629,full_active,0,1,1,384,"(250,500]",403,"[100,1k)",148,"[120,250)",2258,730+,0,3,31,363,0.0,0,0,14,65,3,3,0,1.0,1.0,1.0,0.0,0.0,0.0
22633,full_active,0,1,1,466,"(250,500]",43,"[10,100)",38,"[30,60)",1175,730+,1,4,19,628,1.0,0,0,33,107,1,2,0,0.0,0.0,0.0,0.0,0.0,0.0
22635,low_active,0,-124,1,117,"(100,150]",109,"[100,1k)",109,"[60,120)",892,730+,1,1,2,1139,2.0,0,1,18,413,4,0,1,0.0,0.0,0.0,0.0,0.0,0.0
22657,full_active,0,-124,1,214,"(150,250]",1259,"[1k,5k)",3,"[1,5)",1048,730+,0,3,10,168,1.0,0,0,13,117,6,4,0,1.0,1.0,1.0,0.0,0.0,0.0
22666,full_active,0,1,1,432,"(250,500]",423,"[100,1k)",174,"[120,250)",975,730+,0,4,2,1159,3.0,0,0,22,239,1,3,2,0.0,0.0,0.0,0.0,0.0,0.0
22677,full_active,0,-124,1,2,"(0,10]",13,"[10,100)",0,0,1902,730+,1,3,2,1159,3.0,0,1,2,399,4,2,2,1.0,0.0,0.0,0.0,0.0,0.0
22691,high_active,0,-124,0,43,"(10,50]",1,"[1,10)",0,0,245,181-365,0,4,19,606,1.0,0,1,17,84,3,0,0,0.0,0.0,0.0,0.0,0.0,0.0
22693,full_active,0,-124,1,279,"(250,500]",25,"[10,100)",25,"[5,30)",835,730+,0,5,10,238,3.0,0,0,1,82,2,2,0,1.0,1.0,1.0,0.0,0.0,0.0
22700,full_active,0,1,1,122,"(100,150]",385,"[100,1k)",70,"[60,120)",2703,730+,0,2,2,1152,4.0,0,1,43,221,4,3,2,1.0,0.0,1.0,0.0,0.0,0.0
22704,full_active,0,-124,1,786,500+,876,"[100,1k)",772,250+,1611,730+,0,1,11,967,1.0,0,0,13,390,3,3,0,1.0,0.0,0.0,0.0,0.0,0.0
22706,full_active,0,-124,1,439,"(250,500]",617,"[100,1k)",387,250+,2013,730+,0,3,19,646,3.0,0,0,24,410,3,4,0,0.0,0.0,0.0,0.0,0.0,0.0
22720,middle_active,0,-124,1,36,"(10,50]",50,"[10,100)",31,"[30,60)",716,366-730,0,1,19,596,2.0,0,1,0,58,1,2,0,1.0,0.0,0.0,0.0,0.0,0.0
22734,full_active,0,1,1,121,"(100,150]",152,"[100,1k)",61,"[60,120)",801,730+,0,2,29,1385,1.0,0,0,42,50,6,2,0,1.0,0.0,0.0,0.0,0.0,0.0
22742,full_active,0,-124,1,38,"(10,50]",232,"[100,1k)",21,"[5,30)",2383,730+,0,2,2,1166,9.0,0,1,43,232,3,4,2,1.0,0.0,0.0,1.0,1.0,0.0
22746,full_active,0,1,1,679,500+,64,"[10,100)",29,"[5,30)",2034,730+,1,2,2,1153,4.0,0,0,24,137,5,2,2,1.0,0.0,0.0,0.0,0.0,0.0
22747,full_active,0,1,1,259,"(250,500]",20,"[10,100)",11,"[5,30)",1748,730+,1,4,2,1158,5.0,0,1,44,289,5,3,2,1.0,0.0,0.0,0.0,0.0,0.0
22751,full_active,0,-124,1,646,500+,28,"[10,100)",7,"[5,30)",1186,730+,1,5,10,50,1.0,0,0,24,410,3,3,0,0.0,1.0,1.0,0.0,0.0,1.0
22755,full_active,0,-124,1,347,"(250,500]",63,"[10,100)",56,"[30,60)",1612,730+,0,4,19,594,1.0,0,0,15,297,1,0,0,1.0,0.0,0.0,0.0,0.0,0.0
22763,full_active,0,-124,1,361,"(250,500]",1193,"[1k,5k)",344,250+,1729,730+,0,1,2,1152,3.0,0,0,13,183,6,3,2,1.0,0.0,0.0,0.0,0.0,0.0
22766,full_active,0,-124,1,135,"(100,150]",23,"[10,100)",20,"[5,30)",555,366-730,0,6,29,906,1.0,0,0,14,135,6,4,0,1.0,1.0,0.0,0.0,0.0,0.0
22770,full_active,0,-124,0,83,"(50,100]",36,"[10,100)",15,"[5,30)",2123,730+,1,5,19,532,1.0,0,0,38,139,4,2,0,1.0,0.0,0.0,0.0,0.0,0.0
22775,full_active,0,-124,1,1686,500+,93,"[10,100)",42,"[30,60)",1944,730+,1,6,2,1152,3.0,0,0,38,139,4,3,2,1.0,0.0,0.0,0.0,0.0,0.0
22787,middle_active,0,-124,1,2,"(0,10]",5,"[1,10)",1,"[1,5)",445,366-730,1,1,2,1160,4.0,0,0,24,45,3,3,2,1.0,0.0,0.0,0.0,0.0,0.0
22790,full_active,0,-124,0,44,"(10,50]",4,"[1,10)",1,"[1,5)",392,366-730,0,4,15,390,0.0,0,0,31,193,3,3,0,1.0,0.0,0.0,0.0,0.0,0.0
22796,full_active,0,-124,1,252,"(250,500]",9,"[1,10)",5,"[5,30)",1040,730+,0,2,19,573,1.0,0,1,8,36,4,2,0,1.0,0.0,0.0,0.0,0.0,0.0
22798,high_active,0,1,1,138,"(100,150]",22,"[10,100)",8,"[5,30)",2596,730+,1,2,31,377,1.0,0,1,8,434,3,2,0,1.0,0.0,0.0,0.0,0.0,0.0
22799,full_active,0,-124,1,2084,500+,888,"[100,1k)",717,250+,917,730+,0,2,15,394,0.0,0,1,9,324,3,4,0,0.0,0.0,0.0,0.0,0.0,0.0
22806,full_active,0,-124,1,268,"(250,500]",115,"[100,1k)",114,"[60,120)",1493,730+,0,1,19,568,0.0,0,1,10,373,5,2,0,1.0,0.0,1.0,0.0,0.0,0.0
22809,high_active,0,-124,1,122,"(100,150]",10,"[10,100)",0,0,1733,730+,1,4,10,765,2.0,0,0,13,267,6,3,0,0.0,0.0,0.0,0.0,0.0,0.0
22815,high_active,0,-124,1,349,"(250,500]",48,"[10,100)",15,"[5,30)",1542,730+,0,6,19,513,0.0,0,0,19,48,1,3,0,1.0,0.0,0.0,0.0,0.0,0.0
22818,full_active,0,1,1,169,"(150,250]",115,"[100,1k)",66,"[60,120)",1771,730+,0,4,10,66,3.0,0,0,13,361,1,3,0,1.0,0.0,0.0,0.0,0.0,0.0
22822,full_active,0,-124,1,31,"(10,50]",25,"[10,100)",11,"[5,30)",1168,730+,1,4,10,232,1.0,0,1,32,33,2,3,0,,,,,,
22827,2_14_day_new,0,-124,1,1671,500+,544,"[100,1k)",435,250+,1102,730+,0,6,18,483,1.0,0,0,7,427,1,3,0,0.0,0.0,0.0,0.0,0.0,0.0
22829,high_active,0,-124,1,200,"(150,250]",46,"[10,100)",26,"[5,30)",1983,730+,0,4,2,1160,4.0,0,0,24,264,4,2,2,0.0,0.0,0.0,0.0,0.0,0.0
22830,full_active,0,1,1,36,"(10,50]",67,"[10,100)",23,"[5,30)",1188,730+,1,5,19,570,0.0,0,0,31,42,6,3,0,1.0,0.0,0.0,0.0,0.0,0.0
22834,full_active,0,-124,1,374,"(250,500]",95,"[10,100)",27,"[5,30)",1558,730+,1,6,29,891,1.0,0,0,24,137,5,2,0,0.0,0.0,0.0,0.0,0.0,0.0
22836,full_active,0,-124,1,3,"(0,10]",8,"[1,10)",1,"[1,5)",296,181-365,1,3,29,973,1.0,0,1,43,230,1,3,0,1.0,0.0,0.0,0.0,0.0,0.0
22837,middle_active,0,-124,1,406,"(250,500]",601,"[100,1k)",400,250+,612,366-730,1,1,2,1177,2.0,0,1,8,269,3,3,2,0.0,0.0,0.0,0.0,0.0,0.0
22841,full_active,0,-124,1,116,"(100,150]",2641,"[1k,5k)",67,"[60,120)",1628,730+,1,5,19,637,1.0,0,0,31,343,3,2,0,1.0,0.0,0.0,0.0,0.0,0.0
22845,full_active,0,-124,1,219,"(150,250]",207,"[100,1k)",6,"[5,30)",1130,730+,1,4,10,118,3.0,0,1,9,375,1,3,0,1.0,0.0,0.0,0.0,0.0,0.0
22849,full_active,0,-124,0,118,"(100,150]",2,"[1,10)",1,"[1,5)",1312,730+,1,4,10,552,3.0,0,1,34,201,4,3,0,1.0,0.0,0.0,0.0,0.0,0.0
22851,full_active,0,-124,0,85,"(50,100]",0,0,0,0,1611,730+,0,3,2,1160,4.0,0,0,24,264,4,2,2,1.0,0.0,0.0,0.0,0.0,0.0
22857,middle_active,0,-124,1,160,"(150,250]",114,"[100,1k)",83,"[60,120)",1158,730+,1,1,29,958,1.0,0,1,43,250,1,3,0,0.0,0.0,0.0,0.0,0.0,0.0
22858,full_active,0,-124,0,14,"(10,50]",2,"[1,10)",0,0,786,730+,1,3,29,908,1.0,0,1,44,147,4,3,0,1.0,0.0,0.0,0.0,0.0,0.0
22868,full_active,0,-124,1,50,"(10,50]",107,"[100,1k)",45,"[30,60)",1571,730+,1,1,10,272,3.0,0,0,24,403,1,4,0,1.0,0.0,0.0,0.0,0.0,0.0
22876,full_active,0,1,1,862,500+,507,"[100,1k)",314,250+,2433,730+,0,3,19,633,2.0,0,1,44,289,5,0,0,1.0,0.0,0.0,0.0,0.0,0.0
22890,high_active,0,-124,0,114,"(100,150]",3,"[1,10)",0,0,871,730+,1,4,10,765,2.0,0,0,26,408,6,4,0,,,,,,
22911,high_active,0,-124,1,1411,500+,730,"[100,1k)",431,250+,962,730+,0,5,10,868,0.0,0,0,13,333,6,3,0,0.0,1.0,0.0,0.0,0.0,0.0
22912,full_active,0,-124,0,117,"(100,150]",5,"[1,10)",4,"[1,5)",149,91-180,1,0,29,906,1.0,0,0,31,42,6,2,0,1.0,0.0,0.0,0.0,0.0,0.0
22917,full_active,0,-124,1,34,"(10,50]",89,"[10,100)",32,"[30,60)",1498,730+,0,1,10,230,1.0,0,1,9,88,5,3,0,1.0,0.0,0.0,0.0,0.0,0.0
22921,full_active,0,-124,1,134,"(100,150]",50,"[10,100)",36,"[30,60)",1624,730+,1,4,2,1165,6.0,0,0,13,183,6,4,2,1.0,0.0,0.0,0.0,0.0,0.0
22924,middle_active,0,-124,1,1168,500+,112,"[100,1k)",82,"[60,120)",1717,730+,0,1,2,1153,5.0,0,0,15,394,4,2,2,1.0,0.0,0.0,0.0,0.0,0.0
22934,full_active,0,1,1,1943,500+,647,"[100,1k)",134,"[120,250)",2025,730+,1,5,31,459,3.0,0,1,8,36,4,4,0,0.0,0.0,0.0,0.0,0.0,0.0
22938,full_active,0,-124,1,305,"(250,500]",51,"[10,100)",7,"[5,30)",1222,730+,0,4,2,1158,7.0,0,0,30,251,3,0,2,1.0,0.0,0.0,0.0,1.0,0.0
22940,high_active,0,-124,1,278,"(250,500]",1271,"[1k,5k)",275,250+,835,730+,0,1,19,622,1.0,0,1,34,169,1,3,0,1.0,0.0,0.0,0.0,0.0,0.0
22944,high_active,0,-124,1,47,"(10,50]",244,"[100,1k)",47,"[30,60)",774,730+,0,1,29,972,1.0,0,1,17,253,4,2,0,1.0,0.0,0.0,0.0,0.0,0.0
22957,high_active,0,-124,1,355,"(250,500]",81,"[10,100)",17,"[5,30)",1158,730+,1,4,29,913,,0,0,13,117,6,3,0,1.0,0.0,1.0,0.0,0.0,0.0
22959,full_active,0,-124,1,10,"(0,10]",17,"[10,100)",8,"[5,30)",877,730+,0,2,10,69,1.0,0,1,34,80,1,4,0,1.0,0.0,0.0,0.0,0.0,0.0
22967,full_active,0,-124,1,3,"(0,10]",7,"[1,10)",2,"[1,5)",758,730+,0,1,28,1270,1.0,0,1,10,254,3,3,0,1.0,0.0,0.0,0.0,0.0,0.0
22968,2_14_day_new,0,-124,1,568,500+,256,"[100,1k)",96,"[60,120)",1426,730+,0,0,29,904,2.0,0,0,31,271,6,3,0,0.0,0.0,0.0,0.0,0.0,0.0
22970,full_active,0,-124,1,213,"(150,250]",459,"[100,1k)",206,"[120,250)",1745,730+,0,1,29,949,1.0,0,0,13,188,3,4,0,1.0,0.0,0.0,0.0,0.0,0.0
22974,middle_active,0,-124,1,405,"(250,500]",119,"[100,1k)",119,"[60,120)",261,181-365,1,1,48,698,1.0,0,1,43,226,1,3,0,0.0,0.0,0.0,0.0,0.0,0.0
22976,full_active,0,-124,1,2045,500+,790,"[100,1k)",493,250+,1712,730+,0,4,10,183,2.0,0,0,13,67,6,3,0,1.0,0.0,0.0,0.0,0.0,0.0
22978,high_active,0,-124,1,327,"(250,500]",25,"[10,100)",10,"[5,30)",2516,730+,1,2,10,475,6.0,0,0,14,116,5,2,0,1.0,0.0,0.0,1.0,1.0,1.0
22979,full_active,0,1,1,602,500+,229,"[100,1k)",218,"[120,250)",2653,730+,1,3,28,68,,0,0,1,82,2,2,0,1.0,0.0,0.0,0.0,0.0,0.0
22980,middle_active,0,-124,1,36,"(10,50]",12,"[10,100)",2,"[1,5)",1444,730+,0,6,29,940,1.0,0,1,34,79,1,2,0,1.0,0.0,0.0,0.0,0.0,0.0
22983,full_active,0,-124,1,418,"(250,500]",421,"[100,1k)",273,250+,950,730+,0,2,19,634,2.0,0,1,43,221,4,4,0,0.0,0.0,0.0,0.0,0.0,0.0
22987,full_active,0,-124,1,544,500+,27,"[10,100)",9,"[5,30)",1190,730+,0,5,29,978,1.0,0,0,13,117,6,2,0,1.0,0.0,1.0,0.0,0.0,0.0
23005,full_active,0,-124,1,54,"(50,100]",57,"[10,100)",6,"[5,30)",713,366-730,1,4,19,597,2.0,0,1,44,101,5,2,0,0.0,1.0,0.0,0.0,0.0,0.0
23009,full_active,0,-124,1,260,"(250,500]",369,"[100,1k)",251,250+,771,730+,1,1,19,641,1.0,0,0,1,82,2,3,0,1.0,0.0,0.0,0.0,0.0,0.0
23013,full_active,0,-124,1,3855,500+,1055,"[1k,5k)",620,250+,267,181-365,0,0,19,641,1.0,0,1,44,238,4,0,0,1.0,0.0,0.0,0.0,0.0,0.0
23024,full_active,0,-124,1,217,"(150,250]",14,"[10,100)",4,"[1,5)",806,730+,1,2,29,920,1.0,0,1,8,64,5,2,0,0.0,0.0,0.0,0.0,0.0,0.0
23025,high_active,0,-124,1,308,"(250,500]",49,"[10,100)",24,"[5,30)",1002,730+,1,5,10,243,0.0,0,0,38,139,4,3,0,1.0,0.0,1.0,0.0,0.0,0.0
23035,full_active,0,1,1,25,"(10,50]",263,"[100,1k)",17,"[5,30)",1067,730+,1,2,2,1152,3.0,0,1,0,58,1,2,2,1.0,0.0,0.0,0.0,0.0,0.0
23038,full_active,0,-124,1,3184,500+,1773,"[1k,5k)",1072,250+,1092,730+,0,4,29,909,1.0,0,0,22,320,1,2,0,1.0,0.0,0.0,0.0,0.0,0.0
23039,full_active,0,-124,1,10,"(0,10]",0,0,0,0,1609,730+,1,4,29,947,1.0,0,0,19,396,3,0,0,1.0,0.0,0.0,0.0,0.0,0.0
23045,full_active,0,-124,1,32,"(10,50]",263,"[100,1k)",32,"[30,60)",255,181-365,1,1,2,1220,2.0,0,0,14,135,6,2,2,0.0,0.0,0.0,0.0,0.0,0.0
23054,middle_active,0,-124,0,1563,500+,7,"[1,10)",3,"[1,5)",1501,730+,1,4,2,1205,2.0,0,1,9,243,6,2,2,1.0,0.0,0.0,0.0,0.0,0.0
23067,middle_active,0,1,1,2629,500+,197,"[100,1k)",141,"[120,250)",921,730+,0,4,10,79,0.0,0,0,13,333,6,4,0,1.0,0.0,0.0,0.0,0.0,0.0
23070,full_active,0,-124,1,409,"(250,500]",475,"[100,1k)",179,"[120,250)",1564,730+,0,3,29,950,1.0,0,1,43,136,3,3,0,1.0,1.0,0.0,0.0,0.0,0.0
23084,full_active,0,-124,1,308,"(250,500]",536,"[100,1k)",282,250+,847,730+,0,1,19,517,0.0,0,1,18,196,3,3,0,1.0,0.0,0.0,0.0,0.0,0.0
23091,full_active,0,-124,0,1,"(0,10]",3,"[1,10)",0,0,426,366-730,1,1,34,960,1.0,0,0,15,109,3,3,0,0.0,0.0,0.0,0.0,0.0,0.0
23099,full_active,0,-124,1,72,"(50,100]",331,"[100,1k)",58,"[30,60)",1073,730+,0,1,29,931,1.0,0,1,43,226,1,3,0,0.0,0.0,0.0,0.0,0.0,0.0
23102,full_active,0,1,1,155,"(150,250]",150,"[100,1k)",113,"[60,120)",116,91-180,1,1,19,622,1.0,0,1,9,310,3,3,0,0.0,0.0,0.0,0.0,0.0,0.0
23108,middle_active,0,-124,1,230,"(150,250]",6,"[1,10)",3,"[1,5)",194,181-365,0,2,10,327,0.0,0,0,30,406,1,2,0,0.0,0.0,0.0,0.0,0.0,0.0
23110,high_active,0,-124,0,307,"(250,500]",16,"[10,100)",11,"[5,30)",583,366-730,1,4,2,1158,5.0,0,1,34,201,4,0,2,0.0,0.0,0.0,0.0,0.0,1.0
23113,full_active,0,1,1,31,"(10,50]",956,"[100,1k)",16,"[5,30)",2076,730+,1,3,2,1180,2.0,0,0,31,296,3,2,2,1.0,0.0,0.0,0.0,0.0,1.0
23116,full_active,0,-124,0,1,"(0,10]",8,"[1,10)",0,0,75,61-90,1,4,19,646,2.0,0,1,43,221,4,0,0,0.0,0.0,0.0,0.0,0.0,0.0
23122,high_active,0,-124,0,5,"(0,10]",1,"[1,10)",1,"[1,5)",37,31-60,1,2,2,1158,7.0,0,1,21,103,3,4,2,1.0,0.0,0.0,0.0,0.0,0.0
23133,middle_active,0,-124,0,55,"(50,100]",1,"[1,10)",1,"[1,5)",97,91-180,1,1,29,1351,1.0,0,1,9,268,1,3,0,0.0,0.0,0.0,0.0,0.0,0.0
23135,high_active,0,-124,0,3,"(0,10]",3,"[1,10)",0,0,726,366-730,1,2,2,1151,3.0,0,1,34,179,1,0,2,0.0,0.0,0.0,0.0,0.0,1.0
23163,full_active,0,-124,1,28,"(10,50]",54,"[10,100)",3,"[1,5)",1278,730+,1,3,10,327,0.0,0,1,9,88,5,2,0,0.0,0.0,0.0,0.0,0.0,0.0
23164,full_active,0,-124,0,6,"(0,10]",9,"[1,10)",0,0,1081,730+,1,5,2,1152,3.0,0,1,17,253,4,3,2,1.0,0.0,0.0,0.0,0.0,0.0
23165,low_active,0,-124,1,132,"(100,150]",68,"[10,100)",13,"[5,30)",2306,730+,1,4,2,1180,2.0,0,0,13,330,5,2,2,0.0,0.0,0.0,1.0,1.0,0.0
23167,full_active,0,-124,1,23,"(10,50]",6,"[1,10)",3,"[1,5)",30,15-30,0,1,2,1151,3.0,0,1,21,91,5,4,2,1.0,0.0,0.0,0.0,0.0,0.0
23183,middle_active,0,-124,1,351,"(250,500]",204,"[100,1k)",152,"[120,250)",993,730+,0,1,19,606,1.0,0,0,15,274,6,4,0,1.0,0.0,1.0,0.0,0.0,0.0
23191,high_active,0,1,1,300,"(250,500]",2311,"[1k,5k)",4,"[1,5)",1590,730+,1,4,2,1159,4.0,0,1,8,181,2,2,2,1.0,0.0,1.0,0.0,0.0,0.0
23193,full_active,0,-124,1,115,"(100,150]",5,"[1,10)",0,0,1310,730+,0,4,19,582,2.0,0,0,31,275,5,2,0,1.0,0.0,0.0,0.0,0.0,0.0
23213,high_active,0,1,1,68,"(50,100]",14,"[10,100)",2,"[1,5)",1159,730+,1,6,29,941,2.0,0,0,24,327,3,2,0,1.0,0.0,0.0,0.0,0.0,0.0
23216,full_active,0,-124,1,20,"(10,50]",5,"[1,10)",0,0,246,181-365,0,6,10,1025,3.0,0,1,5,95,5,2,0,0.0,0.0,1.0,0.0,0.0,0.0
23224,high_active,0,-124,1,123,"(100,150]",12,"[10,100)",8,"[5,30)",666,366-730,1,5,19,567,0.0,0,0,19,378,3,2,0,1.0,0.0,1.0,0.0,0.0,0.0
23225,high_active,0,-124,1,19,"(10,50]",26,"[10,100)",6,"[5,30)",2491,730+,1,2,2,1168,7.0,0,1,9,243,6,2,2,1.0,0.0,0.0,0.0,0.0,0.0
23226,full_active,0,1,1,110,"(100,150]",144,"[100,1k)",13,"[5,30)",1859,730+,1,4,29,929,2.0,0,0,13,390,3,3,0,0.0,0.0,1.0,0.0,0.0,0.0
23232,2_14_day_new,0,-124,1,79,"(50,100]",78,"[10,100)",77,"[60,120)",1311,730+,0,2,13,352,1.0,0,0,15,394,4,2,0,0.0,0.0,1.0,0.0,1.0,0.0
23244,high_active,0,-124,0,54,"(50,100]",6,"[1,10)",6,"[5,30)",252,181-365,1,4,24,828,7.0,0,0,13,390,3,3,0,1.0,0.0,1.0,0.0,0.0,0.0
23247,2_14_day_new,0,-124,1,383,"(250,500]",89,"[10,100)",41,"[30,60)",1025,730+,1,2,10,851,3.0,0,0,22,412,5,2,0,1.0,0.0,0.0,0.0,0.0,0.0
23248,full_active,0,-124,1,17,"(10,50]",5,"[1,10)",0,0,1745,730+,0,2,29,1344,1.0,0,1,0,160,3,4,0,,,,,,
23257,full_active,0,-124,1,31,"(10,50]",29,"[10,100)",23,"[5,30)",778,730+,0,1,10,243,0.0,0,1,18,362,6,2,0,1.0,0.0,1.0,0.0,0.0,0.0
23267,full_active,0,-124,1,191,"(150,250]",14,"[10,100)",4,"[1,5)",449,366-730,1,5,29,906,1.0,0,0,19,378,3,3,0,1.0,0.0,0.0,0.0,0.0,0.0
23274,full_active,0,1,1,271,"(250,500]",449,"[100,1k)",15,"[5,30)",2306,730+,1,3,10,127,2.0,0,0,30,368,4,2,0,1.0,0.0,0.0,0.0,0.0,0.0
23280,full_active,0,-124,1,253,"(250,500]",11,"[10,100)",3,"[1,5)",1620,730+,1,3,28,210,,0,1,43,336,3,0,0,1.0,0.0,0.0,0.0,0.0,0.0
23287,full_active,0,-124,1,411,"(250,500]",57,"[10,100)",25,"[5,30)",1612,730+,0,3,19,615,2.0,0,1,10,389,6,0,0,1.0,0.0,0.0,0.0,0.0,0.0
23290,full_active,0,-124,1,38,"(10,50]",26,"[10,100)",14,"[5,30)",1388,730+,0,2,2,1165,6.0,0,0,22,239,1,0,2,1.0,0.0,1.0,1.0,0.0,0.0
23291,high_active,0,-124,0,38,"(10,50]",1,"[1,10)",1,"[1,5)",447,366-730,1,4,31,754,1.0,0,0,1,82,2,0,0,1.0,0.0,1.0,0.0,0.0,0.0
23292,full_active,0,-124,1,90,"(50,100]",469,"[100,1k)",89,"[60,120)",1179,730+,0,1,29,906,1.0,0,1,17,156,6,3,0,1.0,0.0,0.0,0.0,0.0,0.0
23295,full_active,0,-124,0,63,"(50,100]",8,"[1,10)",6,"[5,30)",450,366-730,1,6,29,933,2.0,0,0,22,186,3,2,0,0.0,1.0,0.0,0.0,0.0,0.0
23304,high_active,0,-124,1,593,500+,8,"[1,10)",4,"[1,5)",1226,730+,1,2,29,984,3.0,0,1,43,366,3,3,0,1.0,0.0,1.0,1.0,1.0,0.0
23308,high_active,0,-124,1,145,"(100,150]",10,"[10,100)",3,"[1,5)",2083,730+,0,2,2,1160,4.0,0,0,15,441,1,3,2,1.0,0.0,0.0,0.0,0.0,0.0
23311,high_active,0,-124,0,45,"(10,50]",3,"[1,10)",3,"[1,5)",219,181-365,0,0,2,1177,2.0,0,1,8,349,3,0,2,1.0,0.0,0.0,0.0,0.0,0.0
23312,full_active,0,1,1,461,"(250,500]",434,"[100,1k)",318,250+,2805,730+,1,3,19,634,2.0,0,0,26,124,1,3,0,1.0,0.0,0.0,0.0,0.0,0.0
23314,full_active,0,-124,1,174,"(150,250]",17,"[10,100)",8,"[5,30)",1149,730+,1,1,29,940,1.0,0,0,31,271,6,2,0,0.0,0.0,0.0,0.0,0.0,0.0
23315,full_active,0,1,1,58,"(50,100]",803,"[100,1k)",58,"[30,60)",1376,730+,0,2,29,936,1.0,0,0,15,394,4,2,0,1.0,0.0,0.0,0.0,0.0,0.0
23319,high_active,0,-124,1,113,"(100,150]",21,"[10,100)",9,"[5,30)",903,730+,0,6,10,168,1.0,0,0,31,193,3,3,0,0.0,0.0,0.0,0.0,0.0,0.0
23323,high_active,0,-124,1,1222,500+,199,"[100,1k)",157,"[120,250)",1168,730+,0,4,29,926,1.0,0,0,19,81,6,0,0,0.0,0.0,0.0,0.0,0.0,0.0
23328,full_active,0,-124,1,297,"(250,500]",3627,"[1k,5k)",114,"[60,120)",2184,730+,1,4,38,500,4.0,0,0,13,267,6,3,0,1.0,0.0,0.0,0.0,0.0,0.0
23329,high_active,0,-124,0,64,"(50,100]",6,"[1,10)",1,"[1,5)",749,730+,0,6,19,575,1.0,0,1,18,393,3,3,0,1.0,1.0,0.0,0.0,0.0,0.0
23339,full_active,0,1,1,188,"(150,250]",195,"[100,1k)",115,"[60,120)",980,730+,0,2,19,611,1.0,0,0,33,414,1,3,0,1.0,1.0,0.0,0.0,0.0,0.0
23346,high_active,0,-124,1,106,"(100,150]",9,"[1,10)",2,"[1,5)",2587,730+,0,2,19,611,1.0,0,1,21,91,5,0,0,0.0,0.0,0.0,0.0,0.0,0.0
23347,high_active,0,-124,1,13,"(10,50]",29,"[10,100)",8,"[5,30)",1650,730+,1,3,19,628,1.0,0,0,19,378,3,2,0,1.0,0.0,0.0,0.0,0.0,0.0
23348,full_active,0,-124,1,245,"(150,250]",29,"[10,100)",11,"[5,30)",1539,730+,1,4,22,371,1.0,0,0,13,67,6,2,0,1.0,1.0,1.0,0.0,0.0,0.0
23360,full_active,0,-124,1,61,"(50,100]",2,"[1,10)",0,0,462,366-730,1,4,2,1181,1.0,0,1,0,102,5,3,2,,,,,,
23369,full_active,0,-124,1,417,"(250,500]",119,"[100,1k)",82,"[60,120)",1834,730+,0,2,31,26,2.0,0,0,42,223,1,3,0,1.0,0.0,0.0,0.0,0.0,0.0
23377,middle_active,0,1,1,1666,500+,2291,"[1k,5k)",1458,250+,1288,730+,0,1,2,1180,2.0,0,1,43,211,1,3,2,0.0,0.0,0.0,0.0,0.0,0.0
23384,middle_active,0,-124,1,44,"(10,50]",527,"[100,1k)",41,"[30,60)",567,366-730,0,4,2,1160,4.0,0,1,43,136,3,3,2,1.0,0.0,0.0,0.0,0.0,0.0
23385,full_active,0,-124,1,292,"(250,500]",10,"[10,100)",9,"[5,30)",1194,730+,1,3,10,242,1.0,0,1,34,201,4,3,0,0.0,0.0,0.0,0.0,0.0,0.0
23392,high_active,0,-124,1,455,"(250,500]",99,"[10,100)",37,"[30,60)",844,730+,1,0,29,1360,1.0,0,1,43,336,3,3,0,0.0,0.0,0.0,0.0,0.0,0.0
23394,high_active,0,-124,1,9,"(0,10]",6,"[1,10)",2,"[1,5)",246,181-365,1,4,29,1340,1.0,0,0,15,304,1,4,0,1.0,0.0,0.0,0.0,0.0,0.0
23396,full_active,0,1,1,2525,500+,312,"[100,1k)",218,"[120,250)",1208,730+,1,4,31,731,0.0,0,0,30,251,3,4,0,1.0,0.0,0.0,0.0,0.0,0.0
23397,full_active,0,-124,1,383,"(250,500]",477,"[100,1k)",348,250+,583,366-730,1,1,2,1152,3.0,0,0,31,354,3,3,2,0.0,0.0,0.0,0.0,0.0,0.0
23405,full_active,0,1,1,508,500+,9,"[1,10)",4,"[1,5)",1817,730+,1,4,2,1158,7.0,0,1,2,399,4,3,2,1.0,0.0,0.0,0.0,0.0,0.0
23406,full_active,0,-124,0,251,"(250,500]",38,"[10,100)",6,"[5,30)",1323,730+,1,6,19,559,2.0,0,0,19,111,6,3,0,1.0,0.0,0.0,0.0,0.0,0.0
23415,full_active,0,1,1,673,500+,578,"[100,1k)",501,250+,448,366-730,0,1,2,1152,4.0,0,1,18,293,1,3,2,1.0,0.0,0.0,0.0,0.0,0.0
23419,full_active,0,-124,0,4534,500+,4,"[1,10)",1,"[1,5)",1486,730+,1,2,2,1160,4.0,0,1,20,348,4,4,2,0.0,0.0,0.0,0.0,0.0,0.0
23420,high_active,0,-124,1,304,"(250,500]",12,"[10,100)",7,"[5,30)",889,730+,0,0,19,544,2.0,0,0,13,183,6,0,0,1.0,0.0,0.0,0.0,0.0,0.0
23423,high_active,0,-124,1,87,"(50,100]",6,"[1,10)",4,"[1,5)",729,366-730,1,1,19,513,0.0,0,0,7,317,1,3,0,1.0,0.0,0.0,0.0,0.0,0.0
23426,full_active,0,1,1,17,"(10,50]",318,"[100,1k)",1,"[1,5)",738,730+,0,2,29,919,1.0,0,0,38,139,4,2,0,1.0,0.0,0.0,0.0,0.0,0.0
23434,full_active,0,-124,1,1389,500+,583,"[100,1k)",582,250+,1135,730+,0,1,48,700,1.0,0,0,7,427,1,4,0,1.0,0.0,0.0,0.0,0.0,0.0
23438,full_active,0,-124,0,291,"(250,500]",18,"[10,100)",0,0,1190,730+,1,6,29,973,1.0,0,1,20,191,5,3,0,1.0,0.0,0.0,0.0,0.0,0.0
23439,full_active,0,-124,1,164,"(150,250]",72,"[10,100)",39,"[30,60)",1347,730+,1,4,29,936,1.0,0,1,43,221,4,4,0,1.0,0.0,1.0,0.0,0.0,0.0
23447,full_active,0,-124,1,1038,500+,198,"[100,1k)",173,"[120,250)",1564,730+,1,5,2,1152,3.0,0,0,24,206,1,4,2,1.0,1.0,0.0,0.0,0.0,0.0
23460,full_active,0,-124,1,845,500+,66,"[10,100)",34,"[30,60)",1228,730+,1,4,19,622,1.0,0,0,33,227,3,4,0,0.0,0.0,0.0,0.0,0.0,0.0
23467,full_active,0,1,1,173,"(150,250]",209,"[100,1k)",130,"[120,250)",1057,730+,1,4,48,691,1.0,0,1,43,43,1,3,0,1.0,0.0,0.0,0.0,0.0,0.0
23475,middle_active,0,-124,1,85,"(50,100]",39,"[10,100)",2,"[1,5)",551,366-730,1,4,10,477,8.0,0,0,33,107,1,2,0,0.0,1.0,0.0,0.0,0.0,0.0
23482,full_active,0,-124,1,920,500+,479,"[100,1k)",465,250+,625,366-730,1,5,10,131,2.0,0,1,2,399,4,2,0,1.0,0.0,0.0,0.0,0.0,0.0
23485,full_active,0,-124,1,81,"(50,100]",13,"[10,100)",2,"[1,5)",959,730+,1,2,29,985,4.0,0,0,1,82,2,2,0,1.0,0.0,1.0,0.0,0.0,0.0
23487,high_active,0,-124,1,242,"(150,250]",64,"[10,100)",57,"[30,60)",1392,730+,1,2,28,36,,0,1,43,221,4,3,0,1.0,0.0,0.0,0.0,0.0,0.0
23488,full_active,0,-124,1,540,500+,77,"[10,100)",61,"[60,120)",831,730+,0,6,29,890,0.0,0,1,10,254,3,3,0,1.0,0.0,0.0,0.0,0.0,0.0
23492,full_active,0,1,1,56,"(50,100]",21,"[10,100)",2,"[1,5)",2653,730+,0,3,2,1180,2.0,0,0,24,433,6,2,2,1.0,0.0,0.0,0.0,0.0,0.0
23496,full_active,0,-124,1,23,"(10,50]",23,"[10,100)",8,"[5,30)",1510,730+,0,2,29,920,1.0,0,1,43,211,1,3,0,1.0,0.0,0.0,0.0,0.0,0.0
23497,full_active,0,1,1,534,500+,793,"[100,1k)",483,250+,780,730+,0,1,2,1160,4.0,0,1,21,34,6,4,2,1.0,0.0,0.0,0.0,0.0,0.0
23499,full_active,0,1,1,18,"(10,50]",1315,"[1k,5k)",18,"[5,30)",773,730+,0,6,2,1156,5.0,0,1,8,181,2,4,2,1.0,0.0,0.0,0.0,0.0,0.0
23502,high_active,0,1,1,1135,500+,1482,"[1k,5k)",1123,250+,1109,730+,1,3,22,371,1.0,0,1,20,191,5,0,0,1.0,1.0,0.0,0.0,0.0,0.0
23527,full_active,0,-124,1,15,"(10,50]",70,"[10,100)",2,"[1,5)",166,91-180,0,0,19,578,1.0,0,0,14,116,5,3,0,0.0,0.0,0.0,0.0,0.0,0.0
23529,full_active,0,-124,1,40,"(10,50]",158,"[100,1k)",29,"[5,30)",1332,730+,0,1,19,601,1.0,0,0,7,40,1,3,0,1.0,0.0,0.0,0.0,0.0,0.0
23541,2_14_day_new,0,-124,1,9,"(0,10]",8,"[1,10)",4,"[1,5)",640,366-730,1,4,19,529,1.0,0,0,30,368,4,3,0,0.0,0.0,0.0,0.0,0.0,0.0
23545,full_active,0,-124,0,170,"(150,250]",2,"[1,10)",1,"[1,5)",191,181-365,1,4,29,978,1.0,0,1,43,221,4,0,0,1.0,1.0,1.0,0.0,0.0,0.0
23552,full_active,0,-124,0,24,"(10,50]",0,0,0,0,81,61-90,1,0,19,516,0.0,0,0,7,154,1,3,0,0.0,0.0,0.0,0.0,0.0,0.0
23554,full_active,0,-124,0,24,"(10,50]",0,0,0,0,766,730+,1,4,10,166,1.0,0,1,34,80,1,3,0,1.0,0.0,0.0,0.0,0.0,0.0
23570,full_active,0,-124,1,200,"(150,250]",15,"[10,100)",8,"[5,30)",1183,730+,1,2,2,1207,6.0,0,0,31,193,3,3,2,1.0,0.0,0.0,0.0,0.0,0.0
23571,full_active,0,-124,1,163,"(150,250]",177,"[100,1k)",77,"[60,120)",1955,730+,0,4,2,1171,5.0,0,0,24,137,5,3,2,0.0,1.0,0.0,0.0,0.0,0.0
23573,full_active,0,-124,1,264,"(250,500]",94,"[10,100)",67,"[60,120)",792,730+,0,2,19,570,0.0,0,0,14,135,6,3,0,0.0,1.0,0.0,0.0,0.0,0.0
23578,high_active,0,1,1,551,500+,261,"[100,1k)",87,"[60,120)",1848,730+,1,6,29,1316,1.0,0,0,33,195,1,3,0,0.0,0.0,0.0,0.0,0.0,0.0
23586,full_active,0,-124,1,313,"(250,500]",11,"[10,100)",5,"[5,30)",1522,730+,0,1,19,656,2.0,0,0,1,82,2,0,0,1.0,1.0,1.0,0.0,0.0,0.0
23589,high_active,0,-124,0,265,"(250,500]",16,"[10,100)",3,"[1,5)",1555,730+,1,5,29,902,3.0,0,0,19,409,1,4,0,1.0,0.0,0.0,0.0,0.0,0.0
23594,high_active,0,-124,0,0,0,0,0,0,0,21,15-30,1,1,9,296,0.0,0,1,43,230,1,0,0,1.0,0.0,0.0,0.0,0.0,0.0
23599,high_active,0,-124,0,151,"(150,250]",0,0,0,0,680,366-730,0,2,2,1158,7.0,0,0,24,264,4,0,2,1.0,0.0,0.0,0.0,0.0,0.0
23607,full_active,0,-124,1,203,"(150,250]",195,"[100,1k)",183,"[120,250)",1197,730+,0,2,24,804,2.0,0,1,34,376,1,3,0,0.0,0.0,0.0,0.0,0.0,0.0
23614,high_active,0,-124,0,77,"(50,100]",1,"[1,10)",1,"[1,5)",463,366-730,1,3,19,578,1.0,0,1,8,349,3,2,0,0.0,0.0,0.0,0.0,0.0,0.0
23625,single_low_active,0,-124,1,29,"(10,50]",22,"[10,100)",6,"[5,30)",708,366-730,0,5,19,641,1.0,0,1,0,284,1,3,0,0.0,0.0,0.0,0.0,0.0,0.0
23633,high_active,0,-124,0,42,"(10,50]",0,0,0,0,25,15-30,1,4,29,1318,1.0,0,0,31,299,6,0,0,0.0,0.0,0.0,0.0,0.0,0.0
23637,high_active,0,-124,1,267,"(250,500]",20,"[10,100)",11,"[5,30)",1787,730+,0,3,2,1177,2.0,0,1,8,209,6,3,2,1.0,1.0,0.0,0.0,0.0,0.0
23647,full_active,0,1,1,9,"(0,10]",53,"[10,100)",8,"[5,30)",906,730+,0,2,2,1153,5.0,0,1,8,181,2,0,2,1.0,0.0,0.0,0.0,0.0,0.0
23651,high_active,0,1,1,439,"(250,500]",190,"[100,1k)",47,"[30,60)",1371,730+,1,4,19,626,0.0,0,1,34,80,1,3,0,1.0,0.0,0.0,0.0,0.0,0.0
23656,full_active,0,-124,1,0,0,116,"[100,1k)",0,0,585,366-730,1,2,29,891,1.0,0,0,26,108,1,2,0,0.0,0.0,0.0,0.0,0.0,0.0
23657,full_active,0,-124,1,86,"(50,100]",13,"[10,100)",3,"[1,5)",205,181-365,1,2,2,1152,3.0,0,1,5,146,6,3,2,1.0,0.0,0.0,0.0,0.0,0.0
23673,full_active,0,-124,1,56,"(50,100]",5,"[1,10)",0,0,609,366-730,1,4,19,605,1.0,0,1,8,64,5,4,0,1.0,0.0,0.0,0.0,0.0,0.0
23678,full_active,0,1,1,615,500+,203,"[100,1k)",71,"[60,120)",2321,730+,0,4,29,929,2.0,0,0,13,267,6,3,0,1.0,0.0,0.0,0.0,0.0,0.0
23683,high_active,0,-124,1,174,"(150,250]",140,"[100,1k)",89,"[60,120)",1118,730+,0,5,29,920,1.0,0,1,32,33,2,2,0,0.0,0.0,0.0,0.0,0.0,0.0
23687,high_active,0,-124,1,16,"(10,50]",16,"[10,100)",0,0,2360,730+,0,2,31,377,2.0,0,0,15,274,6,2,0,1.0,0.0,0.0,0.0,0.0,0.0
23694,full_active,0,1,1,4977,500+,5063,"[5k,1w)",4911,250+,1906,730+,1,5,2,1153,4.0,0,0,14,65,3,3,2,1.0,0.0,0.0,0.0,0.0,0.0
23702,full_active,0,-124,1,619,500+,693,"[100,1k)",570,250+,1001,730+,0,1,19,632,0.0,0,0,42,63,1,3,0,1.0,0.0,0.0,0.0,0.0,0.0
23709,high_active,0,-124,1,341,"(250,500]",4,"[1,10)",4,"[1,5)",281,181-365,0,6,19,620,1.0,0,0,24,235,1,3,0,0.0,0.0,0.0,0.0,0.0,0.0
23712,full_active,0,1,1,126,"(100,150]",193,"[100,1k)",92,"[60,120)",1462,730+,1,2,9,479,1.0,0,0,15,304,1,3,0,0.0,0.0,0.0,0.0,0.0,0.0
23716,full_active,0,-124,1,64,"(50,100]",16,"[10,100)",11,"[5,30)",2623,730+,1,3,2,1167,9.0,0,0,24,264,4,2,2,0.0,0.0,1.0,0.0,0.0,0.0
23726,high_active,0,-124,1,93,"(50,100]",12,"[10,100)",1,"[1,5)",2153,730+,0,3,10,177,2.0,0,1,0,360,6,3,0,1.0,0.0,0.0,0.0,0.0,0.0
23732,full_active,0,-124,1,201,"(150,250]",72,"[10,100)",22,"[5,30)",944,730+,0,3,2,1180,2.0,0,0,31,42,6,2,2,1.0,0.0,0.0,0.0,0.0,0.0
23733,full_active,0,1,1,1221,500+,521,"[100,1k)",382,250+,1585,730+,1,5,19,567,0.0,0,0,30,185,1,3,0,1.0,0.0,0.0,0.0,0.0,0.0
23735,middle_active,0,1,1,90,"(50,100]",67,"[10,100)",30,"[30,60)",2014,730+,1,4,19,602,2.0,0,0,13,183,6,4,0,0.0,0.0,0.0,0.0,0.0,0.0
23738,full_active,0,-124,1,50,"(10,50]",50,"[10,100)",23,"[5,30)",1829,730+,1,4,10,863,1.0,0,1,20,218,5,2,0,1.0,0.0,0.0,0.0,0.0,0.0
23739,full_active,0,-124,1,143,"(100,150]",8,"[1,10)",3,"[1,5)",1739,730+,0,4,19,595,1.0,0,0,19,396,3,4,0,1.0,0.0,0.0,0.0,0.0,0.0
23746,full_active,0,-124,1,317,"(250,500]",57,"[10,100)",6,"[5,30)",1113,730+,1,3,29,974,2.0,0,1,43,221,4,2,0,0.0,0.0,0.0,0.0,0.0,0.0
23754,full_active,0,-124,1,73,"(50,100]",120,"[100,1k)",45,"[30,60)",2131,730+,0,2,29,906,1.0,0,1,10,152,3,4,0,1.0,0.0,0.0,0.0,0.0,0.0
23771,high_active,0,-124,1,179,"(150,250]",184,"[100,1k)",177,"[120,250)",300,181-365,0,1,9,296,0.0,0,0,28,278,1,3,0,0.0,0.0,0.0,0.0,0.0,0.0
23774,full_active,0,-124,0,26,"(10,50]",11,"[10,100)",1,"[1,5)",1566,730+,0,4,31,386,1.0,0,1,21,34,6,0,0,1.0,0.0,0.0,0.0,0.0,0.0
23776,2_14_day_new,0,-124,1,13,"(10,50]",7,"[1,10)",0,0,1170,730+,1,3,2,1180,2.0,0,1,18,362,6,4,2,1.0,0.0,0.0,0.0,0.0,0.0
23781,full_active,0,1,1,4143,500+,1355,"[1k,5k)",1291,250+,2043,730+,1,2,19,622,1.0,0,0,33,141,5,2,0,1.0,0.0,0.0,0.0,0.0,0.0
23786,high_active,0,-124,1,238,"(150,250]",6,"[1,10)",2,"[1,5)",1212,730+,1,6,10,1018,1.0,0,0,14,116,5,2,0,1.0,0.0,0.0,0.0,0.0,0.0
23787,full_active,0,1,1,4998,500+,2817,"[1k,5k)",2312,250+,1518,730+,1,5,29,924,3.0,0,1,20,85,4,2,0,1.0,1.0,0.0,0.0,0.0,0.0
23788,full_active,0,-124,1,2084,500+,28,"[10,100)",28,"[5,30)",398,366-730,0,5,10,203,1.0,0,1,0,360,6,0,0,0.0,0.0,0.0,0.0,0.0,0.0
23802,high_active,0,-124,0,81,"(50,100]",8,"[1,10)",6,"[5,30)",1372,730+,1,4,28,658,,0,0,13,117,6,3,0,1.0,0.0,0.0,0.0,0.0,0.0
23805,high_active,0,-124,1,264,"(250,500]",177,"[100,1k)",35,"[30,60)",942,730+,0,3,31,754,1.0,0,1,8,181,2,2,0,1.0,0.0,0.0,0.0,0.0,0.0
23812,2_14_day_new,0,-124,1,41,"(10,50]",39,"[10,100)",11,"[5,30)",1485,730+,0,2,9,278,2.0,0,1,8,36,4,2,0,1.0,0.0,0.0,0.0,0.0,0.0
23815,full_active,0,-124,1,65,"(50,100]",8,"[1,10)",5,"[5,30)",796,730+,0,1,10,109,0.0,0,1,9,88,5,3,0,0.0,0.0,0.0,0.0,0.0,0.0
23817,middle_active,0,-124,1,56,"(50,100]",10,"[10,100)",3,"[1,5)",179,91-180,0,6,19,611,1.0,0,1,8,64,5,4,0,1.0,0.0,0.0,0.0,0.0,0.0
23819,full_active,0,-124,1,335,"(250,500]",267,"[100,1k)",135,"[120,250)",1598,730+,0,4,30,948,2.0,0,0,7,190,1,0,0,1.0,0.0,0.0,0.0,0.0,0.0
23822,full_active,0,1,1,80,"(50,100]",196,"[100,1k)",52,"[30,60)",1580,730+,1,5,31,386,1.0,0,0,13,117,6,3,0,1.0,0.0,0.0,0.0,0.0,0.0
23824,full_active,0,1,1,419,"(250,500]",3328,"[1k,5k)",176,"[120,250)",769,730+,0,3,31,378,3.0,0,1,0,347,6,4,0,0.0,0.0,0.0,0.0,0.0,0.0
23826,full_active,0,1,1,1081,500+,65,"[10,100)",47,"[30,60)",1816,730+,1,4,2,1153,4.0,0,0,14,339,3,4,2,1.0,0.0,0.0,0.0,0.0,0.0
23827,full_active,0,-124,1,80,"(50,100]",80,"[10,100)",80,"[60,120)",1543,730+,0,2,2,1160,4.0,0,1,12,281,5,2,2,1.0,0.0,0.0,0.0,0.0,0.0
23838,full_active,0,-124,0,66,"(50,100]",0,0,0,0,854,730+,1,1,10,70,1.0,0,0,15,69,6,0,0,0.0,0.0,0.0,0.0,0.0,0.0
23841,full_active,0,-124,1,179,"(150,250]",231,"[100,1k)",132,"[120,250)",1677,730+,0,2,19,613,2.0,0,0,22,386,1,0,0,1.0,0.0,0.0,0.0,0.0,0.0
23849,full_active,0,-124,1,1230,500+,1241,"[1k,5k)",877,250+,1854,730+,1,1,2,1159,3.0,0,0,14,135,6,3,2,1.0,0.0,0.0,0.0,0.0,0.0
23864,high_active,0,-124,1,240,"(150,250]",427,"[100,1k)",230,"[120,250)",889,730+,0,5,9,1056,1.0,0,1,10,405,3,3,0,1.0,0.0,0.0,0.0,0.0,0.0
23878,full_active,0,-124,1,199,"(150,250]",9,"[1,10)",1,"[1,5)",1464,730+,0,6,2,1153,4.0,0,0,1,82,2,2,2,0.0,0.0,1.0,0.0,0.0,0.0
23888,high_active,0,-124,1,19,"(10,50]",1,"[1,10)",0,0,1652,730+,0,3,2,1152,3.0,0,1,9,310,3,0,2,0.0,0.0,0.0,0.0,0.0,0.0
23893,full_active,0,-124,1,1192,500+,217,"[100,1k)",187,"[120,250)",1626,730+,1,5,29,955,3.0,0,0,19,81,6,2,0,0.0,0.0,0.0,0.0,0.0,0.0
23897,full_active,0,-124,1,53,"(50,100]",13,"[10,100)",0,0,849,730+,1,2,9,478,2.0,0,0,30,251,3,0,0,1.0,0.0,0.0,0.0,0.0,0.0
23899,middle_active,0,-124,1,41,"(10,50]",13,"[10,100)",8,"[5,30)",1382,730+,1,1,31,377,1.0,0,1,8,314,5,3,0,0.0,0.0,0.0,0.0,0.0,0.0
23901,middle_active,0,-124,1,9,"(0,10]",9,"[1,10)",0,0,1149,730+,1,2,10,166,1.0,0,1,21,34,6,3,0,0.0,1.0,0.0,0.0,0.0,0.0
23915,middle_active,0,-124,0,67,"(50,100]",0,0,0,0,817,730+,0,5,31,753,0.0,0,0,7,398,1,3,0,0.0,0.0,0.0,0.0,0.0,0.0
23935,full_active,0,-124,1,75,"(50,100]",59,"[10,100)",18,"[5,30)",1544,730+,1,5,29,950,1.0,0,0,28,280,1,0,0,1.0,0.0,0.0,0.0,0.0,0.0
23947,full_active,0,-124,1,542,500+,568,"[100,1k)",495,250+,1595,730+,0,1,19,622,1.0,0,0,13,330,5,4,0,0.0,0.0,0.0,0.0,0.0,0.0
23961,middle_active,0,-124,1,68,"(50,100]",7,"[1,10)",1,"[1,5)",1352,730+,1,4,19,600,2.0,0,0,33,382,3,2,0,1.0,0.0,0.0,0.0,0.0,0.0
23965,full_active,0,1,1,486,"(250,500]",644,"[100,1k)",320,250+,904,730+,0,2,29,1344,1.0,0,1,5,453,6,3,0,1.0,0.0,0.0,0.0,0.0,0.0
23968,full_active,0,-124,1,28,"(10,50]",69,"[10,100)",9,"[5,30)",1037,730+,0,2,19,568,0.0,0,1,0,159,3,3,0,1.0,0.0,0.0,0.0,0.0,0.0
23970,full_active,0,-124,1,684,500+,438,"[100,1k)",406,250+,1131,730+,0,1,29,1329,2.0,0,0,28,278,1,3,0,1.0,1.0,0.0,0.0,0.0,0.0
23979,full_active,0,1,1,334,"(250,500]",238,"[100,1k)",57,"[30,60)",2554,730+,1,3,10,133,1.0,0,1,9,402,1,3,0,1.0,0.0,1.0,0.0,0.0,0.0
23984,full_active,0,-124,0,92,"(50,100]",17,"[10,100)",11,"[5,30)",810,730+,0,6,29,1414,1.0,0,0,19,111,6,2,0,1.0,0.0,0.0,0.0,0.0,0.0
23990,high_active,0,-124,1,34,"(10,50]",5,"[1,10)",5,"[5,30)",1032,730+,0,0,19,530,1.0,0,1,34,155,3,3,0,1.0,0.0,0.0,0.0,0.0,0.0
23997,full_active,0,-124,1,139,"(100,150]",737,"[100,1k)",131,"[120,250)",1760,730+,1,1,2,1163,2.0,0,1,8,344,6,2,2,1.0,0.0,0.0,0.0,0.0,0.0
23998,full_active,0,-124,1,58,"(50,100]",8,"[1,10)",1,"[1,5)",1505,730+,0,4,29,1302,1.0,0,1,12,163,1,3,0,1.0,0.0,0.0,0.0,0.0,0.0
24000,full_active,0,-124,1,760,500+,381,"[100,1k)",292,250+,1470,730+,0,5,19,653,3.0,0,0,31,296,3,3,0,1.0,0.0,1.0,0.0,0.0,0.0
24004,high_active,0,1,1,47,"(10,50]",34,"[10,100)",15,"[5,30)",1673,730+,0,3,19,633,2.0,0,0,13,183,6,3,0,1.0,0.0,0.0,0.0,0.0,0.0
24006,full_active,0,-124,1,530,500+,368,"[100,1k)",126,"[120,250)",1499,730+,0,4,29,925,0.0,0,0,24,235,1,3,0,1.0,1.0,0.0,0.0,0.0,0.0
24015,full_active,0,1,1,80,"(50,100]",4929,"[1k,5k)",75,"[60,120)",2616,730+,0,2,2,1171,5.0,0,1,8,287,2,2,2,1.0,0.0,0.0,0.0,0.0,0.0
24017,full_active,0,1,1,826,500+,294,"[100,1k)",166,"[120,250)",746,730+,1,3,19,606,1.0,0,1,10,254,3,2,0,0.0,0.0,0.0,0.0,0.0,0.0
24021,full_active,0,-124,1,281,"(250,500]",46,"[10,100)",30,"[30,60)",2375,730+,1,4,31,752,1.0,0,1,8,259,6,2,0,1.0,0.0,1.0,0.0,0.0,0.0
24022,full_active,0,-124,1,66,"(50,100]",113,"[100,1k)",66,"[60,120)",1664,730+,0,1,10,398,0.0,0,1,10,152,3,3,0,1.0,0.0,0.0,0.0,0.0,0.0
24027,middle_active,0,-124,1,52,"(50,100]",58,"[10,100)",37,"[30,60)",834,730+,0,1,19,551,2.0,0,1,8,294,6,3,0,1.0,0.0,0.0,0.0,0.0,0.0
24039,full_active,0,-124,1,76,"(50,100]",9,"[1,10)",2,"[1,5)",1959,730+,0,4,2,1159,3.0,0,1,20,348,4,0,2,0.0,0.0,0.0,0.0,0.0,0.0
24050,full_active,0,-124,1,231,"(150,250]",54,"[10,100)",27,"[5,30)",1729,730+,1,4,10,661,1.0,0,0,33,134,3,2,0,,,,,,
24062,2_14_day_new,0,-124,1,1,"(0,10]",22,"[10,100)",1,"[1,5)",806,730+,1,1,2,1162,8.0,0,1,8,36,4,4,2,0.0,0.0,0.0,0.0,0.0,0.0
24067,high_active,0,1,1,2824,500+,266,"[100,1k)",243,"[120,250)",1832,730+,1,2,31,373,0.0,0,1,5,332,5,2,0,1.0,0.0,0.0,0.0,0.0,0.0
24071,high_active,0,-124,0,23,"(10,50]",7,"[1,10)",3,"[1,5)",892,730+,1,4,9,859,1.0,0,1,44,289,5,0,0,1.0,0.0,0.0,0.0,0.0,0.0
24076,high_active,0,-124,0,52,"(50,100]",4,"[1,10)",0,0,2442,730+,0,3,19,626,0.0,0,0,15,304,1,0,0,1.0,0.0,0.0,0.0,0.0,0.0
24078,high_active,0,-124,1,463,"(250,500]",479,"[100,1k)",406,250+,553,366-730,0,5,2,1173,1.0,0,1,10,373,5,4,0,0.0,0.0,0.0,0.0,0.0,0.0
24081,full_active,0,-124,1,113,"(100,150]",300,"[100,1k)",93,"[60,120)",1718,730+,1,1,2,1165,6.0,0,0,15,32,1,4,2,1.0,0.0,0.0,0.0,0.0,0.0
24085,full_active,0,-124,1,101,"(100,150]",8,"[1,10)",0,0,2164,730+,0,3,2,1165,6.0,0,1,18,189,1,4,2,1.0,0.0,0.0,0.0,0.0,0.0
24090,full_active,0,-124,1,1404,500+,91,"[10,100)",22,"[5,30)",1583,730+,0,4,9,229,1.0,0,0,31,354,3,3,0,1.0,0.0,0.0,0.0,0.0,0.0
24093,high_active,0,-124,1,70,"(50,100]",252,"[100,1k)",67,"[60,120)",910,730+,0,1,19,583,1.0,0,1,43,336,3,3,0,1.0,0.0,0.0,0.0,0.0,0.0
24094,full_active,0,-124,1,111,"(100,150]",3,"[1,10)",2,"[1,5)",805,730+,1,1,2,1151,3.0,0,1,8,64,5,0,2,0.0,0.0,0.0,0.0,0.0,1.0
24108,full_active,0,1,1,119,"(100,150]",597,"[100,1k)",93,"[60,120)",2649,730+,1,3,2,1169,8.0,0,0,13,390,3,4,2,1.0,0.0,0.0,0.0,0.0,0.0
24122,full_active,0,1,1,1130,500+,549,"[100,1k)",390,250+,1405,730+,0,3,19,620,1.0,0,1,10,254,3,4,0,1.0,0.0,0.0,0.0,0.0,0.0
24126,high_active,0,1,1,343,"(250,500]",295,"[100,1k)",83,"[60,120)",1590,730+,1,6,19,606,1.0,0,0,7,190,1,3,0,1.0,0.0,1.0,0.0,0.0,0.0
24128,high_active,0,-124,1,1015,500+,755,"[100,1k)",93,"[60,120)",2484,730+,1,4,2,1157,4.0,0,0,15,151,3,0,2,1.0,0.0,0.0,0.0,0.0,0.0
24134,full_active,0,1,1,482,"(250,500]",2,"[1,10)",1,"[1,5)",482,366-730,1,2,2,1160,4.0,0,1,8,287,2,2,2,0.0,0.0,0.0,0.0,1.0,0.0
24135,low_active,0,-124,1,4,"(0,10]",13,"[10,100)",2,"[1,5)",1461,730+,0,1,19,594,1.0,0,1,43,226,1,4,0,0.0,0.0,0.0,0.0,0.0,0.0
24142,full_active,0,1,1,158,"(150,250]",560,"[100,1k)",142,"[120,250)",1594,730+,0,5,29,947,1.0,0,0,31,354,3,3,0,1.0,0.0,1.0,1.0,0.0,0.0
24151,full_active,0,1,1,306,"(250,500]",81,"[10,100)",16,"[5,30)",1712,730+,0,3,19,559,2.0,0,1,44,289,5,4,0,1.0,0.0,0.0,0.0,0.0,0.0
24155,high_active,0,-124,1,4128,500+,49,"[10,100)",31,"[30,60)",745,730+,0,3,31,367,0.0,0,0,31,242,3,0,0,0.0,0.0,0.0,0.0,0.0,0.0
24157,full_active,0,-124,1,24,"(10,50]",5,"[1,10)",1,"[1,5)",146,91-180,0,2,2,1158,7.0,0,1,8,344,6,2,2,1.0,0.0,0.0,0.0,0.0,0.0
24170,full_active,0,-124,1,253,"(250,500]",57,"[10,100)",22,"[5,30)",2564,730+,1,5,2,1179,2.0,0,0,30,368,4,3,2,1.0,0.0,0.0,0.0,0.0,0.0
24177,full_active,0,-124,0,2,"(0,10]",1,"[1,10)",0,0,31,31-60,1,4,29,977,2.0,0,1,8,200,5,0,0,,,,,,
24214,full_active,0,-124,1,200,"(150,250]",12,"[10,100)",1,"[1,5)",1958,730+,0,2,2,1180,2.0,0,1,43,68,3,3,2,1.0,0.0,0.0,0.0,0.0,0.0
24216,high_active,0,-124,1,517,500+,92,"[10,100)",49,"[30,60)",427,366-730,1,5,2,1151,3.0,0,1,8,36,4,4,2,1.0,0.0,0.0,0.0,0.0,0.0
24221,full_active,0,-124,1,267,"(250,500]",25,"[10,100)",18,"[5,30)",1405,730+,1,4,10,118,3.0,0,0,13,67,6,4,0,1.0,0.0,0.0,0.0,0.0,0.0
24223,high_active,0,-124,1,62,"(50,100]",1,"[1,10)",0,0,419,366-730,1,4,2,1182,2.0,0,1,8,181,2,2,2,1.0,0.0,0.0,0.0,0.0,0.0
24226,high_active,0,-124,0,5,"(0,10]",1,"[1,10)",0,0,464,366-730,0,1,29,1316,1.0,0,0,13,392,6,3,0,1.0,0.0,0.0,0.0,0.0,0.0
24236,high_active,0,-124,0,31,"(10,50]",10,"[10,100)",6,"[5,30)",780,730+,1,4,28,210,,0,0,7,427,1,3,0,1.0,0.0,1.0,0.0,0.0,0.0
24249,full_active,0,-124,0,62,"(50,100]",10,"[10,100)",3,"[1,5)",1724,730+,1,4,10,1009,3.0,0,1,9,402,1,3,0,1.0,0.0,0.0,0.0,0.0,0.0
24255,full_active,0,-124,1,98,"(50,100]",0,0,0,0,1223,730+,0,2,2,1177,2.0,6,2,35,20,0,0,2,,,,,,
24263,full_active,0,-124,1,32,"(10,50]",66,"[10,100)",4,"[1,5)",1322,730+,1,3,2,1159,3.0,0,1,18,256,3,4,2,1.0,0.0,0.0,0.0,0.0,0.0
24277,high_active,0,-124,0,39,"(10,50]",6,"[1,10)",0,0,849,730+,1,3,19,594,1.0,0,0,15,297,1,3,0,1.0,0.0,0.0,0.0,0.0,0.0
24278,high_active,0,1,1,115,"(100,150]",918,"[100,1k)",43,"[30,60)",1310,730+,1,5,2,1152,3.0,0,0,24,45,3,2,2,1.0,0.0,0.0,0.0,0.0,0.0
24287,middle_active,0,-124,1,8,"(0,10]",2,"[1,10)",2,"[1,5)",238,181-365,0,6,2,1181,1.0,0,1,21,205,3,0,2,0.0,1.0,0.0,0.0,0.0,0.0
24288,full_active,0,-124,1,77,"(50,100]",12,"[10,100)",1,"[1,5)",764,730+,1,3,10,1025,3.0,0,0,15,178,3,3,0,1.0,0.0,0.0,0.0,0.0,0.0
24293,full_active,0,-124,1,23,"(10,50]",63,"[10,100)",23,"[5,30)",1653,730+,0,2,20,290,3.0,0,1,34,430,1,3,0,1.0,0.0,0.0,0.0,0.0,0.0
24296,full_active,0,1,1,3150,500+,327,"[100,1k)",110,"[60,120)",1666,730+,1,4,29,929,2.0,0,0,19,396,3,2,0,1.0,0.0,0.0,0.0,0.0,0.0
24304,full_active,0,1,1,1941,500+,90,"[10,100)",57,"[30,60)",820,730+,1,2,2,1206,5.0,0,0,13,183,6,2,2,1.0,0.0,1.0,0.0,0.0,0.0
24306,full_active,0,1,1,165,"(150,250]",118,"[100,1k)",34,"[30,60)",2387,730+,0,2,2,1160,4.0,0,0,30,290,3,2,2,1.0,0.0,1.0,0.0,0.0,0.0
24314,full_active,0,-124,0,0,0,0,0,0,0,240,181-365,1,3,2,1151,3.0,0,1,20,348,4,2,2,1.0,0.0,0.0,0.0,0.0,0.0
24328,low_active,0,-124,1,37,"(10,50]",74,"[10,100)",36,"[30,60)",806,730+,0,1,10,169,1.0,0,1,9,310,3,3,0,0.0,0.0,0.0,0.0,0.0,0.0
24333,high_active,0,-124,1,164,"(150,250]",126,"[100,1k)",87,"[60,120)",1138,730+,0,5,9,479,2.0,0,0,13,267,6,0,0,1.0,0.0,0.0,0.0,0.0,0.0
24335,full_active,0,1,1,515,500+,37,"[10,100)",21,"[5,30)",2171,730+,0,2,19,580,1.0,0,0,33,227,3,2,0,1.0,0.0,0.0,0.0,0.0,0.0
24339,full_active,0,-124,1,31,"(10,50]",62,"[10,100)",20,"[5,30)",1429,730+,1,1,19,527,2.0,0,0,13,392,6,3,0,0.0,0.0,0.0,0.0,0.0,0.0
24341,high_active,0,-124,1,1024,500+,11,"[10,100)",0,0,659,366-730,0,0,10,269,2.0,0,0,15,306,3,4,0,1.0,0.0,0.0,0.0,0.0,0.0
24356,full_active,0,-124,1,228,"(150,250]",44,"[10,100)",22,"[5,30)",2063,730+,1,3,19,621,1.0,0,0,24,403,1,4,0,1.0,0.0,0.0,0.0,0.0,0.0
24359,high_active,0,1,1,373,"(250,500]",182,"[100,1k)",154,"[120,250)",310,181-365,0,6,29,953,2.0,0,0,7,122,1,0,0,1.0,0.0,0.0,0.0,0.0,0.0
24366,full_active,0,-124,0,3,"(0,10]",3,"[1,10)",0,0,971,730+,0,6,9,296,0.0,0,0,14,452,3,3,0,1.0,0.0,0.0,0.0,0.0,0.0
24367,full_active,0,1,1,1173,500+,657,"[100,1k)",462,250+,1362,730+,1,2,2,1159,3.0,0,1,20,191,5,3,2,1.0,0.0,0.0,0.0,0.0,0.0
24381,middle_active,0,-124,1,22,"(10,50]",46,"[10,100)",22,"[5,30)",1291,730+,0,1,2,1177,2.0,0,1,18,362,6,4,2,1.0,0.0,0.0,0.0,0.0,0.0
24385,full_active,0,-124,1,199,"(150,250]",8,"[1,10)",2,"[1,5)",263,181-365,1,4,29,978,1.0,0,0,1,82,2,2,0,1.0,1.0,1.0,0.0,0.0,0.0
24386,full_active,0,1,1,280,"(250,500]",240,"[100,1k)",144,"[120,250)",1734,730+,0,1,2,1160,4.0,0,0,22,412,5,3,2,1.0,0.0,0.0,0.0,0.0,0.0
24392,high_active,0,-124,0,0,0,0,0,0,0,1534,730+,1,4,19,567,0.0,0,1,20,286,6,3,0,0.0,1.0,0.0,0.0,0.0,0.0
24393,full_active,0,-124,1,99,"(50,100]",63,"[10,100)",22,"[5,30)",1206,730+,1,6,9,296,0.0,0,0,42,223,1,3,0,1.0,0.0,0.0,0.0,0.0,0.0
24402,full_active,0,-124,0,99,"(50,100]",8,"[1,10)",0,0,961,730+,1,3,2,1166,8.0,0,1,44,289,5,2,2,0.0,0.0,0.0,1.0,0.0,0.0
24412,full_active,0,-124,0,716,500+,111,"[100,1k)",26,"[5,30)",1457,730+,0,5,29,968,4.0,0,0,19,111,6,2,0,1.0,0.0,0.0,0.0,0.0,0.0
24418,full_active,0,1,1,1848,500+,782,"[100,1k)",452,250+,1762,730+,0,4,11,967,1.0,0,0,13,267,6,3,0,1.0,0.0,0.0,0.0,0.0,0.0
24420,full_active,0,-124,1,1669,500+,668,"[100,1k)",550,250+,1109,730+,0,4,19,569,1.0,0,0,33,195,1,3,0,0.0,1.0,0.0,0.0,0.0,0.0
24423,full_active,0,-124,1,226,"(150,250]",24,"[10,100)",10,"[5,30)",2166,730+,1,4,29,1355,0.0,0,0,14,135,6,4,0,0.0,0.0,0.0,0.0,0.0,0.0
24427,high_active,0,-124,1,109,"(100,150]",52,"[10,100)",17,"[5,30)",52,31-60,1,4,31,419,1.0,0,0,14,116,5,2,0,1.0,0.0,0.0,0.0,0.0,0.0
24432,full_active,0,1,1,620,500+,621,"[100,1k)",96,"[60,120)",2074,730+,1,4,10,852,4.0,0,0,19,78,1,3,0,0.0,0.0,0.0,0.0,0.0,0.0
24437,full_active,0,1,1,716,500+,40,"[10,100)",30,"[30,60)",419,366-730,1,3,2,1157,4.0,0,1,5,298,6,4,2,0.0,0.0,0.0,0.0,0.0,0.0
24453,high_active,0,-124,1,524,500+,448,"[100,1k)",75,"[60,120)",1765,730+,1,1,48,708,1.0,0,1,10,450,3,4,0,1.0,0.0,0.0,0.0,0.0,0.0
24466,full_active,0,1,1,400,"(250,500]",773,"[100,1k)",231,"[120,250)",1624,730+,1,2,29,1290,3.0,0,0,19,378,3,3,0,1.0,0.0,0.0,0.0,0.0,0.0
24470,full_active,0,-124,0,859,500+,1,"[1,10)",1,"[1,5)",708,366-730,1,3,2,1151,3.0,0,1,8,287,2,2,2,0.0,0.0,0.0,0.0,0.0,0.0
24471,high_active,0,-124,1,32,"(10,50]",7,"[1,10)",3,"[1,5)",1564,730+,1,4,29,1418,1.0,0,0,15,394,4,0,0,1.0,0.0,1.0,0.0,0.0,0.0
24473,full_active,0,-124,0,1732,500+,8,"[1,10)",1,"[1,5)",2388,730+,1,4,10,474,6.0,0,0,42,50,6,2,0,1.0,0.0,0.0,0.0,0.0,0.0
24476,high_active,0,-124,1,285,"(250,500]",14,"[10,100)",4,"[1,5)",1183,730+,0,4,2,1137,3.0,0,0,14,116,5,0,1,1.0,0.0,0.0,0.0,0.0,0.0
24477,full_active,0,-124,1,439,"(250,500]",175,"[100,1k)",114,"[60,120)",1151,730+,0,5,30,948,2.0,0,0,7,323,1,3,0,1.0,0.0,0.0,0.0,0.0,0.0
24480,high_active,0,-124,1,81,"(50,100]",133,"[100,1k)",80,"[60,120)",120,91-180,1,2,2,1159,3.0,0,1,9,243,6,4,2,1.0,0.0,0.0,1.0,0.0,0.0
24484,full_active,0,-124,1,417,"(250,500]",213,"[100,1k)",59,"[30,60)",2241,730+,0,5,19,639,2.0,0,0,22,412,5,0,0,1.0,0.0,0.0,0.0,0.0,0.0
24488,high_active,0,-124,1,60,"(50,100]",105,"[100,1k)",55,"[30,60)",1226,730+,1,1,2,1159,3.0,0,1,10,373,5,2,2,1.0,0.0,0.0,0.0,0.0,0.0
24491,full_active,0,-124,0,703,500+,71,"[10,100)",68,"[60,120)",848,730+,1,6,10,271,3.0,0,0,19,49,1,2,0,0.0,0.0,0.0,0.0,0.0,0.0
24496,full_active,0,-124,1,176,"(150,250]",47,"[10,100)",31,"[30,60)",2474,730+,1,4,19,618,3.0,0,1,43,366,3,3,0,1.0,0.0,0.0,0.0,0.0,0.0
24499,full_active,0,-124,1,126,"(100,150]",187,"[100,1k)",114,"[60,120)",1131,730+,1,5,19,632,0.0,0,0,7,427,1,0,0,1.0,0.0,0.0,0.0,0.0,0.0
24502,full_active,0,1,1,2594,500+,10,"[10,100)",7,"[5,30)",2684,730+,1,2,10,553,3.0,0,0,7,398,1,4,0,1.0,0.0,1.0,1.0,1.0,0.0
24519,full_active,0,-124,1,205,"(150,250]",387,"[100,1k)",193,"[120,250)",1362,730+,1,1,29,947,1.0,0,1,9,243,6,2,0,0.0,0.0,0.0,0.0,0.0,0.0
24521,low_active,0,-124,1,28,"(10,50]",3,"[1,10)",3,"[1,5)",875,730+,1,6,48,1275,1.0,0,1,43,312,1,0,0,1.0,0.0,0.0,0.0,0.0,0.0
24523,full_active,0,-124,1,331,"(250,500]",410,"[100,1k)",143,"[120,250)",1862,730+,0,4,19,601,1.0,0,0,13,392,6,3,0,1.0,0.0,1.0,0.0,0.0,0.0
24527,full_active,0,1,1,301,"(250,500]",42,"[10,100)",16,"[5,30)",2132,730+,1,3,10,341,3.0,0,0,33,107,1,3,0,0.0,0.0,0.0,0.0,0.0,0.0
24530,high_active,0,-124,1,1038,500+,1039,"[1k,5k)",901,250+,1920,730+,0,2,2,1153,5.0,0,0,13,330,5,3,2,1.0,0.0,0.0,0.0,0.0,0.0
24533,full_active,0,1,1,4,"(0,10]",263,"[100,1k)",4,"[1,5)",937,730+,0,4,19,579,1.0,0,1,2,399,4,2,0,1.0,0.0,0.0,0.0,0.0,0.0
24535,high_active,0,-124,1,75,"(50,100]",162,"[100,1k)",75,"[60,120)",1777,730+,0,1,2,1159,3.0,0,0,13,67,6,3,2,1.0,0.0,0.0,0.0,0.0,0.0
24537,high_active,0,-124,1,3,"(0,10]",4,"[1,10)",2,"[1,5)",264,181-365,0,4,10,1069,1.0,0,0,31,354,3,3,0,1.0,0.0,0.0,0.0,0.0,0.0
24543,full_active,0,-124,1,1648,500+,1716,"[1k,5k)",1554,250+,602,366-730,1,1,29,947,1.0,0,1,20,326,6,3,0,0.0,0.0,0.0,0.0,0.0,0.0
24548,full_active,0,-124,1,235,"(150,250]",19,"[10,100)",5,"[5,30)",481,366-730,0,2,2,1165,6.0,0,1,16,435,2,0,2,1.0,0.0,0.0,0.0,0.0,0.0
24551,full_active,0,-124,1,91,"(50,100]",144,"[100,1k)",90,"[60,120)",296,181-365,1,2,2,1159,3.0,0,0,26,108,1,3,2,1.0,0.0,0.0,0.0,0.0,0.0
24558,high_active,0,-124,1,1744,500+,211,"[100,1k)",203,"[120,250)",1259,730+,0,4,28,340,,0,0,13,267,6,2,0,1.0,0.0,0.0,0.0,0.0,0.0
24566,high_active,0,-124,1,442,"(250,500]",5,"[1,10)",2,"[1,5)",929,730+,1,4,10,72,1.0,0,0,33,228,1,0,0,1.0,0.0,0.0,0.0,0.0,0.0
24571,high_active,0,-124,1,97,"(50,100]",77,"[10,100)",50,"[30,60)",2023,730+,0,2,31,26,2.0,0,0,1,82,2,2,0,1.0,0.0,0.0,0.0,0.0,0.0
24575,middle_active,0,-124,1,34,"(10,50]",83,"[10,100)",34,"[30,60)",455,366-730,1,1,2,1152,3.0,0,0,42,112,1,3,2,1.0,0.0,0.0,0.0,0.0,0.0
24581,full_active,0,-124,1,116,"(100,150]",63,"[10,100)",21,"[5,30)",830,730+,1,6,29,1342,1.0,0,0,31,299,6,3,0,,,,,,
24584,high_active,0,1,1,530,500+,368,"[100,1k)",272,250+,2284,730+,1,2,2,1167,9.0,0,0,31,432,4,3,2,1.0,0.0,0.0,0.0,0.0,0.0
24593,full_active,0,-124,1,183,"(150,250]",100,"[100,1k)",9,"[5,30)",2723,730+,1,3,10,854,1.0,0,0,31,42,6,2,0,1.0,0.0,0.0,0.0,0.0,0.0
24594,full_active,0,-124,1,84,"(50,100]",13,"[10,100)",4,"[1,5)",2102,730+,0,3,10,1008,3.0,0,1,44,289,5,3,0,1.0,0.0,0.0,0.0,0.0,0.0
24610,middle_active,0,-124,1,5,"(0,10]",2,"[1,10)",0,0,167,91-180,1,2,10,320,6.0,0,0,1,82,2,2,0,1.0,0.0,0.0,0.0,0.0,0.0
24615,full_active,0,1,1,290,"(250,500]",311,"[100,1k)",166,"[120,250)",2288,730+,1,4,29,882,1.0,0,0,26,408,6,2,0,1.0,0.0,0.0,0.0,0.0,0.0
24617,high_active,0,-124,1,5,"(0,10]",22,"[10,100)",1,"[1,5)",1187,730+,1,4,19,582,2.0,0,1,43,211,1,3,0,1.0,0.0,0.0,0.0,0.0,0.0
24626,full_active,0,1,1,803,500+,1013,"[1k,5k)",771,250+,538,366-730,0,1,2,1152,3.0,0,0,15,304,1,3,2,0.0,0.0,0.0,0.0,0.0,0.0
24627,full_active,0,-124,1,92,"(50,100]",2,"[1,10)",0,0,1250,730+,1,6,10,305,0.0,0,0,22,412,5,4,0,1.0,1.0,0.0,0.0,0.0,0.0
24631,full_active,0,-124,1,271,"(250,500]",628,"[100,1k)",269,250+,869,730+,0,2,10,339,1.0,0,1,21,34,6,3,0,1.0,0.0,0.0,0.0,0.0,0.0
24635,full_active,0,-124,1,201,"(150,250]",0,0,0,0,457,366-730,1,1,29,1439,2.0,0,0,24,433,6,3,0,1.0,0.0,0.0,0.0,0.0,0.0
24648,high_active,0,-124,0,42,"(10,50]",17,"[10,100)",9,"[5,30)",1188,730+,1,5,2,1214,1.0,0,0,33,420,1,0,2,0.0,0.0,1.0,0.0,0.0,0.0
24653,high_active,0,-124,0,13,"(10,50]",0,0,0,0,1629,730+,1,2,33,975,2.0,0,1,21,91,5,0,0,1.0,0.0,0.0,0.0,0.0,0.0
24667,full_active,0,1,1,537,500+,39,"[10,100)",21,"[5,30)",2751,730+,1,3,2,1208,8.0,0,1,20,383,6,4,2,1.0,0.0,1.0,0.0,0.0,0.0
24668,high_active,0,-124,1,389,"(250,500]",433,"[100,1k)",318,250+,351,181-365,1,6,10,166,1.0,0,0,7,182,1,3,0,0.0,0.0,0.0,0.0,0.0,0.0
24677,full_active,0,-124,1,171,"(150,250]",31,"[10,100)",9,"[5,30)",2020,730+,0,3,2,1160,4.0,0,0,14,116,5,2,2,0.0,0.0,0.0,0.0,0.0,0.0
24678,middle_active,0,-124,1,712,500+,172,"[100,1k)",105,"[60,120)",1570,730+,1,1,28,1003,,0,0,15,151,3,3,0,1.0,0.0,0.0,0.0,0.0,0.0
24679,full_active,0,1,1,80,"(50,100]",134,"[100,1k)",48,"[30,60)",1902,730+,1,2,2,1161,6.0,0,0,42,63,1,3,2,1.0,0.0,0.0,0.0,0.0,0.0
24683,high_active,0,-124,1,54,"(50,100]",7,"[1,10)",5,"[5,30)",995,730+,1,4,10,189,3.0,0,0,1,82,2,2,0,1.0,0.0,0.0,0.0,0.0,0.0
24698,high_active,0,-124,1,155,"(150,250]",2,"[1,10)",2,"[1,5)",451,366-730,1,3,2,1159,3.0,0,1,0,360,6,4,2,1.0,0.0,0.0,0.0,1.0,0.0
24715,full_active,0,-124,1,102,"(100,150]",203,"[100,1k)",67,"[60,120)",1255,730+,0,5,29,936,1.0,0,0,19,170,1,0,0,0.0,0.0,0.0,0.0,0.0,0.0
24723,full_active,0,-124,1,156,"(150,250]",92,"[10,100)",59,"[30,60)",835,730+,0,6,10,276,1.0,0,1,18,144,3,2,0,0.0,0.0,0.0,0.0,0.0,0.0
24725,full_active,0,1,1,25,"(10,50]",11,"[10,100)",3,"[1,5)",1810,730+,1,5,19,525,0.0,0,0,13,267,6,0,0,0.0,0.0,0.0,0.0,0.0,0.0
24726,full_active,0,-124,0,14,"(10,50]",5,"[1,10)",0,0,125,91-180,0,4,10,1066,3.0,0,0,28,367,3,0,0,1.0,0.0,1.0,0.0,0.0,0.0
24727,low_active,0,-124,1,128,"(100,150]",7,"[1,10)",5,"[5,30)",1203,730+,1,4,19,576,2.0,0,1,10,450,3,3,0,1.0,0.0,1.0,0.0,0.0,0.0
24728,full_active,0,-124,1,78,"(50,100]",117,"[100,1k)",12,"[5,30)",1064,730+,1,4,29,951,3.0,0,0,33,107,1,3,0,1.0,0.0,0.0,0.0,0.0,0.0
24729,full_active,0,-124,1,10,"(0,10]",94,"[10,100)",10,"[5,30)",204,181-365,0,3,29,895,2.0,0,0,14,116,5,2,0,0.0,0.0,0.0,0.0,0.0,0.0
24738,full_active,0,-124,1,108,"(100,150]",1076,"[1k,5k)",101,"[60,120)",1639,730+,1,1,2,1158,5.0,0,1,43,250,1,3,2,1.0,0.0,0.0,0.0,0.0,0.0
24749,full_active,0,-124,0,639,500+,19,"[10,100)",7,"[5,30)",952,730+,0,4,27,1011,2.0,0,0,31,276,6,2,0,0.0,0.0,0.0,0.0,0.0,0.0
24752,full_active,0,-124,1,105,"(100,150]",104,"[100,1k)",29,"[5,30)",2041,730+,0,2,29,926,1.0,0,1,44,101,5,3,0,1.0,0.0,0.0,0.0,0.0,0.0
24763,high_active,0,-124,1,1176,500+,5,"[1,10)",3,"[1,5)",917,730+,1,1,10,90,1.0,0,1,34,341,6,3,0,0.0,0.0,0.0,0.0,0.0,0.0
24766,middle_active,0,-124,1,356,"(250,500]",14,"[10,100)",12,"[5,30)",863,730+,1,2,22,371,1.0,0,0,15,118,6,3,0,0.0,0.0,0.0,0.0,0.0,0.0
24781,full_active,0,-124,0,13,"(10,50]",3,"[1,10)",0,0,86,61-90,1,2,10,267,1.0,0,1,8,269,3,0,0,0.0,0.0,1.0,0.0,0.0,0.0
24787,full_active,0,-124,1,1,"(0,10]",16,"[10,100)",1,"[1,5)",1771,730+,0,1,10,856,1.0,0,1,8,288,6,2,0,0.0,0.0,0.0,0.0,0.0,0.0
24788,full_active,0,-124,0,26,"(10,50]",5,"[1,10)",2,"[1,5)",426,366-730,1,6,10,443,0.0,0,1,43,43,1,0,0,1.0,0.0,0.0,0.0,0.0,0.0
24807,high_active,0,1,1,1044,500+,78,"[10,100)",41,"[30,60)",1659,730+,1,2,18,489,2.0,0,1,34,273,3,2,0,1.0,0.0,1.0,0.0,0.0,0.0
24808,full_active,0,-124,1,275,"(250,500]",35,"[10,100)",22,"[5,30)",1409,730+,1,1,29,942,2.0,0,0,31,193,3,4,0,1.0,0.0,0.0,0.0,0.0,0.0
24815,full_active,0,-124,1,33,"(10,50]",526,"[100,1k)",23,"[5,30)",261,181-365,0,2,19,513,0.0,0,1,9,372,1,3,0,0.0,0.0,0.0,0.0,0.0,0.0
24823,full_active,0,1,1,997,500+,1110,"[1k,5k)",757,250+,1067,730+,0,2,10,166,1.0,0,1,32,33,2,2,0,1.0,0.0,0.0,0.0,0.0,0.0
24838,high_active,0,-124,0,61,"(50,100]",5,"[1,10)",4,"[1,5)",835,730+,1,5,29,891,1.0,0,0,24,236,1,3,0,0.0,0.0,1.0,0.0,0.0,0.0
24850,high_active,0,-124,1,53,"(50,100]",4,"[1,10)",0,0,155,91-180,1,0,2,1160,4.0,0,1,12,29,6,2,2,1.0,0.0,0.0,0.0,0.0,0.0
24851,full_active,0,-124,1,37,"(10,50]",61,"[10,100)",35,"[30,60)",799,730+,1,4,31,367,0.0,0,0,13,392,6,4,0,0.0,0.0,0.0,0.0,0.0,0.0
24868,high_active,0,-124,1,401,"(250,500]",103,"[100,1k)",89,"[60,120)",1995,730+,1,5,10,663,0.0,0,0,13,204,3,3,0,1.0,0.0,1.0,0.0,0.0,0.0
24880,high_active,0,-124,0,1960,500+,17,"[10,100)",12,"[5,30)",2435,730+,1,4,19,540,1.0,0,0,31,283,6,3,0,1.0,0.0,0.0,0.0,0.0,0.0
24891,full_active,0,-124,1,326,"(250,500]",134,"[100,1k)",74,"[60,120)",1129,730+,1,5,10,230,1.0,0,0,14,116,5,3,0,,,,,,
24895,full_active,0,-124,1,264,"(250,500]",991,"[100,1k)",263,250+,1422,730+,0,1,28,284,,0,1,5,332,5,2,0,1.0,0.0,0.0,0.0,0.0,0.0
24902,high_active,0,-124,1,97,"(50,100]",23,"[10,100)",9,"[5,30)",386,366-730,1,6,19,572,0.0,0,1,20,191,5,2,0,0.0,0.0,0.0,0.0,0.0,0.0
24917,middle_active,0,-124,1,99,"(50,100]",136,"[100,1k)",66,"[60,120)",286,181-365,1,1,2,1153,5.0,0,1,43,366,3,3,2,1.0,0.0,0.0,0.0,0.0,0.0
24922,full_active,0,-124,0,32,"(10,50]",2,"[1,10)",2,"[1,5)",139,91-180,1,1,11,967,1.0,0,0,24,357,3,4,0,1.0,0.0,0.0,0.0,0.0,0.0
24925,high_active,0,-124,0,50,"(10,50]",16,"[10,100)",2,"[1,5)",1032,730+,1,5,2,1151,3.0,0,0,22,186,3,0,2,1.0,0.0,0.0,1.0,1.0,1.0
24928,middle_active,0,-124,1,38,"(10,50]",4,"[1,10)",1,"[1,5)",873,730+,0,5,10,190,4.0,0,1,9,88,5,4,0,1.0,0.0,0.0,0.0,0.0,0.0
24930,middle_active,0,-124,1,55,"(50,100]",12,"[10,100)",2,"[1,5)",560,366-730,0,4,19,655,1.0,0,1,8,209,6,2,0,1.0,0.0,1.0,0.0,0.0,0.0
24936,high_active,0,-124,1,179,"(150,250]",238,"[100,1k)",152,"[120,250)",1317,730+,0,2,19,655,1.0,0,0,7,190,1,0,0,0.0,0.0,0.0,0.0,0.0,0.0
24940,full_active,0,-124,1,5001,500+,303,"[100,1k)",185,"[120,250)",594,366-730,1,4,19,620,1.0,7,2,41,20,0,0,1,1.0,1.0,0.0,0.0,0.0,0.0
24942,high_active,0,-124,0,51,"(50,100]",9,"[1,10)",4,"[1,5)",346,181-365,0,4,31,420,1.0,0,0,22,412,5,0,0,1.0,1.0,0.0,0.0,0.0,0.0
24949,full_active,0,-124,1,39,"(10,50]",23,"[10,100)",12,"[5,30)",768,730+,0,1,19,595,1.0,0,0,15,32,1,0,0,0.0,0.0,0.0,0.0,0.0,0.0
24955,full_active,0,-124,0,560,500+,14,"[10,100)",10,"[5,30)",883,730+,1,6,10,852,4.0,0,0,33,141,5,2,0,1.0,1.0,1.0,0.0,0.0,0.0
24960,full_active,0,-124,0,1,"(0,10]",0,0,0,0,835,730+,1,2,2,1171,5.0,0,0,1,82,2,2,2,1.0,0.0,0.0,0.0,0.0,0.0
24961,full_active,0,-124,1,424,"(250,500]",39,"[10,100)",24,"[5,30)",1615,730+,0,4,10,1004,1.0,0,0,30,185,1,3,0,0.0,1.0,0.0,0.0,0.0,0.0
24966,full_active,0,1,1,2180,500+,191,"[100,1k)",120,"[120,250)",2221,730+,1,2,2,1180,2.0,0,0,13,333,6,3,2,1.0,0.0,0.0,0.0,0.0,0.0
24974,high_active,0,-124,0,51,"(50,100]",7,"[1,10)",2,"[1,5)",471,366-730,1,4,10,269,2.0,0,1,5,89,6,3,0,1.0,0.0,0.0,0.0,0.0,0.0
24979,high_active,0,-124,1,446,"(250,500]",45,"[10,100)",10,"[5,30)",827,730+,0,2,28,993,,0,1,44,147,4,3,0,1.0,0.0,0.0,0.0,0.0,0.0
24988,high_active,0,-124,0,63,"(50,100]",1,"[1,10)",0,0,721,366-730,1,4,29,919,1.0,0,0,42,421,1,3,0,0.0,0.0,0.0,0.0,0.0,0.0
24993,high_active,0,1,1,637,500+,325,"[100,1k)",107,"[60,120)",1339,730+,0,4,29,1301,1.0,0,1,10,254,3,3,0,1.0,0.0,0.0,0.0,0.0,0.0
24997,middle_active,0,-124,1,39,"(10,50]",21,"[10,100)",19,"[5,30)",413,366-730,1,1,19,578,1.0,0,1,43,226,1,3,0,1.0,0.0,0.0,0.0,0.0,0.0
25000,middle_active,0,-124,1,2222,500+,77,"[10,100)",73,"[60,120)",1581,730+,1,4,19,514,0.0,0,0,24,359,1,3,0,1.0,0.0,0.0,0.0,0.0,0.0
25005,full_active,0,-124,0,14,"(10,50]",14,"[10,100)",9,"[5,30)",1306,730+,1,4,29,1320,1.0,0,0,13,392,6,0,0,1.0,0.0,0.0,0.0,0.0,0.0
25007,full_active,0,1,1,864,500+,551,"[100,1k)",326,250+,1642,730+,1,4,28,471,,0,0,14,116,5,2,0,1.0,0.0,0.0,0.0,0.0,0.0
25008,full_active,0,1,1,1070,500+,611,"[100,1k)",340,250+,1938,730+,0,6,29,1392,1.0,0,0,24,45,3,0,0,0.0,1.0,0.0,0.0,0.0,0.0
25011,high_active,0,-124,0,134,"(100,150]",0,0,0,0,350,181-365,0,4,10,855,1.0,0,1,20,348,4,2,0,1.0,0.0,1.0,0.0,0.0,0.0
25013,low_active,0,-124,0,84,"(50,100]",7,"[1,10)",2,"[1,5)",2248,730+,1,3,2,1153,5.0,0,0,30,368,4,2,2,0.0,0.0,0.0,0.0,0.0,0.0
25035,full_active,0,-124,1,191,"(150,250]",58,"[10,100)",32,"[30,60)",1638,730+,1,3,29,984,3.0,0,0,1,82,2,3,0,1.0,0.0,0.0,0.0,0.0,0.0
25039,full_active,0,-124,0,40,"(10,50]",19,"[10,100)",12,"[5,30)",721,366-730,1,1,10,844,1.0,0,1,9,402,1,3,0,1.0,0.0,1.0,0.0,0.0,0.0
25042,full_active,0,-124,1,315,"(250,500]",534,"[100,1k)",313,250+,809,730+,0,1,19,567,0.0,0,0,13,392,6,3,0,1.0,0.0,0.0,0.0,0.0,0.0
25043,full_active,0,-124,0,350,"(250,500]",16,"[10,100)",0,0,1188,730+,0,4,29,973,1.0,0,1,20,411,6,4,0,1.0,0.0,0.0,0.0,0.0,0.0
25044,full_active,0,-124,1,29,"(10,50]",60,"[10,100)",19,"[5,30)",582,366-730,0,6,10,258,1.0,0,0,31,276,6,2,0,1.0,0.0,0.0,0.0,0.0,0.0
25046,full_active,0,-124,1,84,"(50,100]",5,"[1,10)",1,"[1,5)",323,181-365,0,4,2,1151,3.0,0,1,44,400,5,3,2,1.0,0.0,0.0,0.0,0.0,0.0
25050,full_active,0,-124,1,157,"(150,250]",51,"[10,100)",45,"[30,60)",1002,730+,0,2,19,655,1.0,0,0,13,67,6,3,0,0.0,0.0,1.0,0.0,0.0,0.0
25054,high_active,0,-124,1,336,"(250,500]",59,"[10,100)",52,"[30,60)",1887,730+,1,4,10,320,6.0,0,0,31,343,3,4,0,1.0,0.0,0.0,0.0,0.0,0.0
25056,full_active,0,-124,1,8,"(0,10]",7,"[1,10)",0,0,666,366-730,1,2,19,595,1.0,0,1,10,76,3,3,0,0.0,0.0,0.0,0.0,0.0,0.0
25058,high_active,0,-124,0,112,"(100,150]",7,"[1,10)",1,"[1,5)",1558,730+,0,4,9,478,2.0,0,0,15,277,1,0,0,1.0,0.0,1.0,0.0,0.0,0.0
25059,full_active,0,1,1,11,"(10,50]",331,"[100,1k)",4,"[1,5)",1228,730+,1,4,29,897,2.0,0,0,19,81,6,2,0,1.0,0.0,0.0,0.0,0.0,0.0
25061,full_active,0,-124,1,90,"(50,100]",2,"[1,10)",0,0,2107,730+,0,3,2,1171,5.0,0,0,14,116,5,3,2,1.0,0.0,0.0,0.0,0.0,0.0
25065,high_active,0,-124,0,74,"(50,100]",2,"[1,10)",2,"[1,5)",371,366-730,1,4,31,745,1.0,0,1,34,201,4,2,0,1.0,1.0,0.0,0.0,0.0,0.0
25068,low_active,0,1,1,77,"(50,100]",20,"[10,100)",16,"[5,30)",1718,730+,1,3,10,553,3.0,0,1,43,221,4,2,0,0.0,0.0,0.0,0.0,0.0,0.0
25071,full_active,0,-124,1,683,500+,211,"[100,1k)",130,"[120,250)",994,730+,0,3,19,567,0.0,0,1,34,201,4,0,0,1.0,0.0,0.0,0.0,0.0,0.0
25077,middle_active,0,-124,1,159,"(150,250]",15,"[10,100)",15,"[5,30)",1910,730+,1,4,24,799,4.0,0,0,24,264,4,2,0,0.0,0.0,0.0,0.0,0.0,0.0
25080,full_active,0,-124,1,391,"(250,500]",568,"[100,1k)",378,250+,1746,730+,0,1,29,1353,0.0,0,0,22,412,5,0,0,0.0,0.0,0.0,0.0,0.0,0.0
25081,2_14_day_new,0,-124,1,96,"(50,100]",565,"[100,1k)",94,"[60,120)",323,181-365,0,1,2,1176,2.0,0,1,18,413,4,4,2,1.0,0.0,0.0,0.0,0.0,0.0
25089,full_active,0,-124,0,216,"(150,250]",3,"[1,10)",1,"[1,5)",1432,730+,0,5,19,559,2.0,0,0,22,386,1,3,0,1.0,0.0,0.0,0.0,0.0,0.0
25090,full_active,0,-124,1,831,500+,60,"[10,100)",14,"[5,30)",1574,730+,1,4,2,1167,9.0,0,1,8,200,5,0,2,1.0,0.0,0.0,0.0,0.0,0.0
25098,full_active,0,1,1,1916,500+,839,"[100,1k)",724,250+,956,730+,0,5,29,955,3.0,0,0,31,42,6,4,0,1.0,0.0,0.0,0.0,0.0,0.0
25105,full_active,0,1,1,752,500+,1156,"[1k,5k)",743,250+,2094,730+,0,2,2,1160,4.0,0,0,31,276,6,2,2,1.0,0.0,0.0,0.0,0.0,0.0
25106,full_active,0,-124,1,167,"(150,250]",22,"[10,100)",1,"[1,5)",2329,730+,1,4,2,1160,4.0,0,1,8,294,6,0,2,1.0,0.0,0.0,0.0,0.0,0.0
25109,high_active,0,-124,1,400,"(250,500]",32,"[10,100)",14,"[5,30)",1625,730+,1,4,19,578,1.0,0,0,24,433,6,2,0,1.0,0.0,0.0,0.0,0.0,0.0
25114,high_active,0,-124,1,182,"(150,250]",34,"[10,100)",26,"[5,30)",1062,730+,1,4,10,166,1.0,0,0,22,239,1,4,0,0.0,1.0,0.0,0.0,0.0,0.0
25116,full_active,0,1,1,2600,500+,75,"[10,100)",34,"[30,60)",2601,730+,1,2,19,632,0.0,0,0,15,151,3,2,0,0.0,0.0,0.0,0.0,0.0,0.0
25123,middle_active,0,-124,0,0,0,0,0,0,0,699,366-730,1,2,48,692,1.0,0,0,38,139,4,0,0,0.0,0.0,0.0,0.0,0.0,0.0
25124,full_active,0,-124,1,31,"(10,50]",29,"[10,100)",6,"[5,30)",1687,730+,0,2,19,578,1.0,0,1,43,47,3,3,0,1.0,1.0,0.0,0.0,0.0,0.0
25128,full_active,0,-124,1,483,"(250,500]",87,"[10,100)",74,"[60,120)",1898,730+,0,2,19,635,3.0,0,0,13,117,6,4,0,1.0,0.0,0.0,0.0,0.0,0.0
25129,2_14_day_new,0,-124,1,60,"(50,100]",86,"[10,100)",52,"[30,60)",336,181-365,0,2,2,1153,4.0,0,1,0,417,6,3,2,1.0,0.0,0.0,0.0,0.0,0.0
25135,high_active,0,-124,0,248,"(150,250]",9,"[1,10)",8,"[5,30)",47,31-60,1,1,29,949,1.0,0,1,17,365,6,2,0,0.0,0.0,1.0,0.0,0.0,0.0
25138,full_active,0,-124,1,80,"(50,100]",813,"[100,1k)",77,"[60,120)",1760,730+,0,1,2,1159,4.0,0,1,8,181,2,3,2,1.0,0.0,0.0,0.0,0.0,0.0
25139,full_active,0,-124,1,600,500+,64,"[10,100)",25,"[5,30)",1211,730+,0,5,10,456,1.0,0,0,14,116,5,2,0,1.0,0.0,0.0,0.0,0.0,0.0
25143,2_14_day_new,0,1,1,293,"(250,500]",29,"[10,100)",8,"[5,30)",82,61-90,0,4,2,1158,7.0,0,0,24,45,3,2,2,1.0,0.0,0.0,0.0,0.0,0.0
25146,full_active,0,1,1,542,500+,136,"[100,1k)",120,"[120,250)",1966,730+,1,5,10,604,2.0,0,0,26,408,6,3,0,1.0,0.0,0.0,0.0,0.0,0.0
25147,full_active,0,-124,1,58,"(50,100]",25,"[10,100)",2,"[1,5)",101,91-180,0,3,2,1168,7.0,0,1,20,218,5,4,2,1.0,0.0,0.0,0.0,0.0,0.0
25156,high_active,0,-124,1,222,"(150,250]",107,"[100,1k)",40,"[30,60)",834,730+,0,4,10,1024,2.0,0,1,10,254,3,0,0,1.0,0.0,0.0,0.0,0.0,0.0
25157,full_active,0,-124,1,460,"(250,500]",835,"[100,1k)",459,250+,1025,730+,0,1,2,1180,2.0,0,0,42,63,1,2,2,0.0,0.0,0.0,0.0,0.0,0.0
25159,middle_active,0,-124,0,183,"(150,250]",2,"[1,10)",2,"[1,5)",795,730+,1,1,24,803,1.0,0,1,10,451,1,2,0,0.0,0.0,0.0,0.0,0.0,0.0
25166,full_active,0,-124,1,73,"(50,100]",27,"[10,100)",13,"[5,30)",116,91-180,1,4,10,189,3.0,0,0,28,367,3,4,0,,,,,,
25177,full_active,0,-124,1,463,"(250,500]",26,"[10,100)",13,"[5,30)",749,730+,0,6,2,1145,3.0,0,0,14,339,3,0,1,,,,,,
25182,2_14_day_new,0,-124,0,31,"(10,50]",2,"[1,10)",2,"[1,5)",909,730+,0,1,10,76,1.0,0,1,34,345,1,3,0,1.0,0.0,0.0,0.0,0.0,0.0
25189,full_active,0,-124,1,1083,500+,916,"[100,1k)",690,250+,1617,730+,0,1,19,513,0.0,0,1,34,80,1,4,0,0.0,0.0,0.0,0.0,0.0,0.0
25195,full_active,0,-124,1,17,"(10,50]",34,"[10,100)",16,"[5,30)",792,730+,1,2,29,1421,4.0,0,1,20,348,4,4,0,1.0,0.0,0.0,0.0,0.0,0.0
25198,full_active,0,-124,1,15,"(10,50]",68,"[10,100)",2,"[1,5)",1535,730+,1,2,2,1171,5.0,0,1,9,88,5,4,2,1.0,0.0,0.0,0.0,0.0,0.0
25200,middle_active,0,1,1,172,"(150,250]",109,"[100,1k)",11,"[5,30)",2749,730+,1,4,31,424,3.0,0,0,33,141,5,2,0,1.0,0.0,0.0,0.0,0.0,0.0
25206,high_active,0,-124,1,7,"(0,10]",15,"[10,100)",1,"[1,5)",296,181-365,0,4,19,641,1.0,0,1,43,230,1,0,0,1.0,1.0,0.0,0.0,0.0,0.0
25207,full_active,0,-124,1,99,"(50,100]",10,"[10,100)",5,"[5,30)",1150,730+,1,4,2,1171,5.0,0,0,13,204,3,2,2,1.0,0.0,0.0,0.0,0.0,0.0
25211,full_active,0,-124,1,10,"(0,10]",24,"[10,100)",8,"[5,30)",528,366-730,1,1,9,478,2.0,0,1,8,287,2,2,0,1.0,0.0,0.0,1.0,0.0,0.0
25219,full_active,0,1,1,367,"(250,500]",240,"[100,1k)",28,"[5,30)",1664,730+,0,4,10,604,2.0,0,0,38,139,4,3,0,1.0,0.0,0.0,0.0,0.0,0.0
25222,full_active,0,-124,1,88,"(50,100]",55,"[10,100)",30,"[30,60)",760,730+,1,4,10,112,2.0,0,0,13,330,5,3,0,,,,,,
25230,full_active,0,-124,1,138,"(100,150]",316,"[100,1k)",129,"[120,250)",2113,730+,0,4,29,970,1.0,0,0,22,123,1,4,0,0.0,0.0,0.0,0.0,0.0,0.0
25240,2_14_day_new,0,1,1,29,"(10,50]",42,"[10,100)",29,"[5,30)",1044,730+,1,1,29,963,1.0,0,1,12,163,1,3,0,1.0,0.0,0.0,0.0,0.0,0.0
25241,high_active,0,-124,0,95,"(50,100]",16,"[10,100)",4,"[1,5)",622,366-730,1,3,19,656,2.0,0,1,43,232,3,3,0,1.0,0.0,1.0,0.0,0.0,0.0
25244,full_active,0,-124,1,81,"(50,100]",1,"[1,10)",1,"[1,5)",1405,730+,1,2,29,966,3.0,0,0,42,73,1,2,0,1.0,0.0,0.0,0.0,0.0,0.0
25247,full_active,0,1,1,12,"(10,50]",14,"[10,100)",12,"[5,30)",1272,730+,1,2,9,136,1.0,0,1,34,80,1,3,0,0.0,0.0,0.0,0.0,0.0,0.0
25254,high_active,0,-124,1,192,"(150,250]",82,"[10,100)",42,"[30,60)",1184,730+,1,2,19,620,1.0,0,0,31,354,3,3,0,1.0,1.0,1.0,0.0,0.0,0.0
25259,full_active,0,-124,1,203,"(150,250]",88,"[10,100)",87,"[60,120)",1163,730+,1,4,9,228,1.0,0,0,15,394,4,0,0,1.0,0.0,1.0,0.0,0.0,0.0
25273,full_active,0,-124,1,710,500+,220,"[100,1k)",86,"[60,120)",1224,730+,0,2,10,338,1.0,0,0,22,412,5,3,0,1.0,0.0,0.0,0.0,0.0,0.0
25276,full_active,0,-124,1,33,"(10,50]",2,"[1,10)",0,0,108,91-180,1,4,19,637,1.0,0,1,21,377,6,0,0,1.0,1.0,1.0,0.0,0.0,0.0
25282,full_active,0,1,1,319,"(250,500]",746,"[100,1k)",81,"[60,120)",1974,730+,0,4,29,926,1.0,0,0,38,139,4,3,0,1.0,0.0,0.0,0.0,0.0,0.0
25298,full_active,0,-124,1,677,500+,492,"[100,1k)",290,250+,1073,730+,0,4,29,964,1.0,0,1,21,103,3,0,0,1.0,0.0,0.0,0.0,0.0,0.0
25300,high_active,0,-124,1,589,500+,99,"[10,100)",75,"[60,120)",1257,730+,1,4,9,296,0.0,0,0,22,123,1,3,0,1.0,0.0,0.0,0.0,0.0,0.0
25302,full_active,0,-124,0,157,"(150,250]",30,"[10,100)",25,"[5,30)",693,366-730,0,4,2,1176,2.0,0,0,31,42,6,0,2,,,,,,
25307,full_active,0,1,1,147,"(100,150]",38,"[10,100)",0,0,863,730+,0,3,2,1169,8.0,0,0,1,82,2,2,2,1.0,0.0,0.0,0.0,0.0,0.0
25313,high_active,0,-124,1,105,"(100,150]",36,"[10,100)",27,"[5,30)",462,366-730,1,5,10,167,0.0,0,0,22,412,5,0,0,1.0,0.0,0.0,0.0,0.0,0.0
25314,full_active,0,1,1,151,"(150,250]",303,"[100,1k)",31,"[30,60)",855,730+,1,6,19,605,1.0,0,0,19,110,1,2,0,0.0,0.0,0.0,0.0,0.0,0.0
25316,middle_active,0,-124,1,157,"(150,250]",432,"[100,1k)",154,"[120,250)",855,730+,0,1,29,966,3.0,0,0,19,378,3,0,0,1.0,0.0,0.0,0.0,0.0,0.0
25318,2_14_day_new,0,-124,1,188,"(150,250]",444,"[100,1k)",182,"[120,250)",736,730+,1,6,2,1160,4.0,0,1,9,249,3,2,2,1.0,0.0,0.0,0.0,0.0,0.0
25324,full_active,0,-124,1,310,"(250,500]",124,"[100,1k)",72,"[60,120)",1231,730+,1,6,19,632,0.0,0,0,1,82,2,3,0,1.0,0.0,0.0,0.0,0.0,0.0
25326,full_active,0,-124,1,76,"(50,100]",67,"[10,100)",34,"[30,60)",835,730+,0,3,29,990,1.0,0,0,28,367,3,2,0,1.0,0.0,0.0,0.0,0.0,0.0
25327,full_active,0,-124,0,376,"(250,500]",37,"[10,100)",17,"[5,30)",1753,730+,0,6,9,479,1.0,0,0,13,267,6,3,0,1.0,0.0,0.0,0.0,0.0,0.0
25338,full_active,0,1,1,435,"(250,500]",112,"[100,1k)",92,"[60,120)",1889,730+,1,2,19,583,1.0,0,0,31,275,5,4,0,0.0,0.0,0.0,0.0,0.0,0.0
25348,high_active,0,-124,0,78,"(50,100]",11,"[10,100)",5,"[5,30)",937,730+,0,5,9,296,0.0,0,0,15,394,4,2,0,1.0,0.0,1.0,0.0,0.0,0.0
25352,full_active,0,1,1,1264,500+,263,"[100,1k)",77,"[60,120)",1821,730+,1,4,29,982,3.0,0,0,14,116,5,2,0,1.0,0.0,0.0,0.0,1.0,0.0
25365,full_active,0,-124,1,3126,500+,48,"[10,100)",20,"[5,30)",1352,730+,0,4,29,1347,0.0,0,1,0,58,1,4,0,1.0,0.0,0.0,0.0,0.0,0.0
25366,full_active,0,1,1,10,"(0,10]",1,"[1,10)",0,0,449,366-730,0,3,20,290,3.0,0,1,44,147,4,3,0,0.0,0.0,0.0,0.0,0.0,0.0
25367,middle_active,0,-124,1,167,"(150,250]",269,"[100,1k)",141,"[120,250)",1548,730+,0,1,19,525,0.0,0,1,8,344,6,3,0,1.0,0.0,0.0,0.0,0.0,0.0
25368,full_active,0,-124,1,502,500+,59,"[10,100)",50,"[30,60)",496,366-730,0,6,29,1357,1.0,0,0,14,308,3,2,2,0.0,0.0,0.0,0.0,0.0,0.0
25369,full_active,0,-124,1,393,"(250,500]",84,"[10,100)",80,"[60,120)",76,61-90,1,6,10,841,1.0,0,0,24,264,4,3,0,1.0,0.0,0.0,0.0,0.0,0.0
25373,full_active,0,-124,1,24,"(10,50]",15,"[10,100)",5,"[5,30)",928,730+,1,2,19,608,5.0,0,0,42,50,6,0,0,0.0,0.0,0.0,0.0,0.0,0.0
25374,full_active,0,-124,1,1860,500+,2597,"[1k,5k)",1854,250+,1135,730+,0,1,29,950,1.0,0,0,28,367,3,3,0,0.0,0.0,0.0,0.0,0.0,0.0
25380,full_active,0,-124,1,2,"(0,10]",78,"[10,100)",1,"[1,5)",1309,730+,1,3,10,765,2.0,0,1,34,201,4,2,0,0.0,0.0,0.0,0.0,0.0,0.0
25384,full_active,0,-124,0,267,"(250,500]",1,"[1,10)",0,0,1905,730+,0,3,29,895,2.0,0,0,15,438,3,0,0,1.0,0.0,0.0,0.0,0.0,0.0
25386,full_active,0,-124,1,103,"(100,150]",6,"[1,10)",3,"[1,5)",1377,730+,1,4,31,754,1.0,9,2,36,18,0,0,0,1.0,0.0,0.0,0.0,0.0,0.0
25390,full_active,0,1,1,1,"(0,10]",57,"[10,100)",0,0,1751,730+,1,4,29,892,0.0,0,1,43,230,1,3,0,1.0,0.0,1.0,0.0,0.0,0.0
25392,full_active,0,1,1,633,500+,974,"[100,1k)",627,250+,1266,730+,0,1,2,1180,2.0,0,0,15,187,3,3,2,1.0,0.0,0.0,0.0,0.0,0.0
25393,full_active,0,-124,1,22,"(10,50]",14,"[10,100)",9,"[5,30)",1814,730+,1,5,29,1320,1.0,0,0,13,361,1,2,0,1.0,0.0,0.0,0.0,0.0,0.0
25394,full_active,0,-124,0,18,"(10,50]",4,"[1,10)",4,"[1,5)",114,91-180,1,1,2,1169,8.0,8,2,95,247,0,0,2,,,,,,
25395,full_active,0,1,1,351,"(250,500]",50,"[10,100)",11,"[5,30)",1031,730+,1,4,29,937,3.0,0,0,22,412,5,3,0,1.0,0.0,0.0,0.0,0.0,0.0
25409,full_active,0,-124,1,3,"(0,10]",7,"[1,10)",2,"[1,5)",534,366-730,0,2,29,1374,1.0,0,1,2,399,4,4,0,0.0,0.0,0.0,0.0,0.0,0.0
25419,full_active,0,1,1,26,"(10,50]",360,"[100,1k)",24,"[5,30)",1970,730+,0,5,2,1162,8.0,0,0,13,117,6,3,2,1.0,0.0,0.0,0.0,0.0,0.0
25433,high_active,0,-124,1,0,0,6,"[1,10)",0,0,33,31-60,1,4,2,1158,5.0,0,0,15,69,6,2,2,1.0,0.0,0.0,0.0,0.0,0.0
25453,full_active,0,-124,1,1650,500+,79,"[10,100)",38,"[30,60)",1193,730+,0,5,10,232,1.0,0,0,19,378,3,3,0,1.0,1.0,0.0,0.0,0.0,0.0
25472,full_active,0,-124,1,924,500+,135,"[100,1k)",36,"[30,60)",919,730+,1,6,29,923,2.0,0,0,13,188,3,3,0,1.0,0.0,0.0,1.0,0.0,0.0
25476,full_active,0,1,1,951,500+,2110,"[1k,5k)",906,250+,1372,730+,0,1,2,1157,5.0,0,1,43,221,4,4,2,1.0,0.0,0.0,0.0,0.0,0.0
25477,high_active,0,-124,1,258,"(250,500]",282,"[100,1k)",194,"[120,250)",745,730+,0,0,29,906,1.0,0,0,15,118,6,3,0,0.0,0.0,0.0,0.0,0.0,0.0
25486,high_active,0,-124,1,3,"(0,10]",110,"[100,1k)",3,"[1,5)",803,730+,0,2,2,1165,6.0,0,0,30,114,6,3,2,1.0,0.0,0.0,0.0,0.0,0.0
25487,full_active,0,-124,1,379,"(250,500]",624,"[100,1k)",378,250+,515,366-730,0,1,2,1176,2.0,0,1,5,332,5,2,2,1.0,0.0,0.0,0.0,0.0,0.0
25493,high_active,0,-124,1,1830,500+,1859,"[1k,5k)",1676,250+,919,730+,0,4,2,1162,7.0,0,0,15,118,6,3,2,1.0,0.0,0.0,0.0,0.0,0.0
25495,full_active,0,-124,1,85,"(50,100]",12,"[10,100)",7,"[5,30)",1111,730+,0,1,19,576,2.0,0,1,0,75,3,4,0,1.0,0.0,0.0,0.0,0.0,0.0
25498,full_active,0,-124,1,934,500+,728,"[100,1k)",642,250+,1785,730+,0,1,10,166,1.0,0,1,10,254,3,4,0,1.0,0.0,0.0,0.0,0.0,0.0
25510,2_14_day_new,0,-124,1,236,"(150,250]",190,"[100,1k)",171,"[120,250)",461,366-730,0,1,28,997,,0,0,15,178,3,3,0,0.0,0.0,0.0,0.0,0.0,0.0
25542,full_active,0,1,1,939,500+,1464,"[1k,5k)",927,250+,1470,730+,1,2,2,1159,3.0,0,1,43,211,1,3,2,1.0,0.0,0.0,0.0,0.0,0.0
25548,middle_active,0,-124,1,314,"(250,500]",5,"[1,10)",3,"[1,5)",269,181-365,0,1,29,1291,0.0,0,1,34,86,3,4,0,0.0,0.0,0.0,0.0,0.0,0.0
25549,high_active,0,-124,1,199,"(150,250]",57,"[10,100)",26,"[5,30)",2647,730+,0,3,2,1166,8.0,0,0,33,227,3,4,2,1.0,0.0,0.0,0.0,0.0,0.0
25555,full_active,0,1,1,353,"(250,500]",609,"[100,1k)",64,"[60,120)",2119,730+,1,5,19,630,4.0,0,0,13,117,6,2,0,1.0,0.0,0.0,0.0,0.0,0.0
25558,full_active,0,-124,1,853,500+,64,"[10,100)",45,"[30,60)",1828,730+,0,5,29,890,0.0,0,0,19,78,1,4,0,1.0,1.0,1.0,0.0,0.0,0.0
25561,full_active,0,1,1,47,"(10,50]",41,"[10,100)",5,"[5,30)",2149,730+,1,3,19,620,1.0,0,0,19,378,3,4,0,0.0,0.0,0.0,0.0,0.0,0.0
25566,middle_active,0,-124,1,195,"(150,250]",17,"[10,100)",8,"[5,30)",106,91-180,1,0,9,296,0.0,0,1,10,373,5,0,0,0.0,0.0,0.0,0.0,0.0,0.0
25567,full_active,0,-124,1,97,"(50,100]",130,"[100,1k)",94,"[60,120)",28,15-30,0,1,2,1160,4.0,0,1,10,373,5,3,2,1.0,0.0,0.0,0.0,0.0,0.0
25573,full_active,0,1,1,55,"(50,100]",107,"[100,1k)",50,"[30,60)",2448,730+,1,4,0,7,0.0,0,0,13,392,6,0,0,1.0,0.0,0.0,0.0,0.0,0.0
25575,full_active,0,-124,1,113,"(100,150]",19,"[10,100)",12,"[5,30)",1332,730+,1,2,29,974,2.0,0,1,0,417,6,2,0,1.0,0.0,0.0,0.0,1.0,0.0
25581,full_active,0,-124,1,125,"(100,150]",140,"[100,1k)",89,"[60,120)",960,730+,0,2,29,1325,2.0,0,0,42,120,1,4,0,1.0,0.0,0.0,0.0,0.0,0.0
25589,full_active,0,-124,1,46,"(10,50]",17,"[10,100)",2,"[1,5)",1554,730+,0,2,2,1171,5.0,0,0,13,330,5,4,0,0.0,0.0,0.0,0.0,0.0,0.0
25591,full_active,0,-124,1,1755,500+,13,"[10,100)",11,"[5,30)",211,181-365,1,0,2,1175,1.0,0,1,8,209,6,0,2,1.0,0.0,0.0,0.0,0.0,0.0
25595,middle_active,0,-124,1,65,"(50,100]",9,"[1,10)",6,"[5,30)",848,730+,1,1,10,167,0.0,0,1,21,34,6,3,0,1.0,0.0,0.0,0.0,0.0,0.0
25604,middle_active,0,-124,0,4045,500+,6,"[1,10)",3,"[1,5)",872,730+,0,1,2,1153,5.0,0,0,31,343,3,2,2,0.0,0.0,0.0,0.0,0.0,0.0
25609,full_active,0,-124,1,723,500+,176,"[100,1k)",164,"[120,250)",1390,730+,1,2,29,1344,1.0,0,0,26,108,1,3,0,1.0,0.0,0.0,0.0,0.0,0.0
25610,full_active,0,-124,1,317,"(250,500]",18,"[10,100)",15,"[5,30)",763,730+,0,2,33,975,2.0,0,0,19,378,3,0,0,1.0,0.0,0.0,0.0,0.0,0.0
25626,full_active,0,1,1,340,"(250,500]",511,"[100,1k)",328,250+,1590,730+,0,2,2,1160,4.0,0,1,8,181,2,3,2,1.0,0.0,0.0,0.0,0.0,0.0
25630,full_active,0,1,1,262,"(250,500]",757,"[100,1k)",229,"[120,250)",2341,730+,0,3,19,634,2.0,0,0,22,239,1,3,0,1.0,0.0,0.0,0.0,0.0,0.0
25633,full_active,0,-124,1,1659,500+,151,"[100,1k)",104,"[60,120)",1653,730+,1,4,19,582,2.0,0,1,44,147,4,2,0,1.0,1.0,0.0,0.0,1.0,0.0
25643,full_active,0,1,1,706,500+,289,"[100,1k)",261,250+,1398,730+,1,1,19,625,2.0,0,1,0,407,3,4,0,1.0,0.0,0.0,0.0,0.0,0.0
25646,full_active,0,1,1,262,"(250,500]",152,"[100,1k)",129,"[120,250)",871,730+,0,2,29,953,2.0,0,0,15,304,1,2,0,1.0,0.0,0.0,0.0,0.0,0.0
25647,middle_active,0,-124,1,34,"(10,50]",37,"[10,100)",19,"[5,30)",1765,730+,0,2,48,698,1.0,0,0,7,138,1,0,0,0.0,0.0,0.0,0.0,1.0,0.0
25648,full_active,0,-124,1,1477,500+,53,"[10,100)",18,"[5,30)",1768,730+,1,4,10,477,8.0,0,0,22,320,1,2,0,1.0,0.0,0.0,0.0,0.0,0.0
25649,middle_active,0,-124,1,38,"(10,50]",16,"[10,100)",10,"[5,30)",983,730+,0,2,31,752,1.0,0,1,43,221,4,3,0,1.0,0.0,0.0,0.0,0.0,0.0
25667,full_active,0,-124,1,226,"(150,250]",98,"[10,100)",23,"[5,30)",1109,730+,1,6,31,373,0.0,0,0,13,267,6,4,0,0.0,0.0,0.0,0.0,0.0,0.0
25670,full_active,0,-124,1,14,"(10,50]",8,"[1,10)",7,"[5,30)",465,366-730,0,4,10,552,3.0,0,1,34,273,3,0,0,1.0,0.0,0.0,0.0,0.0,0.0
25679,full_active,0,-124,1,55,"(50,100]",5,"[1,10)",3,"[1,5)",451,366-730,0,6,29,906,1.0,0,0,7,252,1,2,0,0.0,0.0,1.0,0.0,0.0,0.0
25681,full_active,0,-124,1,85,"(50,100]",694,"[100,1k)",78,"[60,120)",1506,730+,1,1,2,1151,3.0,0,0,31,275,5,2,2,1.0,0.0,0.0,0.0,0.0,0.0
25689,full_active,0,-124,0,32,"(10,50]",0,0,0,0,152,91-180,1,5,10,844,1.0,0,0,24,433,6,0,0,,,,,,
25693,full_active,0,-124,1,157,"(150,250]",256,"[100,1k)",150,"[120,250)",1532,730+,0,2,2,1160,4.0,0,1,44,400,5,3,2,1.0,0.0,0.0,0.0,0.0,0.0
25697,middle_active,0,-124,1,727,500+,829,"[100,1k)",509,250+,1393,730+,0,1,2,1219,2.0,0,0,7,190,1,3,2,0.0,0.0,0.0,0.0,0.0,0.0
25699,full_active,0,-124,1,143,"(100,150]",142,"[100,1k)",105,"[60,120)",2160,730+,1,4,10,178,3.0,0,0,31,354,3,3,0,1.0,0.0,0.0,0.0,0.0,0.0
25705,full_active,0,-124,1,3,"(0,10]",392,"[100,1k)",3,"[1,5)",1714,730+,0,1,2,1160,4.0,0,1,8,287,2,2,2,1.0,0.0,0.0,0.0,0.0,0.0
25709,high_active,0,-124,1,84,"(50,100]",74,"[10,100)",28,"[5,30)",1288,730+,1,5,10,103,0.0,0,0,28,278,1,3,0,1.0,0.0,0.0,0.0,0.0,0.0
25713,full_active,0,-124,1,154,"(150,250]",4,"[1,10)",3,"[1,5)",637,366-730,1,1,10,241,1.0,0,0,13,392,6,3,0,1.0,0.0,0.0,0.0,0.0,0.0
25714,full_active,0,-124,1,199,"(150,250]",33,"[10,100)",2,"[1,5)",1822,730+,1,4,10,663,0.0,0,0,30,114,6,0,0,0.0,0.0,0.0,0.0,0.0,0.0
25718,high_active,0,-124,1,121,"(100,150]",27,"[10,100)",15,"[5,30)",889,730+,1,3,29,904,2.0,0,0,42,421,1,0,0,1.0,0.0,0.0,0.0,0.0,0.0
25721,middle_active,0,-124,0,20,"(10,50]",9,"[1,10)",9,"[5,30)",41,31-60,0,2,10,258,1.0,0,1,8,344,6,0,0,1.0,0.0,0.0,0.0,0.0,0.0
25724,full_active,0,-124,1,250,"(150,250]",33,"[10,100)",26,"[5,30)",2294,730+,1,4,19,580,1.0,0,0,31,296,3,2,0,0.0,0.0,0.0,0.0,0.0,0.0
25729,full_active,0,-124,1,21,"(10,50]",20,"[10,100)",20,"[5,30)",57,31-60,1,1,10,77,1.0,0,1,9,372,1,3,0,1.0,0.0,0.0,0.0,0.0,0.0
25733,full_active,0,-124,1,54,"(50,100]",11,"[10,100)",4,"[1,5)",572,366-730,0,1,29,880,1.0,0,0,7,138,1,4,0,1.0,0.0,0.0,0.0,0.0,0.0
25738,full_active,0,-124,0,96,"(50,100]",3,"[1,10)",3,"[1,5)",613,366-730,0,6,19,606,1.0,0,1,20,326,6,3,0,0.0,0.0,0.0,0.0,0.0,0.0
25740,full_active,0,-124,1,92,"(50,100]",6,"[1,10)",2,"[1,5)",833,730+,0,2,2,1171,5.0,0,0,13,67,6,2,2,1.0,0.0,0.0,0.0,0.0,0.0
25747,full_active,0,-124,1,581,500+,89,"[10,100)",49,"[30,60)",1051,730+,0,4,19,578,1.0,0,0,38,139,4,2,0,0.0,0.0,1.0,0.0,0.0,0.0
25748,low_active,0,1,1,1399,500+,263,"[100,1k)",84,"[60,120)",854,730+,1,2,31,373,0.0,0,0,30,119,1,3,0,1.0,0.0,0.0,0.0,0.0,0.0
25751,full_active,0,1,1,232,"(150,250]",14,"[10,100)",6,"[5,30)",693,366-730,1,1,2,1158,7.0,0,1,20,348,4,2,2,1.0,0.0,0.0,0.0,0.0,0.0
25758,full_active,0,-124,0,26,"(10,50]",23,"[10,100)",2,"[1,5)",935,730+,0,5,2,1209,9.0,0,0,14,116,5,0,2,1.0,0.0,0.0,0.0,0.0,0.0
25759,middle_active,0,-124,1,599,500+,57,"[10,100)",22,"[5,30)",811,730+,1,1,2,1159,3.0,0,0,31,343,3,3,2,0.0,0.0,0.0,0.0,0.0,0.0
25762,full_active,0,1,1,84,"(50,100]",18,"[10,100)",0,0,737,730+,0,2,2,1171,5.0,0,1,44,121,5,2,2,1.0,0.0,0.0,0.0,0.0,0.0
25764,full_active,0,-124,1,117,"(100,150]",15,"[10,100)",2,"[1,5)",1627,730+,1,4,10,184,2.0,0,0,13,267,6,0,0,,,,,,
25774,high_active,0,-124,0,109,"(100,150]",8,"[1,10)",0,0,225,181-365,1,1,10,285,1.0,0,1,10,254,3,0,0,1.0,1.0,0.0,0.0,0.0,0.0
25780,middle_active,0,-124,0,15,"(10,50]",1,"[1,10)",0,0,233,181-365,1,1,19,567,0.0,0,1,10,20,0,0,0,0.0,0.0,0.0,0.0,0.0,0.0
25791,full_active,0,-124,0,21,"(10,50]",10,"[10,100)",1,"[1,5)",1038,730+,0,4,2,1179,2.0,0,0,7,190,1,3,2,1.0,0.0,0.0,0.0,0.0,0.0
25792,2_14_day_new,0,-124,1,376,"(250,500]",22,"[10,100)",19,"[5,30)",1734,730+,1,4,2,1165,6.0,0,1,0,295,6,3,2,1.0,0.0,0.0,0.0,0.0,0.0
25794,high_active,0,-124,1,10,"(0,10]",53,"[10,100)",9,"[5,30)",619,366-730,0,1,19,606,1.0,0,1,8,54,1,0,0,1.0,0.0,0.0,0.0,0.0,0.0
25801,full_active,0,-124,0,22,"(10,50]",1,"[1,10)",0,0,125,91-180,1,4,2,1158,5.0,0,0,15,151,3,4,2,,,,,,
25804,high_active,0,1,1,607,500+,55,"[10,100)",38,"[30,60)",1282,730+,0,3,29,926,1.0,0,1,20,383,6,4,0,1.0,0.0,0.0,0.0,0.0,0.0
25807,high_active,0,-124,1,23,"(10,50]",5,"[1,10)",0,0,361,181-365,0,2,19,620,1.0,0,1,39,426,1,3,0,1.0,0.0,0.0,0.0,0.0,0.0
25812,full_active,0,1,1,352,"(250,500]",294,"[100,1k)",212,"[120,250)",1647,730+,0,1,19,590,1.0,0,0,7,190,1,3,0,0.0,0.0,1.0,0.0,0.0,0.0
25815,high_active,0,-124,1,159,"(150,250]",184,"[100,1k)",125,"[120,250)",941,730+,1,2,29,909,1.0,0,1,39,225,1,3,0,1.0,0.0,1.0,0.0,0.0,0.0
25819,full_active,0,-124,0,220,"(150,250]",124,"[100,1k)",124,"[120,250)",76,61-90,1,5,10,844,1.0,0,0,24,137,5,2,0,0.0,0.0,0.0,0.0,0.0,0.0
25823,full_active,0,1,1,663,500+,208,"[100,1k)",134,"[120,250)",2317,730+,0,3,29,926,1.0,0,0,26,108,1,4,0,1.0,0.0,0.0,0.0,0.0,0.0
25833,high_active,0,-124,1,241,"(150,250]",23,"[10,100)",12,"[5,30)",859,730+,0,6,10,243,0.0,0,0,31,42,6,2,0,1.0,0.0,0.0,0.0,0.0,0.0
25836,2_14_day_new,0,1,1,567,500+,1190,"[1k,5k)",433,250+,300,181-365,1,1,2,1160,4.0,0,0,42,223,1,3,2,1.0,0.0,0.0,0.0,0.0,0.0
25837,full_active,0,1,1,854,500+,1508,"[1k,5k)",814,250+,778,730+,1,1,2,1153,5.0,0,0,15,441,1,3,2,1.0,0.0,0.0,0.0,0.0,0.0
25839,full_active,0,-124,1,53,"(50,100]",7,"[1,10)",1,"[1,5)",1189,730+,1,4,2,1165,6.0,0,1,5,270,5,4,2,1.0,0.0,0.0,0.0,0.0,0.0
25843,full_active,0,-124,1,39,"(10,50]",200,"[100,1k)",12,"[5,30)",1826,730+,0,5,2,1160,4.0,0,0,31,296,3,0,2,1.0,1.0,0.0,0.0,0.0,0.0
25848,full_active,0,-124,0,238,"(150,250]",0,0,0,0,403,366-730,1,0,2,1177,2.0,0,0,13,267,6,0,2,1.0,0.0,0.0,0.0,0.0,0.0
25852,high_active,0,-124,1,1125,500+,335,"[100,1k)",97,"[60,120)",2383,730+,1,2,29,924,3.0,0,0,30,368,4,0,0,1.0,0.0,0.0,0.0,0.0,0.0
25866,full_active,0,-124,1,116,"(100,150]",74,"[10,100)",19,"[5,30)",1526,730+,0,5,10,59,1.0,0,0,22,412,5,2,0,0.0,0.0,0.0,0.0,0.0,0.0
25869,2_14_day_new,0,-124,1,614,500+,102,"[100,1k)",70,"[60,120)",1765,730+,1,4,10,717,3.0,0,0,31,343,3,3,0,1.0,0.0,0.0,0.0,0.0,0.0
25873,full_active,0,1,1,38,"(10,50]",36,"[10,100)",36,"[30,60)",1627,730+,0,2,29,979,2.0,0,1,34,345,1,3,0,1.0,0.0,0.0,0.0,0.0,0.0
25880,full_active,0,1,1,38,"(10,50]",72,"[10,100)",30,"[30,60)",1536,730+,1,3,2,1160,4.0,0,1,34,201,4,2,2,1.0,0.0,0.0,0.0,0.0,0.0
25891,middle_active,0,-124,1,1,"(0,10]",133,"[100,1k)",1,"[1,5)",458,366-730,0,1,2,1179,2.0,0,1,9,310,3,3,2,1.0,0.0,0.0,0.0,0.0,0.0
25895,full_active,0,-124,1,159,"(150,250]",7,"[1,10)",1,"[1,5)",2596,730+,0,3,2,1171,5.0,0,1,18,144,3,3,2,1.0,0.0,0.0,0.0,0.0,0.0
25904,full_active,0,-124,1,116,"(100,150]",66,"[10,100)",34,"[30,60)",2306,730+,0,6,31,377,2.0,0,1,20,174,5,3,0,1.0,0.0,1.0,1.0,0.0,0.0
25907,full_active,0,-124,1,70,"(50,100]",77,"[10,100)",40,"[30,60)",1471,730+,1,3,29,925,0.0,0,0,26,124,1,2,0,1.0,0.0,0.0,0.0,0.0,0.0
25909,full_active,0,-124,1,117,"(100,150]",190,"[100,1k)",40,"[30,60)",936,730+,1,4,31,741,1.0,0,1,8,209,6,2,0,0.0,0.0,0.0,0.0,0.0,0.0
25926,full_active,0,-124,1,1702,500+,956,"[100,1k)",561,250+,863,730+,0,6,2,1179,2.0,0,1,8,294,6,2,2,1.0,0.0,0.0,0.0,0.0,0.0
25936,full_active,0,-124,1,18,"(10,50]",29,"[10,100)",16,"[5,30)",548,366-730,0,1,19,606,1.0,0,1,21,103,3,3,0,0.0,0.0,0.0,0.0,0.0,0.0
25939,full_active,0,-124,1,13,"(10,50]",19,"[10,100)",1,"[1,5)",1594,730+,0,3,31,377,2.0,0,1,21,91,5,3,0,0.0,0.0,0.0,0.0,0.0,0.0
25940,full_active,0,-124,1,83,"(50,100]",24,"[10,100)",16,"[5,30)",1378,730+,1,4,19,567,0.0,0,0,13,330,5,3,0,1.0,0.0,0.0,0.0,0.0,0.0
25943,full_active,0,-124,1,43,"(10,50]",16,"[10,100)",2,"[1,5)",2508,730+,0,0,10,128,2.0,0,0,38,139,4,2,0,1.0,0.0,0.0,0.0,0.0,0.0
25945,full_active,0,-124,0,28,"(10,50]",0,0,0,0,1256,730+,1,4,31,419,1.0,0,1,20,411,6,0,0,1.0,0.0,0.0,0.0,0.0,0.0
25946,full_active,0,1,1,235,"(150,250]",71,"[10,100)",27,"[5,30)",2007,730+,1,2,2,1160,4.0,0,0,7,138,1,2,2,1.0,0.0,0.0,0.0,0.0,0.0
25952,full_active,0,-124,1,177,"(150,250]",31,"[10,100)",9,"[5,30)",2810,730+,1,4,2,1160,4.0,0,1,5,95,5,2,2,0.0,0.0,1.0,0.0,0.0,0.0
25957,full_active,0,-124,1,83,"(50,100]",23,"[10,100)",22,"[5,30)",721,366-730,0,0,19,568,0.0,0,1,8,39,5,4,0,1.0,0.0,0.0,0.0,0.0,0.0
25959,low_active,0,-124,1,179,"(150,250]",13,"[10,100)",5,"[5,30)",1246,730+,0,1,29,890,0.0,0,1,9,372,1,2,0,0.0,0.0,0.0,1.0,0.0,0.0
25962,full_active,0,1,1,323,"(250,500]",270,"[100,1k)",213,"[120,250)",1344,730+,0,4,29,958,1.0,0,1,34,201,4,2,0,1.0,0.0,1.0,0.0,0.0,0.0
25982,2_14_day_new,0,-124,1,157,"(150,250]",58,"[10,100)",10,"[5,30)",2635,730+,0,3,2,1169,8.0,0,0,31,276,6,2,2,1.0,0.0,0.0,0.0,0.0,0.0
25983,full_active,0,1,1,1,"(0,10]",190,"[100,1k)",1,"[1,5)",1864,730+,1,3,29,947,1.0,0,0,7,40,1,2,0,1.0,0.0,0.0,0.0,0.0,0.0
25993,middle_active,0,-124,1,425,"(250,500]",180,"[100,1k)",145,"[120,250)",364,181-365,0,1,29,978,1.0,0,0,15,187,3,2,0,0.0,0.0,0.0,0.0,0.0,0.0
25994,full_active,0,-124,1,1081,500+,117,"[100,1k)",40,"[30,60)",468,366-730,1,2,29,940,1.0,0,0,13,390,3,3,0,1.0,0.0,0.0,0.0,0.0,0.0
25995,middle_active,0,-124,0,71,"(50,100]",2,"[1,10)",1,"[1,5)",1209,730+,0,2,31,419,1.0,0,1,8,259,6,0,0,1.0,0.0,0.0,0.0,0.0,0.0
25996,full_active,0,-124,0,73,"(50,100]",18,"[10,100)",13,"[5,30)",2146,730+,1,4,2,1176,2.0,0,0,13,392,6,4,2,1.0,0.0,0.0,0.0,0.0,0.0
26001,full_active,0,-124,1,105,"(100,150]",104,"[100,1k)",100,"[60,120)",70,61-90,1,1,2,1176,2.0,0,1,34,80,1,4,2,,,,,,
26004,full_active,0,1,1,515,500+,108,"[100,1k)",62,"[60,120)",1554,730+,0,5,10,172,1.0,0,1,20,383,6,4,0,1.0,0.0,0.0,0.0,0.0,0.0
26005,full_active,0,1,1,396,"(250,500]",709,"[100,1k)",379,250+,283,181-365,0,2,2,1158,7.0,0,1,20,191,5,2,2,1.0,0.0,0.0,0.0,0.0,0.0
26008,high_active,0,-124,0,267,"(250,500]",45,"[10,100)",37,"[30,60)",1256,730+,1,4,19,547,2.0,0,0,13,67,6,2,0,1.0,0.0,1.0,0.0,0.0,0.0
26021,high_active,0,-124,0,290,"(250,500]",1,"[1,10)",1,"[1,5)",877,730+,0,2,2,1165,6.0,0,1,20,218,5,2,2,1.0,0.0,0.0,0.0,0.0,0.0
26022,full_active,0,-124,1,40,"(10,50]",126,"[100,1k)",2,"[1,5)",2283,730+,0,2,28,284,,0,1,5,95,5,2,0,1.0,0.0,0.0,0.0,0.0,0.0
26029,middle_active,0,-124,1,786,500+,1,"[1,10)",1,"[1,5)",1129,730+,1,5,29,950,1.0,0,1,9,237,1,3,0,0.0,0.0,1.0,0.0,0.0,0.0
26030,full_active,0,1,1,535,500+,41,"[10,100)",9,"[5,30)",2025,730+,1,4,2,1151,3.0,0,1,20,191,5,3,2,1.0,0.0,0.0,0.0,0.0,0.0
26042,full_active,0,-124,1,4999,500+,2593,"[1k,5k)",2067,250+,603,366-730,0,4,2,1158,7.0,0,0,33,234,1,3,2,1.0,0.0,0.0,0.0,0.0,0.0
26045,full_active,0,-124,1,110,"(100,150]",12,"[10,100)",6,"[5,30)",981,730+,0,2,29,1353,0.0,0,0,33,227,3,3,0,0.0,0.0,1.0,0.0,0.0,0.0
26046,full_active,0,-124,1,275,"(250,500]",52,"[10,100)",8,"[5,30)",2022,730+,0,4,48,698,1.0,0,0,24,357,3,0,0,1.0,0.0,0.0,0.0,0.0,0.0
26063,full_active,0,-124,1,390,"(250,500]",634,"[100,1k)",381,250+,1726,730+,0,2,2,1159,3.0,0,1,43,221,4,3,2,0.0,0.0,0.0,0.0,0.0,0.0
26064,full_active,0,1,1,1178,500+,1143,"[1k,5k)",1008,250+,1693,730+,1,5,19,602,2.0,0,0,26,108,1,3,0,1.0,0.0,0.0,0.0,0.0,0.0
26069,high_active,0,-124,0,16,"(10,50]",1,"[1,10)",1,"[1,5)",448,366-730,1,2,19,515,0.0,0,0,42,120,1,3,0,0.0,0.0,0.0,0.0,0.0,0.0
26075,high_active,0,-124,1,4996,500+,202,"[100,1k)",165,"[120,250)",1535,730+,0,6,9,296,0.0,0,0,15,178,3,0,0,1.0,0.0,0.0,0.0,0.0,0.0
26078,middle_active,0,-124,1,7,"(0,10]",6,"[1,10)",5,"[5,30)",64,61-90,0,1,7,211,1.0,0,1,2,399,4,2,2,0.0,0.0,0.0,0.0,0.0,0.0
26081,full_active,0,1,1,1599,500+,883,"[100,1k)",546,250+,1944,730+,1,4,19,615,2.0,0,0,19,396,3,3,0,0.0,0.0,1.0,0.0,0.0,0.0
26082,full_active,0,1,1,408,"(250,500]",806,"[100,1k)",407,250+,1575,730+,0,2,2,1180,2.0,0,1,43,232,3,3,2,0.0,0.0,0.0,0.0,0.0,0.0
26088,full_active,0,-124,1,445,"(250,500]",23,"[10,100)",13,"[5,30)",1189,730+,1,4,28,139,,0,0,38,139,4,3,0,0.0,0.0,0.0,0.0,0.0,0.0
26106,high_active,0,-124,1,147,"(100,150]",311,"[100,1k)",141,"[120,250)",433,366-730,1,1,2,1181,1.0,0,0,15,187,3,3,2,0.0,0.0,0.0,0.0,0.0,0.0
26107,high_active,0,-124,1,415,"(250,500]",187,"[100,1k)",187,"[120,250)",116,91-180,1,5,2,1174,3.0,0,1,8,200,5,3,0,1.0,0.0,1.0,0.0,0.0,0.0
26111,full_active,0,-124,1,58,"(50,100]",50,"[10,100)",3,"[1,5)",1254,730+,1,4,2,1174,3.0,0,0,7,138,1,3,2,1.0,0.0,0.0,0.0,0.0,0.0
26115,high_active,0,-124,1,123,"(100,150]",231,"[100,1k)",121,"[120,250)",806,730+,0,1,29,963,1.0,0,1,20,286,6,4,0,1.0,0.0,0.0,0.0,0.0,0.0
26118,full_active,0,1,1,852,500+,861,"[100,1k)",793,250+,1250,730+,0,4,10,864,1.0,0,0,31,354,3,2,0,1.0,0.0,0.0,0.0,0.0,0.0
26124,full_active,0,-124,1,509,500+,15,"[10,100)",5,"[5,30)",1367,730+,0,5,10,243,0.0,0,0,24,380,1,2,0,1.0,1.0,0.0,0.0,0.0,0.0
26127,high_active,0,-124,0,20,"(10,50]",6,"[1,10)",2,"[1,5)",1103,730+,1,3,29,891,1.0,0,1,43,230,1,3,0,1.0,0.0,0.0,0.0,0.0,0.0
26130,middle_active,0,-124,1,67,"(50,100]",1,"[1,10)",1,"[1,5)",1061,730+,0,1,2,1180,2.0,0,1,34,423,1,0,2,1.0,0.0,0.0,0.0,0.0,0.0
26134,middle_active,0,-124,1,364,"(250,500]",515,"[100,1k)",355,250+,968,730+,0,1,19,531,2.0,0,1,34,80,1,3,0,0.0,0.0,0.0,0.0,0.0,0.0
26141,full_active,0,1,1,494,"(250,500]",696,"[100,1k)",154,"[120,250)",2535,730+,0,2,29,909,1.0,0,1,5,270,5,3,0,1.0,0.0,0.0,0.0,0.0,0.0
26144,high_active,0,-124,1,250,"(150,250]",273,"[100,1k)",205,"[120,250)",1271,730+,0,1,0,6,1.0,0,0,13,267,6,3,0,1.0,0.0,0.0,0.0,0.0,0.0
26145,full_active,0,1,1,300,"(250,500]",709,"[100,1k)",249,"[120,250)",1828,730+,0,4,10,501,4.0,0,0,24,235,1,3,0,1.0,0.0,0.0,0.0,0.0,0.0
26149,full_active,0,-124,1,129,"(100,150]",414,"[100,1k)",127,"[120,250)",788,730+,0,1,29,970,1.0,0,1,44,338,5,2,0,1.0,0.0,0.0,0.0,0.0,0.0
26152,full_active,0,-124,1,62,"(50,100]",234,"[100,1k)",57,"[30,60)",872,730+,0,1,2,1161,6.0,0,1,44,147,4,2,2,1.0,0.0,0.0,0.0,0.0,0.0
26153,full_active,0,-124,1,459,"(250,500]",73,"[10,100)",50,"[30,60)",643,366-730,1,4,10,293,1.0,0,1,43,211,1,0,0,1.0,0.0,1.0,0.0,0.0,0.0
26164,high_active,0,-124,1,61,"(50,100]",20,"[10,100)",1,"[1,5)",933,730+,0,3,10,286,1.0,0,1,44,400,5,2,0,1.0,0.0,0.0,0.0,0.0,0.0
26168,high_active,0,-124,1,130,"(100,150]",11,"[10,100)",2,"[1,5)",930,730+,1,5,29,920,1.0,0,0,24,264,4,2,0,0.0,1.0,0.0,0.0,0.0,0.0
26175,full_active,0,-124,1,918,500+,1146,"[1k,5k)",880,250+,683,366-730,1,1,10,80,0.0,0,0,13,267,6,3,0,0.0,0.0,0.0,0.0,0.0,0.0
26178,full_active,0,-124,1,68,"(50,100]",15,"[10,100)",1,"[1,5)",356,181-365,1,1,3,766,3.0,0,1,44,147,4,3,0,0.0,0.0,0.0,0.0,0.0,0.0
26186,full_active,0,-124,1,9,"(0,10]",3,"[1,10)",3,"[1,5)",683,366-730,1,1,2,1207,6.0,0,1,2,399,4,2,2,1.0,0.0,0.0,0.0,0.0,0.0
26188,high_active,0,-124,0,31,"(10,50]",0,0,0,0,152,91-180,0,4,2,1179,2.0,0,0,31,432,4,0,2,1.0,0.0,0.0,0.0,0.0,0.0
26189,full_active,0,-124,1,387,"(250,500]",36,"[10,100)",14,"[5,30)",1016,730+,1,4,19,583,1.0,0,1,43,68,3,3,0,1.0,0.0,0.0,0.0,0.0,0.0
26190,middle_active,0,-124,1,106,"(100,150]",146,"[100,1k)",106,"[60,120)",1127,730+,1,1,2,1177,2.0,0,1,8,344,6,3,2,1.0,0.0,0.0,0.0,0.0,0.0
26192,full_active,0,-124,1,33,"(10,50]",130,"[100,1k)",17,"[5,30)",896,730+,1,2,19,578,1.0,0,1,43,232,3,4,0,1.0,0.0,0.0,0.0,0.0,0.0
26198,full_active,0,-124,1,288,"(250,500]",70,"[10,100)",36,"[30,60)",576,366-730,0,5,2,1152,3.0,0,0,38,139,4,2,2,1.0,0.0,0.0,0.0,0.0,0.0
26199,full_active,0,-124,0,479,"(250,500]",21,"[10,100)",16,"[5,30)",1694,730+,1,4,29,891,1.0,0,1,32,33,2,0,0,1.0,0.0,0.0,0.0,0.0,0.0
26200,full_active,0,-124,0,38,"(10,50]",22,"[10,100)",22,"[5,30)",38,31-60,0,1,29,918,1.0,0,1,18,166,6,0,0,1.0,0.0,1.0,0.0,0.0,0.0
26202,full_active,0,1,1,593,500+,359,"[100,1k)",245,"[120,250)",2007,730+,1,4,19,595,1.0,0,0,14,116,5,2,0,1.0,0.0,0.0,0.0,0.0,0.0
26204,high_active,0,-124,1,121,"(100,150]",13,"[10,100)",5,"[5,30)",186,181-365,1,6,21,677,1.0,0,0,24,410,3,4,0,1.0,0.0,0.0,0.0,0.0,0.0
26225,full_active,0,-124,1,61,"(50,100]",30,"[10,100)",12,"[5,30)",435,366-730,0,1,2,1160,4.0,0,1,44,289,5,3,2,1.0,0.0,0.0,0.0,0.0,0.0
26234,high_active,0,-124,1,88,"(50,100]",10,"[10,100)",3,"[1,5)",125,91-180,1,1,10,100,0.0,0,0,15,109,3,3,0,1.0,1.0,0.0,0.0,0.0,0.0
26239,high_active,0,-124,1,17,"(10,50]",15,"[10,100)",8,"[5,30)",800,730+,0,1,2,1180,4.0,0,1,8,209,6,2,2,1.0,0.0,0.0,0.0,0.0,0.0
26254,full_active,0,-124,1,105,"(100,150]",491,"[100,1k)",104,"[60,120)",1821,730+,0,2,2,1212,8.0,0,1,8,200,5,2,2,1.0,0.0,0.0,0.0,0.0,0.0
26259,full_active,0,1,1,253,"(250,500]",187,"[100,1k)",42,"[30,60)",1613,730+,0,3,2,1171,5.0,0,0,30,368,4,2,2,1.0,0.0,0.0,0.0,0.0,0.0
26260,full_active,0,-124,1,73,"(50,100]",102,"[100,1k)",49,"[30,60)",506,366-730,0,1,2,1159,3.0,0,1,21,157,3,2,2,1.0,0.0,0.0,0.0,0.0,0.0
26261,high_active,0,-124,1,22,"(10,50]",3,"[1,10)",0,0,243,181-365,0,0,19,568,0.0,0,1,9,268,1,0,0,1.0,0.0,0.0,0.0,0.0,0.0
26264,full_active,0,-124,0,0,0,0,0,0,0,380,366-730,1,5,10,1068,1.0,0,1,8,181,2,2,0,0.0,0.0,0.0,0.0,0.0,0.0
26265,full_active,0,-124,1,695,500+,940,"[100,1k)",689,250+,355,181-365,0,4,10,69,1.0,0,0,33,382,3,3,0,0.0,0.0,0.0,0.0,0.0,0.0
26275,full_active,0,-124,1,121,"(100,150]",25,"[10,100)",12,"[5,30)",112,91-180,1,5,31,23,1.0,0,0,38,139,4,2,0,1.0,0.0,1.0,0.0,0.0,0.0
26279,high_active,0,-124,0,22,"(10,50]",8,"[1,10)",8,"[5,30)",1908,730+,1,4,10,339,1.0,0,0,13,20,0,0,0,1.0,0.0,0.0,0.0,0.0,0.0
26288,full_active,0,-124,1,160,"(150,250]",34,"[10,100)",10,"[5,30)",2414,730+,0,3,29,935,3.0,0,1,20,174,5,0,0,1.0,0.0,1.0,0.0,0.0,0.0
26289,full_active,0,1,1,392,"(250,500]",592,"[100,1k)",323,250+,1751,730+,1,1,29,920,1.0,0,1,8,287,2,2,0,0.0,0.0,0.0,0.0,0.0,0.0
26295,full_active,0,-124,1,18,"(10,50]",5,"[1,10)",4,"[1,5)",1767,730+,0,4,19,594,1.0,0,0,24,137,5,2,0,,,,,,
26296,full_active,0,-124,1,842,500+,89,"[10,100)",28,"[5,30)",1926,730+,0,4,2,1162,10.0,0,0,24,45,3,0,1,1.0,0.0,1.0,0.0,0.0,0.0
26305,high_active,0,-124,0,34,"(10,50]",14,"[10,100)",13,"[5,30)",100,91-180,1,1,19,605,1.0,0,1,20,191,5,3,0,1.0,0.0,0.0,0.0,0.0,0.0
26308,full_active,0,1,1,9,"(0,10]",3096,"[1k,5k)",2,"[1,5)",1672,730+,1,3,19,602,2.0,0,1,43,226,1,3,0,0.0,0.0,0.0,0.0,0.0,0.0
26310,high_active,0,1,1,2215,500+,975,"[100,1k)",530,250+,1608,730+,1,4,19,606,1.0,0,1,10,254,3,3,0,1.0,0.0,0.0,0.0,0.0,0.0
26313,full_active,0,-124,1,69,"(50,100]",14,"[10,100)",2,"[1,5)",1933,730+,0,3,2,1152,3.0,0,1,5,95,5,0,2,1.0,0.0,0.0,0.0,0.0,0.0
26314,middle_active,0,-124,1,420,"(250,500]",21,"[10,100)",13,"[5,30)",1558,730+,1,1,15,361,0.0,0,1,43,250,1,3,0,0.0,0.0,0.0,0.0,0.0,0.0
26315,full_active,0,-124,1,129,"(100,150]",169,"[100,1k)",106,"[60,120)",574,366-730,0,1,2,1177,2.0,0,1,18,325,3,2,2,1.0,0.0,0.0,0.0,0.0,0.0
26320,full_active,0,-124,0,73,"(50,100]",1,"[1,10)",0,0,86,61-90,1,0,19,580,1.0,0,0,13,333,6,3,0,0.0,0.0,0.0,0.0,0.0,0.0
26322,full_active,0,1,1,138,"(100,150]",643,"[100,1k)",133,"[120,250)",1536,730+,0,4,19,582,2.0,0,0,38,139,4,2,0,0.0,0.0,0.0,0.0,0.0,0.0
26327,high_active,0,-124,1,524,500+,551,"[100,1k)",474,250+,843,730+,0,1,19,567,0.0,0,0,31,42,6,3,0,1.0,0.0,0.0,0.0,0.0,0.0
26336,full_active,0,-124,1,274,"(250,500]",29,"[10,100)",3,"[1,5)",704,366-730,0,3,29,950,1.0,0,1,44,121,5,2,0,1.0,0.0,0.0,0.0,0.0,0.0
26338,full_active,0,-124,1,146,"(100,150]",59,"[10,100)",5,"[5,30)",1027,730+,1,6,2,1219,2.0,0,0,30,368,4,2,2,1.0,0.0,0.0,0.0,0.0,0.0
26353,high_active,0,-124,1,60,"(50,100]",9,"[1,10)",5,"[5,30)",84,61-90,1,1,10,87,0.0,0,1,18,395,6,4,0,1.0,0.0,0.0,0.0,0.0,0.0
26357,full_active,0,-124,0,28,"(10,50]",11,"[10,100)",0,0,1184,730+,1,3,10,66,3.0,0,1,34,201,4,0,0,1.0,0.0,0.0,0.0,1.0,0.0
26358,full_active,0,-124,1,264,"(250,500]",235,"[100,1k)",139,"[120,250)",1716,730+,1,1,10,238,3.0,0,1,18,196,3,3,0,0.0,0.0,0.0,0.0,0.0,0.0
26374,full_active,0,-124,1,27,"(10,50]",26,"[10,100)",8,"[5,30)",368,366-730,0,1,31,386,1.0,0,0,15,371,3,4,0,0.0,0.0,0.0,0.0,0.0,0.0
26382,full_active,0,-124,1,337,"(250,500]",48,"[10,100)",15,"[5,30)",1775,730+,0,3,29,1297,1.0,0,0,13,392,6,2,0,0.0,1.0,0.0,0.0,0.0,0.0
26385,full_active,0,-124,0,71,"(50,100]",5,"[1,10)",0,0,400,366-730,1,4,2,1125,2.0,0,1,18,413,4,0,1,1.0,0.0,0.0,0.0,0.0,0.0
26386,full_active,0,-124,0,1285,500+,10,"[10,100)",8,"[5,30)",674,366-730,0,0,29,1320,1.0,0,1,17,444,3,3,0,1.0,0.0,0.0,0.0,0.0,0.0
26395,full_active,0,1,1,134,"(100,150]",78,"[10,100)",76,"[60,120)",1947,730+,1,4,10,143,0.0,0,0,31,276,6,4,0,0.0,1.0,0.0,0.0,0.0,0.0
26397,full_active,0,-124,1,72,"(50,100]",55,"[10,100)",29,"[5,30)",1985,730+,1,4,19,606,1.0,0,0,1,82,2,2,0,1.0,0.0,1.0,0.0,0.0,0.0
26418,full_active,0,-124,1,217,"(150,250]",28,"[10,100)",11,"[5,30)",479,366-730,1,1,2,1151,3.0,0,1,8,287,2,2,2,1.0,0.0,0.0,0.0,0.0,0.0
26424,full_active,0,1,1,180,"(150,250]",374,"[100,1k)",179,"[120,250)",1064,730+,0,2,10,841,1.0,0,1,34,423,1,3,0,1.0,0.0,0.0,0.0,0.0,0.0
26427,full_active,0,-124,1,97,"(50,100]",29,"[10,100)",18,"[5,30)",2379,730+,1,4,10,1008,3.0,0,0,15,109,3,3,0,1.0,1.0,0.0,0.0,0.0,0.0
26431,high_active,0,-124,0,108,"(100,150]",30,"[10,100)",26,"[5,30)",257,181-365,0,1,19,568,0.0,0,1,20,191,5,0,0,1.0,0.0,0.0,0.0,0.0,0.0
26442,full_active,0,-124,1,1164,500+,612,"[100,1k)",399,250+,1558,730+,1,5,29,892,0.0,0,1,44,289,5,3,0,1.0,0.0,0.0,0.0,0.0,0.0
26456,high_active,0,-124,1,2597,500+,93,"[10,100)",84,"[60,120)",1565,730+,1,5,10,106,0.0,0,1,32,33,2,2,0,1.0,1.0,1.0,0.0,0.0,0.0
26458,full_active,0,1,1,44,"(10,50]",103,"[100,1k)",24,"[5,30)",2051,730+,1,5,31,419,1.0,0,1,20,191,5,3,0,1.0,0.0,0.0,0.0,0.0,0.0
26483,full_active,0,-124,1,51,"(50,100]",149,"[100,1k)",51,"[30,60)",705,366-730,1,1,2,1161,6.0,0,1,17,365,6,3,2,1.0,0.0,0.0,0.0,0.0,0.0
26490,full_active,0,1,1,237,"(150,250]",169,"[100,1k)",70,"[60,120)",1331,730+,0,5,29,1302,1.0,0,0,33,107,1,3,0,1.0,0.0,0.0,0.0,0.0,0.0
26501,full_active,0,-124,0,28,"(10,50]",10,"[10,100)",2,"[1,5)",2551,730+,1,3,10,765,2.0,0,1,44,147,4,3,0,1.0,0.0,0.0,0.0,0.0,0.0
26511,middle_active,0,1,1,466,"(250,500]",547,"[100,1k)",437,250+,788,730+,0,1,19,597,2.0,0,0,42,115,1,2,0,0.0,0.0,0.0,0.0,0.0,0.0
26517,high_active,0,-124,1,146,"(100,150]",16,"[10,100)",7,"[5,30)",1619,730+,1,2,29,909,1.0,0,1,17,84,3,3,0,1.0,0.0,0.0,0.0,0.0,0.0
26522,full_active,0,-124,1,1,"(0,10]",26,"[10,100)",1,"[1,5)",1955,730+,1,2,29,929,2.0,0,0,30,368,4,2,0,0.0,0.0,0.0,0.0,0.0,0.0
26527,full_active,0,-124,0,49,"(10,50]",0,0,0,0,1533,730+,0,2,10,77,1.0,0,1,8,344,6,0,0,1.0,1.0,1.0,0.0,0.0,0.0
26538,full_active,0,1,1,68,"(50,100]",232,"[100,1k)",67,"[60,120)",1723,730+,0,2,19,569,1.0,0,0,7,77,5,2,0,0.0,0.0,0.0,0.0,0.0,0.0
26540,full_active,0,-124,1,26,"(10,50]",210,"[100,1k)",25,"[5,30)",2031,730+,0,2,19,659,1.0,0,1,9,372,1,3,0,0.0,0.0,0.0,0.0,0.0,0.0
26541,full_active,0,-124,1,130,"(100,150]",173,"[100,1k)",113,"[60,120)",906,730+,0,5,9,296,0.0,0,0,26,38,1,3,0,1.0,0.0,0.0,0.0,0.0,0.0
26552,full_active,0,-124,1,16,"(10,50]",568,"[100,1k)",16,"[5,30)",1224,730+,0,1,2,1165,6.0,0,1,10,451,1,2,2,1.0,0.0,0.0,0.0,0.0,0.0
26560,full_active,0,-124,1,265,"(250,500]",21,"[10,100)",7,"[5,30)",1916,730+,1,4,10,268,3.0,0,1,8,64,5,2,0,1.0,0.0,0.0,0.0,0.0,0.0
26563,full_active,0,-124,1,221,"(150,250]",254,"[100,1k)",197,"[120,250)",578,366-730,0,1,19,583,1.0,0,0,42,50,6,2,0,0.0,0.0,0.0,0.0,0.0,0.0
26564,full_active,0,-124,1,230,"(150,250]",12,"[10,100)",9,"[5,30)",2091,730+,0,3,19,602,2.0,0,0,31,275,5,3,0,1.0,0.0,0.0,0.0,0.0,0.0
26574,high_active,0,1,1,213,"(150,250]",44,"[10,100)",44,"[30,60)",1671,730+,1,3,19,592,1.0,0,1,44,289,5,2,0,1.0,0.0,1.0,0.0,0.0,0.0
26575,full_active,0,-124,0,464,"(250,500]",16,"[10,100)",12,"[5,30)",1727,730+,1,4,19,588,2.0,0,0,19,409,1,0,0,1.0,0.0,0.0,0.0,0.0,0.0
26580,full_active,0,-124,0,22,"(10,50]",0,0,0,0,63,61-90,0,6,2,1162,8.0,0,0,7,77,5,2,2,1.0,0.0,0.0,0.0,0.0,0.0
26590,full_active,0,-124,1,162,"(150,250]",620,"[100,1k)",159,"[120,250)",2092,730+,1,6,2,1153,5.0,0,1,10,254,3,4,2,1.0,0.0,0.0,0.0,0.0,0.0
26594,full_active,0,1,1,886,500+,413,"[100,1k)",327,250+,1703,730+,1,4,29,1299,1.0,0,1,43,230,1,3,0,1.0,0.0,1.0,0.0,0.0,0.0
26602,high_active,0,-124,1,115,"(100,150]",89,"[10,100)",88,"[60,120)",641,366-730,0,1,10,773,0.0,0,0,22,320,1,0,0,,,,,,
26606,full_active,0,1,1,406,"(250,500]",612,"[100,1k)",288,250+,1477,730+,1,2,29,1320,1.0,0,0,42,63,1,2,0,1.0,0.0,0.0,0.0,0.0,0.0
26608,full_active,0,1,1,22,"(10,50]",23,"[10,100)",10,"[5,30)",109,91-180,0,4,10,66,3.0,0,0,13,117,6,2,0,1.0,0.0,0.0,0.0,0.0,0.0
26612,full_active,0,-124,1,53,"(50,100]",167,"[100,1k)",38,"[30,60)",1064,730+,0,2,19,655,1.0,0,1,8,200,5,0,0,1.0,0.0,0.0,0.0,0.0,0.0
26614,high_active,0,-124,1,476,"(250,500]",5,"[1,10)",2,"[1,5)",1787,730+,1,4,10,1105,1.0,0,1,34,388,1,0,0,1.0,0.0,0.0,0.0,0.0,0.0
26626,full_active,0,-124,1,145,"(100,150]",150,"[100,1k)",104,"[60,120)",1947,730+,1,1,31,376,2.0,0,1,8,294,6,3,0,1.0,0.0,0.0,0.0,0.0,0.0
26629,full_active,0,1,1,979,500+,829,"[100,1k)",505,250+,1855,730+,1,4,10,844,1.0,0,0,26,408,6,3,0,1.0,0.0,0.0,0.0,0.0,0.0
26632,full_active,0,-124,0,50,"(10,50]",20,"[10,100)",11,"[5,30)",1714,730+,0,5,10,143,0.0,0,0,31,343,3,4,0,1.0,0.0,0.0,0.0,0.0,0.0
26633,full_active,0,-124,1,383,"(250,500]",571,"[100,1k)",383,250+,343,181-365,0,1,29,932,2.0,0,0,15,93,6,3,0,1.0,0.0,0.0,0.0,0.0,0.0
26634,full_active,0,1,1,324,"(250,500]",655,"[100,1k)",96,"[60,120)",1697,730+,0,3,10,320,6.0,0,0,33,234,1,3,0,1.0,0.0,1.0,0.0,0.0,0.0
26639,full_active,0,-124,1,5,"(0,10]",6,"[1,10)",2,"[1,5)",128,91-180,1,2,19,656,2.0,0,1,8,287,2,2,0,0.0,0.0,0.0,0.0,0.0,0.0
26642,full_active,0,-124,0,216,"(150,250]",2,"[1,10)",0,0,335,181-365,0,6,10,215,1.0,0,0,38,139,4,0,0,1.0,0.0,0.0,0.0,0.0,0.0
26647,full_active,0,-124,1,156,"(150,250]",181,"[100,1k)",145,"[120,250)",64,61-90,1,5,10,836,1.0,0,1,8,287,2,2,0,0.0,0.0,1.0,0.0,1.0,0.0
26653,high_active,0,-124,0,134,"(100,150]",11,"[10,100)",1,"[1,5)",765,730+,0,5,24,789,1.0,0,0,33,41,3,2,0,0.0,0.0,0.0,0.0,0.0,0.0
26683,full_active,0,1,1,55,"(50,100]",141,"[100,1k)",54,"[30,60)",1459,730+,1,2,2,1153,5.0,0,1,2,399,4,2,2,0.0,0.0,0.0,0.0,0.0,0.0
26689,full_active,0,-124,1,123,"(100,150]",217,"[100,1k)",7,"[5,30)",1809,730+,1,2,2,1160,4.0,0,1,2,399,4,2,2,1.0,0.0,0.0,0.0,0.0,0.0
26690,full_active,0,-124,1,231,"(150,250]",31,"[10,100)",19,"[5,30)",1304,730+,1,4,19,623,1.0,0,0,31,305,5,2,0,1.0,0.0,0.0,0.0,0.0,0.0
26701,full_active,0,-124,1,87,"(50,100]",18,"[10,100)",15,"[5,30)",421,366-730,0,1,19,569,1.0,0,1,34,388,1,0,0,0.0,0.0,0.0,0.0,0.0,0.0
26710,full_active,0,-124,1,203,"(150,250]",54,"[10,100)",26,"[5,30)",622,366-730,0,4,2,1169,8.0,0,0,1,82,2,0,2,1.0,0.0,0.0,0.0,0.0,0.0
26711,middle_active,0,-124,1,182,"(150,250]",218,"[100,1k)",142,"[120,250)",292,181-365,0,1,10,109,0.0,0,0,15,214,6,3,0,0.0,0.0,0.0,0.0,0.0,0.0
26719,full_active,0,-124,0,178,"(150,250]",0,0,0,0,417,366-730,1,4,10,118,3.0,0,1,0,102,5,0,0,0.0,0.0,0.0,0.0,1.0,0.0
26720,full_active,0,-124,1,353,"(250,500]",2811,"[1k,5k)",347,250+,1767,730+,0,1,2,1152,4.0,0,1,9,372,1,3,2,1.0,0.0,0.0,0.0,0.0,0.0
26728,full_active,0,-124,0,32,"(10,50]",13,"[10,100)",4,"[1,5)",904,730+,0,4,29,888,2.0,0,0,31,271,6,2,0,0.0,1.0,0.0,0.0,0.0,0.0
26729,full_active,0,-124,0,79,"(50,100]",12,"[10,100)",1,"[1,5)",379,366-730,1,4,29,1402,2.0,0,0,28,367,3,2,0,0.0,0.0,0.0,0.0,0.0,0.0
26737,full_active,0,-124,0,365,"(250,500]",6,"[1,10)",1,"[1,5)",814,730+,0,0,2,1137,3.0,0,1,20,348,4,3,1,1.0,0.0,0.0,0.0,0.0,0.0
26740,full_active,0,-124,1,50,"(10,50]",140,"[100,1k)",33,"[30,60)",1697,730+,0,3,19,623,1.0,0,1,34,80,1,4,0,1.0,0.0,0.0,0.0,0.0,0.0
26741,full_active,0,-124,1,742,500+,1140,"[1k,5k)",719,250+,911,730+,0,2,19,567,0.0,0,1,43,230,1,3,0,1.0,0.0,0.0,0.0,0.0,0.0
26746,full_active,0,-124,0,3,"(0,10]",5,"[1,10)",0,0,666,366-730,1,4,10,238,3.0,0,0,14,135,6,2,0,1.0,0.0,0.0,0.0,0.0,0.0
26762,full_active,0,-124,1,32,"(10,50]",4,"[1,10)",1,"[1,5)",1681,730+,1,4,29,936,1.0,0,0,33,20,0,0,0,1.0,0.0,0.0,0.0,0.0,0.0
26768,full_active,0,-124,1,420,"(250,500]",109,"[100,1k)",93,"[60,120)",1157,730+,1,4,10,79,0.0,0,1,43,211,1,3,0,1.0,0.0,1.0,0.0,0.0,0.0
26770,high_active,0,-124,1,50,"(10,50]",59,"[10,100)",29,"[5,30)",139,91-180,0,0,29,950,1.0,0,1,43,250,1,0,0,1.0,0.0,0.0,0.0,0.0,0.0
26776,high_active,0,-124,0,141,"(100,150]",1,"[1,10)",0,0,455,366-730,1,4,19,620,1.0,0,1,10,373,5,3,0,1.0,1.0,0.0,0.0,0.0,0.0
26781,high_active,0,-124,1,2,"(0,10]",49,"[10,100)",2,"[1,5)",1764,730+,0,3,2,1165,6.0,0,0,1,82,2,2,2,1.0,0.0,0.0,0.0,0.0,0.0
26791,full_active,0,1,1,88,"(50,100]",3800,"[1k,5k)",86,"[60,120)",1578,730+,0,4,29,1400,3.0,0,0,7,427,1,0,0,0.0,0.0,0.0,0.0,0.0,0.0
26801,middle_active,0,1,1,549,500+,40,"[10,100)",17,"[5,30)",2414,730+,1,3,10,1085,1.0,0,1,8,419,3,2,0,1.0,0.0,1.0,0.0,0.0,0.0
26803,high_active,0,1,1,137,"(100,150]",619,"[100,1k)",59,"[30,60)",2654,730+,0,2,2,1158,7.0,0,1,32,33,2,2,2,1.0,0.0,0.0,0.0,0.0,0.0
26812,middle_active,0,-124,1,544,500+,68,"[10,100)",60,"[60,120)",218,181-365,1,1,9,297,1.0,0,1,8,36,4,4,0,1.0,0.0,0.0,0.0,0.0,0.0
26813,full_active,0,-124,0,13,"(10,50]",1,"[1,10)",1,"[1,5)",90,61-90,0,1,29,918,1.0,0,0,31,42,6,3,0,1.0,0.0,0.0,0.0,0.0,0.0
26818,full_active,0,1,1,321,"(250,500]",290,"[100,1k)",134,"[120,250)",1593,730+,1,4,19,634,2.0,0,0,30,251,3,4,0,0.0,0.0,0.0,0.0,0.0,0.0
26824,full_active,0,-124,1,1195,500+,2199,"[1k,5k)",1177,250+,1556,730+,0,1,28,652,,0,1,21,215,1,2,0,1.0,0.0,0.0,0.0,0.0,0.0
26827,low_active,0,-124,1,368,"(250,500]",14,"[10,100)",6,"[5,30)",1648,730+,1,4,19,558,2.0,0,1,20,383,6,3,0,1.0,0.0,0.0,0.0,0.0,0.0
26831,full_active,0,-124,1,707,500+,285,"[100,1k)",223,"[120,250)",1701,730+,0,4,29,942,2.0,0,0,7,77,5,0,0,1.0,0.0,1.0,0.0,0.0,0.0
26832,full_active,0,-124,0,6,"(0,10]",1,"[1,10)",0,0,636,366-730,1,3,2,1160,4.0,0,1,8,294,6,3,2,0.0,0.0,0.0,0.0,0.0,0.0
26842,middle_active,0,-124,0,2,"(0,10]",0,0,0,0,30,15-30,1,1,20,505,1.0,0,1,8,294,6,0,0,,,,,,
26850,full_active,0,1,1,2325,500+,938,"[100,1k)",850,250+,1215,730+,0,2,29,906,1.0,0,0,33,107,1,0,0,1.0,0.0,0.0,0.0,0.0,0.0
26851,full_active,0,-124,1,356,"(250,500]",413,"[100,1k)",247,"[120,250)",1430,730+,1,1,2,1167,9.0,0,1,0,295,6,4,2,1.0,0.0,0.0,0.0,0.0,0.0
26858,full_active,0,-124,1,1511,500+,447,"[100,1k)",426,250+,1373,730+,0,2,27,1011,2.0,0,1,34,80,1,0,0,1.0,0.0,1.0,0.0,0.0,0.0
26863,full_active,0,1,1,363,"(250,500]",77,"[10,100)",69,"[60,120)",57,31-60,1,5,31,363,0.0,0,1,44,238,4,0,0,1.0,1.0,0.0,0.0,0.0,0.0
26878,full_active,0,-124,0,463,"(250,500]",12,"[10,100)",4,"[1,5)",1765,730+,1,4,10,1022,1.0,0,0,31,42,6,4,0,1.0,0.0,0.0,0.0,0.0,0.0
26879,full_active,0,1,1,189,"(150,250]",2492,"[1k,5k)",170,"[120,250)",1690,730+,0,4,29,923,2.0,0,0,31,275,5,2,0,0.0,0.0,0.0,0.0,0.0,0.0
26881,middle_active,0,-124,1,297,"(250,500]",445,"[100,1k)",288,250+,1199,730+,0,1,2,1180,4.0,0,0,14,65,3,3,2,0.0,0.0,0.0,0.0,0.0,0.0
26882,high_active,0,-124,0,465,"(250,500]",8,"[1,10)",7,"[5,30)",365,181-365,0,1,30,948,2.0,0,0,31,143,6,3,0,1.0,0.0,1.0,0.0,0.0,0.0
26887,full_active,0,-124,0,96,"(50,100]",4,"[1,10)",3,"[1,5)",1041,730+,1,3,31,462,3.0,0,1,12,35,1,3,0,0.0,0.0,1.0,0.0,1.0,0.0
26890,full_active,0,1,1,868,500+,4879,"[1k,5k)",822,250+,790,730+,0,4,2,1159,3.0,0,1,8,209,6,3,2,1.0,0.0,0.0,0.0,0.0,0.0
26895,full_active,0,-124,1,1744,500+,22,"[10,100)",7,"[5,30)",1708,730+,0,3,2,1165,6.0,0,1,8,181,2,2,2,1.0,0.0,0.0,0.0,0.0,0.0
26898,full_active,0,-124,1,22,"(10,50]",40,"[10,100)",8,"[5,30)",1510,730+,1,3,2,1160,4.0,0,0,7,138,1,2,2,0.0,0.0,0.0,0.0,0.0,0.0
26903,high_active,0,-124,1,79,"(50,100]",5,"[1,10)",2,"[1,5)",463,366-730,1,3,29,923,2.0,0,0,13,361,1,4,0,1.0,0.0,0.0,0.0,0.0,1.0
26904,full_active,0,-124,0,221,"(150,250]",8,"[1,10)",3,"[1,5)",417,366-730,1,6,19,517,0.0,0,0,22,412,5,2,0,1.0,0.0,0.0,0.0,0.0,0.0
26908,full_active,0,1,1,985,500+,1488,"[1k,5k)",696,250+,1141,730+,0,4,29,923,2.0,0,1,43,20,0,0,0,1.0,0.0,0.0,0.0,0.0,0.0
26911,full_active,0,-124,1,210,"(150,250]",7,"[1,10)",1,"[1,5)",322,181-365,1,2,29,973,1.0,0,0,14,116,5,2,0,1.0,0.0,0.0,0.0,0.0,0.0
26920,full_active,0,1,1,530,500+,628,"[100,1k)",386,250+,1093,730+,1,6,2,1159,3.0,0,0,31,275,5,3,2,1.0,0.0,0.0,0.0,0.0,0.0
26921,full_active,0,-124,1,693,500+,63,"[10,100)",23,"[5,30)",2277,730+,1,5,22,371,1.0,0,0,33,234,1,2,0,1.0,1.0,0.0,0.0,0.0,0.0
26933,full_active,0,1,1,410,"(250,500]",45,"[10,100)",9,"[5,30)",2105,730+,1,3,29,920,1.0,0,0,24,264,4,2,0,0.0,0.0,0.0,0.0,0.0,1.0
26935,high_active,0,-124,0,368,"(250,500]",4,"[1,10)",2,"[1,5)",1168,730+,1,2,2,1160,4.0,0,1,8,262,6,3,2,1.0,0.0,0.0,0.0,0.0,0.0
26938,full_active,0,-124,0,982,500+,15,"[10,100)",3,"[1,5)",846,730+,0,5,10,177,2.0,0,0,1,82,2,2,0,1.0,0.0,0.0,0.0,0.0,0.0
26941,middle_active,0,-124,1,16,"(10,50]",16,"[10,100)",0,0,2225,730+,1,2,9,180,4.0,0,0,22,412,5,2,0,1.0,0.0,1.0,1.0,1.0,0.0
26946,2_14_day_new,0,-124,1,111,"(100,150]",7,"[1,10)",4,"[1,5)",307,181-365,1,2,29,909,1.0,0,1,20,191,5,3,0,1.0,0.0,1.0,0.0,0.0,0.0
26949,high_active,0,-124,0,252,"(250,500]",106,"[100,1k)",47,"[30,60)",1224,730+,1,5,29,1355,0.0,0,0,24,235,1,3,0,0.0,1.0,0.0,0.0,0.0,0.0
26951,high_active,0,-124,1,111,"(100,150]",43,"[10,100)",8,"[5,30)",102,91-180,1,3,10,197,0.0,0,0,30,251,3,3,0,0.0,0.0,0.0,0.0,0.0,0.0
26956,high_active,0,-124,0,78,"(50,100]",17,"[10,100)",15,"[5,30)",327,181-365,0,1,19,570,0.0,0,1,43,232,3,0,0,1.0,0.0,0.0,0.0,0.0,0.0
26957,middle_active,0,-124,1,474,"(250,500]",767,"[100,1k)",447,250+,1186,730+,0,1,10,396,1.0,0,1,17,444,3,2,0,0.0,0.0,0.0,0.0,0.0,0.0
26960,full_active,0,-124,1,383,"(250,500]",47,"[10,100)",14,"[5,30)",1523,730+,1,3,29,941,2.0,0,1,8,434,3,3,0,0.0,0.0,0.0,0.0,0.0,0.0
26966,middle_active,0,-124,1,75,"(50,100]",8,"[1,10)",6,"[5,30)",231,181-365,0,0,29,1334,0.0,0,1,10,451,1,4,0,,,,,,
26969,full_active,0,-124,1,1566,500+,32,"[10,100)",8,"[5,30)",1029,730+,1,5,2,1169,8.0,0,1,43,366,3,3,2,1.0,0.0,0.0,0.0,0.0,0.0
26974,full_active,0,-124,1,1019,500+,243,"[100,1k)",201,"[120,250)",1564,730+,1,4,10,177,2.0,0,0,31,343,3,3,0,1.0,0.0,0.0,0.0,0.0,0.0
26975,full_active,0,-124,0,742,500+,4,"[1,10)",0,0,1275,730+,1,3,2,1210,11.0,0,1,32,33,2,0,2,1.0,0.0,0.0,0.0,0.0,0.0
26976,middle_active,0,-124,1,15,"(10,50]",25,"[10,100)",9,"[5,30)",352,181-365,0,0,19,532,1.0,0,1,8,349,3,3,0,1.0,0.0,0.0,0.0,0.0,0.0
26978,high_active,0,-124,1,81,"(50,100]",42,"[10,100)",12,"[5,30)",841,730+,0,3,10,262,0.0,0,1,43,250,1,3,0,1.0,0.0,1.0,0.0,0.0,0.0
26979,full_active,0,-124,1,986,500+,1058,"[1k,5k)",959,250+,466,366-730,0,1,19,542,2.0,0,0,33,107,1,3,0,1.0,0.0,1.0,0.0,0.0,0.0
26999,high_active,0,-124,0,53,"(50,100]",4,"[1,10)",1,"[1,5)",790,730+,1,4,2,1195,3.0,0,1,20,202,5,0,2,1.0,0.0,0.0,0.0,0.0,0.0
27002,full_active,0,-124,1,246,"(150,250]",442,"[100,1k)",229,"[120,250)",1604,730+,0,2,29,929,2.0,0,0,13,390,3,3,0,0.0,1.0,0.0,0.0,0.0,0.0
27003,high_active,0,-124,1,297,"(250,500]",97,"[10,100)",83,"[60,120)",312,181-365,1,4,19,510,1.0,0,0,42,422,1,3,2,1.0,0.0,0.0,0.0,0.0,0.0
27008,high_active,0,-124,0,50,"(10,50]",3,"[1,10)",1,"[1,5)",543,366-730,1,5,29,1318,1.0,0,0,19,81,6,2,0,0.0,0.0,0.0,0.0,0.0,0.0
27014,high_active,0,-124,1,62,"(50,100]",1,"[1,10)",0,0,450,366-730,1,4,2,1165,6.0,0,1,8,434,3,0,2,,,,,,
27024,high_active,0,-124,1,202,"(150,250]",199,"[100,1k)",131,"[120,250)",1987,730+,0,5,19,570,0.0,0,0,7,190,1,3,0,1.0,0.0,1.0,0.0,0.0,0.0
27027,full_active,0,1,1,143,"(100,150]",234,"[100,1k)",91,"[60,120)",1973,730+,1,2,2,1161,6.0,0,0,28,278,1,4,2,1.0,0.0,0.0,0.0,0.0,0.0
27038,high_active,0,1,1,12,"(10,50]",223,"[100,1k)",10,"[5,30)",1736,730+,1,2,19,623,1.0,0,1,8,181,2,2,2,1.0,0.0,0.0,0.0,0.0,0.0
27040,full_active,0,-124,1,157,"(150,250]",53,"[10,100)",19,"[5,30)",542,366-730,0,4,10,205,2.0,0,0,22,412,5,3,0,1.0,0.0,0.0,0.0,0.0,0.0
27044,high_active,0,-124,0,616,500+,4,"[1,10)",0,0,2379,730+,0,3,2,1207,6.0,0,0,15,394,4,2,2,1.0,0.0,0.0,0.0,0.0,0.0
27046,high_active,0,-124,1,524,500+,26,"[10,100)",19,"[5,30)",1201,730+,0,5,31,1464,0.0,0,0,31,276,6,3,0,0.0,0.0,0.0,0.0,0.0,0.0
27047,middle_active,0,-124,1,431,"(250,500]",474,"[100,1k)",428,250+,626,366-730,0,4,19,632,0.0,0,0,15,214,6,3,0,1.0,0.0,0.0,0.0,0.0,0.0
27055,full_active,0,-124,1,16,"(10,50]",4,"[1,10)",1,"[1,5)",253,181-365,0,1,29,936,1.0,0,1,44,289,5,2,0,0.0,0.0,0.0,0.0,0.0,0.0
27061,full_active,0,-124,1,140,"(100,150]",78,"[10,100)",48,"[30,60)",1103,730+,1,1,34,954,3.0,0,1,0,58,1,3,0,1.0,0.0,0.0,1.0,1.0,1.0
27064,high_active,0,-124,1,223,"(150,250]",284,"[100,1k)",174,"[120,250)",878,730+,0,1,10,716,0.0,0,1,34,80,1,3,0,0.0,0.0,0.0,0.0,0.0,0.0
27067,full_active,0,-124,1,1078,500+,135,"[100,1k)",134,"[120,250)",2174,730+,0,6,31,749,1.0,0,0,13,183,6,4,0,1.0,0.0,0.0,0.0,0.0,0.0
27073,full_active,0,1,1,323,"(250,500]",334,"[100,1k)",284,250+,2109,730+,0,2,2,1160,4.0,0,1,17,253,4,2,2,1.0,0.0,0.0,0.0,0.0,0.0
27079,full_active,0,-124,1,52,"(50,100]",78,"[10,100)",33,"[30,60)",1200,730+,0,3,29,1357,1.0,0,0,13,330,5,0,0,,,,,,
27083,full_active,0,-124,1,126,"(100,150]",53,"[10,100)",29,"[5,30)",1203,730+,1,4,2,1159,3.0,0,1,8,287,2,2,2,1.0,0.0,0.0,0.0,0.0,0.0
27085,high_active,0,1,1,72,"(50,100]",34,"[10,100)",17,"[5,30)",313,181-365,0,2,19,578,1.0,0,1,34,80,1,3,0,,,,,,
27097,high_active,0,-124,0,7,"(0,10]",0,0,0,0,1154,730+,1,4,29,1325,2.0,0,0,31,276,6,3,0,1.0,0.0,0.0,0.0,0.0,0.0
27100,full_active,0,-124,0,293,"(250,500]",14,"[10,100)",6,"[5,30)",805,730+,0,4,29,913,,0,0,7,401,1,2,0,0.0,0.0,0.0,0.0,0.0,0.0
27102,full_active,0,-124,1,4118,500+,43,"[10,100)",29,"[5,30)",1918,730+,1,4,2,1166,8.0,0,0,22,412,5,3,2,1.0,0.0,0.0,0.0,0.0,0.0
27106,full_active,0,1,1,1195,500+,119,"[100,1k)",21,"[5,30)",2346,730+,0,3,2,1165,6.0,0,0,22,123,1,2,2,1.0,1.0,1.0,1.0,0.0,0.0
27108,high_active,0,-124,1,41,"(10,50]",2,"[1,10)",0,0,245,181-365,1,1,29,958,1.0,0,1,32,33,2,3,0,1.0,0.0,0.0,0.0,0.0,0.0
27110,middle_active,0,-124,1,1404,500+,324,"[100,1k)",275,250+,1716,730+,0,1,29,947,1.0,0,1,8,181,2,4,0,1.0,1.0,0.0,0.0,0.0,0.0
27114,full_active,0,-124,0,143,"(100,150]",4,"[1,10)",2,"[1,5)",1387,730+,1,3,20,311,3.0,0,1,0,102,5,0,0,0.0,0.0,0.0,0.0,0.0,0.0
27121,full_active,0,-124,1,117,"(100,150]",0,0,0,0,620,366-730,1,3,2,1160,4.0,0,1,44,121,5,4,2,1.0,0.0,0.0,0.0,0.0,0.0
27126,full_active,0,1,1,263,"(250,500]",294,"[100,1k)",141,"[120,250)",1777,730+,0,5,19,622,1.0,0,0,13,361,1,3,0,1.0,0.0,0.0,0.0,0.0,0.0
27128,full_active,0,-124,1,15,"(10,50]",3,"[1,10)",3,"[1,5)",755,730+,0,1,2,1180,2.0,0,0,15,438,3,4,2,1.0,0.0,0.0,0.0,0.0,0.0
27135,middle_active,0,-124,1,274,"(250,500]",140,"[100,1k)",94,"[60,120)",528,366-730,1,2,29,936,1.0,0,1,8,259,6,4,0,1.0,0.0,0.0,0.0,0.0,0.0
27145,middle_active,0,1,1,574,500+,811,"[100,1k)",564,250+,1731,730+,1,1,2,1153,4.0,0,0,30,368,4,2,2,0.0,0.0,0.0,0.0,0.0,0.0
27146,full_active,0,1,1,103,"(100,150]",121,"[100,1k)",99,"[60,120)",558,366-730,1,5,29,906,1.0,0,0,31,276,6,2,0,1.0,0.0,0.0,0.0,0.0,0.0
27155,full_active,0,-124,0,335,"(250,500]",7,"[1,10)",4,"[1,5)",1300,730+,1,5,10,287,1.0,0,1,9,88,5,2,0,1.0,0.0,0.0,0.0,0.0,0.0
27159,full_active,0,-124,1,948,500+,365,"[100,1k)",240,"[120,250)",524,366-730,0,4,29,890,0.0,0,1,43,230,1,3,0,1.0,0.0,0.0,0.0,0.0,0.0
27161,full_active,0,-124,0,0,0,25,"[10,100)",0,0,957,730+,1,5,48,700,1.0,0,0,19,396,3,3,0,0.0,1.0,0.0,0.0,0.0,0.0
27163,full_active,0,-124,1,132,"(100,150]",174,"[100,1k)",123,"[120,250)",148,91-180,0,1,31,420,1.0,0,0,30,290,3,2,0,1.0,0.0,0.0,0.0,0.0,0.0
27166,middle_active,0,-124,1,194,"(150,250]",230,"[100,1k)",172,"[120,250)",580,366-730,0,6,28,284,,0,1,34,341,6,3,0,1.0,0.0,0.0,0.0,0.0,0.0
27178,full_active,0,-124,0,221,"(150,250]",5,"[1,10)",5,"[5,30)",636,366-730,1,6,10,270,2.0,0,1,44,338,5,0,0,1.0,0.0,0.0,0.0,0.0,0.0
27186,full_active,0,-124,1,92,"(50,100]",800,"[100,1k)",64,"[60,120)",1136,730+,1,1,33,956,2.0,0,0,31,354,3,3,0,1.0,0.0,0.0,1.0,0.0,0.0
27192,full_active,0,-124,0,93,"(50,100]",0,0,0,0,1519,730+,1,4,2,1155,3.0,11,2,106,358,0,0,2,1.0,0.0,0.0,0.0,0.0,0.0
27195,high_active,0,-124,1,52,"(50,100]",4,"[1,10)",0,0,1507,730+,1,4,10,104,0.0,0,1,18,395,6,2,0,1.0,1.0,0.0,0.0,0.0,0.0
27197,full_active,0,1,1,244,"(150,250]",258,"[100,1k)",39,"[30,60)",1254,730+,0,5,29,902,3.0,0,0,13,390,3,3,0,1.0,0.0,0.0,0.0,0.0,0.0
27199,high_active,0,-124,0,64,"(50,100]",1,"[1,10)",0,0,183,181-365,1,0,2,1152,3.0,0,0,30,368,4,2,2,1.0,0.0,0.0,0.0,0.0,0.0
27200,high_active,0,-124,1,228,"(150,250]",21,"[10,100)",12,"[5,30)",2049,730+,1,4,29,1341,1.0,0,0,24,45,3,0,0,1.0,0.0,0.0,0.0,0.0,0.0
27203,full_active,0,-124,1,28,"(10,50]",448,"[100,1k)",1,"[1,5)",1758,730+,0,2,2,1168,7.0,0,1,34,86,3,2,2,1.0,0.0,0.0,0.0,0.0,0.0
27205,high_active,0,-124,1,2472,500+,21,"[10,100)",19,"[5,30)",1670,730+,1,4,10,120,1.0,0,1,43,312,1,3,0,1.0,0.0,1.0,0.0,0.0,0.0
27212,high_active,0,1,1,72,"(50,100]",37,"[10,100)",8,"[5,30)",1454,730+,0,3,19,655,1.0,0,1,43,232,3,0,0,1.0,0.0,0.0,0.0,0.0,0.0
27213,full_active,0,-124,1,210,"(150,250]",29004,"[1w,10w)",30,"[30,60)",973,730+,1,1,28,989,,0,0,13,361,1,4,0,1.0,0.0,1.0,0.0,0.0,0.0
27222,high_active,0,-124,1,355,"(250,500]",12,"[10,100)",12,"[5,30)",350,181-365,0,0,10,106,0.0,0,0,13,267,6,0,0,,,,,,
27223,high_active,0,-124,1,103,"(100,150]",12,"[10,100)",6,"[5,30)",1980,730+,1,5,2,1180,2.0,0,0,13,67,6,0,2,1.0,0.0,0.0,0.0,0.0,0.0
27234,full_active,0,-124,1,25,"(10,50]",14,"[10,100)",5,"[5,30)",1041,730+,0,2,28,995,,0,1,20,286,6,3,0,1.0,0.0,0.0,0.0,0.0,0.0
27240,full_active,0,-124,1,581,500+,251,"[100,1k)",127,"[120,250)",2278,730+,0,2,10,269,2.0,0,0,31,354,3,3,0,1.0,0.0,0.0,0.0,0.0,0.0
27242,full_active,0,-124,1,444,"(250,500]",82,"[10,100)",51,"[30,60)",877,730+,0,4,10,127,2.0,0,0,14,135,6,4,0,1.0,0.0,0.0,0.0,0.0,0.0
27244,full_active,0,-124,0,26,"(10,50]",18,"[10,100)",2,"[1,5)",1693,730+,1,4,10,852,4.0,0,1,32,33,2,2,0,1.0,0.0,0.0,0.0,0.0,0.0
27252,full_active,0,1,1,1193,500+,631,"[100,1k)",420,250+,1789,730+,1,5,10,456,1.0,0,0,14,452,3,3,0,0.0,1.0,0.0,0.0,0.0,0.0
27255,full_active,0,1,1,66,"(50,100]",211,"[100,1k)",26,"[5,30)",2593,730+,0,2,2,1165,6.0,0,0,1,82,2,2,2,1.0,0.0,0.0,0.0,0.0,0.0
27256,full_active,0,-124,0,5,"(0,10]",0,0,0,0,70,61-90,1,4,2,1151,3.0,0,0,31,305,5,0,2,,,,,,
27269,full_active,0,-124,1,34,"(10,50]",15,"[10,100)",1,"[1,5)",1234,730+,1,5,9,134,1.0,0,0,24,433,6,3,0,1.0,0.0,0.0,0.0,0.0,0.0
27271,high_active,0,1,1,558,500+,103,"[100,1k)",68,"[60,120)",2160,730+,1,2,2,1160,4.0,0,1,20,272,6,4,2,0.0,0.0,0.0,0.0,0.0,0.0
27274,full_active,0,-124,0,241,"(150,250]",3,"[1,10)",2,"[1,5)",801,730+,1,5,31,422,3.0,0,0,15,394,4,3,0,0.0,0.0,0.0,0.0,0.0,0.0
27279,full_active,0,1,1,1023,500+,588,"[100,1k)",469,250+,1902,730+,1,5,19,559,2.0,0,0,26,124,1,3,0,0.0,0.0,0.0,0.0,0.0,0.0
27283,full_active,0,-124,1,236,"(150,250]",349,"[100,1k)",221,"[120,250)",1669,730+,0,2,2,1153,5.0,0,1,21,443,3,3,2,1.0,0.0,0.0,0.0,0.0,0.0
